nombre_unidad,razon_social,scian_codigo,scian_descripcion,estrato_personal,municipio,estado,colonia,telefono,www,source_url,source_date,exclusion_anexo_a
1022 IRAPUATO,BIMBO,311811,Panificación industrial,251 y más personas,Irapuato,Guanajuato,GUADALUPE,4626239108,WWW.BIMBO.COM.MX,https://www.inegi.org.mx/contenidos/masiva/denue/denue_11_csv.zip,2026-08-26 (DENUE version 2026-05-20),
4 EVER,,316211,Fabricación de calzado con corte de piel y cuero,101 a 250 personas,León,Guanajuato,LEÓN I,,,https://www.inegi.org.mx/contenidos/masiva/denue/denue_11_csv.zip,2026-08-26 (DENUE version 2026-05-20),
ABUCOMBAL,ABUCOMBAL,316211,Fabricación de calzado con corte de piel y cuero,101 a 250 personas,León,Guanajuato,SAN NICOLAS,,ABUCOMBAL.COM.MX,https://www.inegi.org.mx/contenidos/masiva/denue/denue_11_csv.zip,2026-08-26 (DENUE version 2026-05-20),
AGRIBRANDS PURINA MEXICO PLANTA IRAPUATO,AGRIBRANDS PURINA MEXICO,311110,Elaboración de alimentos para animales,101 a 250 personas,Irapuato,Guanajuato,CIUDAD INDUSTRIAL IRAPUATO,4626068185,WWW.NUTRIMENTOSPURINA.COM,https://www.inegi.org.mx/contenidos/masiva/denue/denue_11_csv.zip,2026-08-26 (DENUE version 2026-05-20),
AGUA CRYSTAL DEL BAJIO,AGUA CRYSTAL DEL BAJIO,312112,Purificación y embotellado de agua,101 a 250 personas,Irapuato,Guanajuato,SANTA ELENA,,WWW.CRYSPURA.COM,https://www.inegi.org.mx/contenidos/masiva/denue/denue_11_csv.zip,2026-08-26 (DENUE version 2026-05-20),
ALBAPESA,ALIMENTOS BALANCEADOS PENJAMO,311110,Elaboración de alimentos para animales,251 y más personas,Pénjamo,Guanajuato,PARQUE INDUSTRIAL,,,https://www.inegi.org.mx/contenidos/masiva/denue/denue_11_csv.zip,2026-08-26 (DENUE version 2026-05-20),
ALFA DRY,ALFAMEX DRY,316110,Curtido y acabado de cuero y piel,101 a 250 personas,León,Guanajuato,INDUSTRIAL SAN CRISPIN,,WWW.ALFADRIVE.MX,https://www.inegi.org.mx/contenidos/masiva/denue/denue_11_csv.zip,2026-08-26 (DENUE version 2026-05-20),
ALFAMEX,BEFAMEX,316110,Curtido y acabado de cuero y piel,101 a 250 personas,León,Guanajuato,INDUSTRIAL SAN CRISPIN,,WWW.ALFAMEX.COM.MX,https://www.inegi.org.mx/contenidos/masiva/denue/denue_11_csv.zip,2026-08-26 (DENUE version 2026-05-20),
ALFREDO SHOES DE MEXICO,ALFREDO SHOES DE MEXICO,316211,Fabricación de calzado con corte de piel y cuero,101 a 250 personas,León,Guanajuato,INDUSTRIAL JULIAN DE OBREGÓN,,WWW.ALFREDOSHOES.COM,https://www.inegi.org.mx/contenidos/masiva/denue/denue_11_csv.zip,2026-08-26 (DENUE version 2026-05-20),
ALIMENTOS SAN MIGUEL,ALIMENTOS SAN MIGUEL,311422,Conservación de frutas y verduras por procesos distintos a la congelación y la deshidratación,251 y más personas,San Miguel de Allende,Guanajuato,LAS ARBOLEDAS,,,https://www.inegi.org.mx/contenidos/masiva/denue/denue_11_csv.zip,2026-08-26 (DENUE version 2026-05-20),
ANGAR EXPORT,ANGAR EXPORT,316211,Fabricación de calzado con corte de piel y cuero,101 a 250 personas,León,Guanajuato,PEÑITAS,,WWW.ANGAREXPORT.COM.MX,https://www.inegi.org.mx/contenidos/masiva/denue/denue_11_csv.zip,2026-08-26 (DENUE version 2026-05-20),
ANGAR EXPORT,ANGAR EXPORT,316211,Fabricación de calzado con corte de piel y cuero,251 y más personas,León,Guanajuato,PEÑITAS,,WWW.ANGAREXPORT.COM.MX,https://www.inegi.org.mx/contenidos/masiva/denue/denue_11_csv.zip,2026-08-26 (DENUE version 2026-05-20),
ARROCERA DEL BAJIO,ARROCERA DEL BAJIO,311211,Beneficio del arroz,101 a 250 personas,Cortazar,Guanajuato,DEL VALLE,,WWW.ARROCERABAJIO.COM.MX,https://www.inegi.org.mx/contenidos/masiva/denue/denue_11_csv.zip,2026-08-26 (DENUE version 2026-05-20),
ARTECHUY,ARTE CHUY,316211,Fabricación de calzado con corte de piel y cuero,101 a 250 personas,León,Guanajuato,PILETAS I Y II,,,https://www.inegi.org.mx/contenidos/masiva/denue/denue_11_csv.zip,2026-08-26 (DENUE version 2026-05-20),
ASHIMORI INDUSTRIA DE MEXICO,ASHIMORI INDUSTRIA DE MEXICO,314912,Confección de productos de textiles recubiertos y de materiales sucedáneos,251 y más personas,Silao de la Victoria,Guanajuato,PUERTO INTERIOR,,,https://www.inegi.org.mx/contenidos/masiva/denue/denue_11_csv.zip,2026-08-26 (DENUE version 2026-05-20),
ATHLETIC FOOTWEAR,ATHLETIC FOOTWEAR,316211,Fabricación de calzado con corte de piel y cuero,101 a 250 personas,Purísima del Rincón,Guanajuato,CENTRO,,,https://www.inegi.org.mx/contenidos/masiva/denue/denue_11_csv.zip,2026-08-26 (DENUE version 2026-05-20),
AZTEXTIL,AZTEXTIL,313210,Fabricación de telas anchas de tejido de trama,101 a 250 personas,Yuriria,Guanajuato,EL GRANJENAL,,WWW.AZTEXTIL.COM,https://www.inegi.org.mx/contenidos/masiva/denue/denue_11_csv.zip,2026-08-26 (DENUE version 2026-05-20),
B&G FOODS MANUFACTURING MEXICO,B&G FOODS,311411,Congelación de frutas y verduras,101 a 250 personas,Irapuato,Guanajuato,ESFUERZO OBRERO,,,https://www.inegi.org.mx/contenidos/masiva/denue/denue_11_csv.zip,2026-08-26 (DENUE version 2026-05-20),
B&G FOODS MANUFACTURING MEXICO,B & G FOODS MANUFACTURING MEXICO,311411,Congelación de frutas y verduras,251 y más personas,Irapuato,Guanajuato,ESFUERZO OBRERO,,,https://www.inegi.org.mx/contenidos/masiva/denue/denue_11_csv.zip,2026-08-26 (DENUE version 2026-05-20),
B&G FOODS MANUFACTURING MEXICO,B & G FOODS MANUFACTURING MEXICO,311411,Congelación de frutas y verduras,251 y más personas,Irapuato,Guanajuato,ESFUERZO OBRERO,,,https://www.inegi.org.mx/contenidos/masiva/denue/denue_11_csv.zip,2026-08-26 (DENUE version 2026-05-20),
BADER DE MÉXICO,BADER DE MEXICO,316110,Curtido y acabado de cuero y piel,251 y más personas,León,Guanajuato,UNIDAD OBRERA,,,https://www.inegi.org.mx/contenidos/masiva/denue/denue_11_csv.zip,2026-08-26 (DENUE version 2026-05-20),
BADER DE MEXICO SIGMA PLANTA 1,BADER DE MEXICO,316110,Curtido y acabado de cuero y piel,251 y más personas,León,Guanajuato,INDUSTRIAL DELTA,,,https://www.inegi.org.mx/contenidos/masiva/denue/denue_11_csv.zip,2026-08-26 (DENUE version 2026-05-20),
BAMBINO,CALZADO BAJA,316211,Fabricación de calzado con corte de piel y cuero,251 y más personas,León,Guanajuato,INDUSTRIAL JULIAN DE OBREGÓN,,WWW.GRUPOBAMBINO.COM.MX,https://www.inegi.org.mx/contenidos/masiva/denue/denue_11_csv.zip,2026-08-26 (DENUE version 2026-05-20),
BARCELO CALCETINES,BARCELO CALCETINES,315121,Fabricación de calcetines y medias de tejido de punto,101 a 250 personas,Valle de Santiago,Guanajuato,ZONA CENTRO,,,https://www.inegi.org.mx/contenidos/masiva/denue/denue_11_csv.zip,2026-08-26 (DENUE version 2026-05-20),
BEDACOM,BEDACOM,311513,Elaboración de derivados y fermentos lácteos,101 a 250 personas,Celaya,Guanajuato,CIUDAD INDUSTRIAL,,,https://www.inegi.org.mx/contenidos/masiva/denue/denue_11_csv.zip,2026-08-26 (DENUE version 2026-05-20),
BLANCOS PILESO,BLANCOS PILESO,314120,"Confección de cortinas, blancos y similares",251 y más personas,León,Guanajuato,PRO. NORTE ECHEVESTE,,WWW.BLANCOSPILESO.COM.MX,https://www.inegi.org.mx/contenidos/masiva/denue/denue_11_csv.zip,2026-08-26 (DENUE version 2026-05-20),
BLUE ARTISAN GROUP DE MEXICO,BLUE ARTISAN GROUP DE MEXICO,316991,"Fabricación de bolsos de mano, maletas y similares",101 a 250 personas,León,Guanajuato,CLUB LOYOLA,,,https://www.inegi.org.mx/contenidos/masiva/denue/denue_11_csv.zip,2026-08-26 (DENUE version 2026-05-20),
BODEGA DE ALFREDO SHOES,PREACABADOS DE ALDROVALVERDE,316211,Fabricación de calzado con corte de piel y cuero,101 a 250 personas,León,Guanajuato,INDUSTRIAL JULIAN DE OBREGÓN,,,https://www.inegi.org.mx/contenidos/masiva/denue/denue_11_csv.zip,2026-08-26 (DENUE version 2026-05-20),
BOTANIMEX,BOTANIMEX,311924,Preparación y envasado de té,101 a 250 personas,Jerécuaro,Guanajuato,LAS CALANDRIAS,,WWW.THERBAL.MX,https://www.inegi.org.mx/contenidos/masiva/denue/denue_11_csv.zip,2026-08-26 (DENUE version 2026-05-20),
BOTAS ARANGO,GRUPO INDUSTRIAL DELEBA,316211,Fabricación de calzado con corte de piel y cuero,101 a 250 personas,León,Guanajuato,INDUSTRIAL JULIAN DE OBREGÓN,,,https://www.inegi.org.mx/contenidos/masiva/denue/denue_11_csv.zip,2026-08-26 (DENUE version 2026-05-20),
BOTAS BERRENDO,CALZADO CHAVITA,316211,Fabricación de calzado con corte de piel y cuero,251 y más personas,León,Guanajuato,INDUSTRIAL BRISAS DEL CAMPO,,WWW.BERRENDO.COM,https://www.inegi.org.mx/contenidos/masiva/denue/denue_11_csv.zip,2026-08-26 (DENUE version 2026-05-20),
BOTAS CABALLO DORADO,MANUFACTURERA VARGAS,316211,Fabricación de calzado con corte de piel y cuero,101 a 250 personas,León,Guanajuato,VALLE DE LEÓN,,WWW.CABALLORADO.COM.MX,https://www.inegi.org.mx/contenidos/masiva/denue/denue_11_csv.zip,2026-08-26 (DENUE version 2026-05-20),
BOTAS CABORCA,BOTAS CABORCA,316211,Fabricación de calzado con corte de piel y cuero,251 y más personas,León,Guanajuato,INDUSTRIAL JULIAN DE OBREGÓN,,WWW.CABORCAGROUP.COM.MX,https://www.inegi.org.mx/contenidos/masiva/denue/denue_11_csv.zip,2026-08-26 (DENUE version 2026-05-20),
BOTAS PISTOLERO,BOTAS PISTOLERO,316211,Fabricación de calzado con corte de piel y cuero,101 a 250 personas,León,Guanajuato,MONTERREY FUTURAMA,,,https://www.inegi.org.mx/contenidos/masiva/denue/denue_11_csv.zip,2026-08-26 (DENUE version 2026-05-20),
BOTAS REYME,REYME EXPORT,316211,Fabricación de calzado con corte de piel y cuero,101 a 250 personas,León,Guanajuato,CENTRO BODEGUERO LAS TROJES (BODEGAS),,WWW.BOTASREYME.INFO,https://www.inegi.org.mx/contenidos/masiva/denue/denue_11_csv.zip,2026-08-26 (DENUE version 2026-05-20),
CACTUS DESERT,INDUSTRIAS JE,316211,Fabricación de calzado con corte de piel y cuero,101 a 250 personas,León,Guanajuato,PRO. COLINA REAL,,,https://www.inegi.org.mx/contenidos/masiva/denue/denue_11_csv.zip,2026-08-26 (DENUE version 2026-05-20),
CALSENSE,CALSENSE,315121,Fabricación de calcetines y medias de tejido de punto,101 a 250 personas,Manuel Doblado,Guanajuato,NINGUNO,,,https://www.inegi.org.mx/contenidos/masiva/denue/denue_11_csv.zip,2026-08-26 (DENUE version 2026-05-20),
CALSENSE,CALSENSE,315121,Fabricación de calcetines y medias de tejido de punto,101 a 250 personas,Purísima del Rincón,Guanajuato,LOS MANANTIALES,4767432645,WWW.CALSENSE.COM,https://www.inegi.org.mx/contenidos/masiva/denue/denue_11_csv.zip,2026-08-26 (DENUE version 2026-05-20),
CALZADO ABBACONFORT DE MEXICO,CALZADO ABBACONFORT DE MEXICO,316211,Fabricación de calzado con corte de piel y cuero,251 y más personas,Manuel Doblado,Guanajuato,MIGUEL HIDALGO,4771310172,,https://www.inegi.org.mx/contenidos/masiva/denue/denue_11_csv.zip,2026-08-26 (DENUE version 2026-05-20),
CALZADO ANDREA,CALZADO ANDREA,316211,Fabricación de calzado con corte de piel y cuero,251 y más personas,León,Guanajuato,INDUSTRIAL JULIAN DE OBREGÓN,,MX.ANDREA.COM,https://www.inegi.org.mx/contenidos/masiva/denue/denue_11_csv.zip,2026-08-26 (DENUE version 2026-05-20),
CALZADO ARETINA,ADVANXE MANUFACTURERA,316211,Fabricación de calzado con corte de piel y cuero,251 y más personas,León,Guanajuato,DESARROLLO BALEARES,,,https://www.inegi.org.mx/contenidos/masiva/denue/denue_11_csv.zip,2026-08-26 (DENUE version 2026-05-20),
CALZADO BLASITO,CALZADO BLASITO,316211,Fabricación de calzado con corte de piel y cuero,101 a 250 personas,León,Guanajuato,PRO. FRACCIONES DE SANTA JULIA,,,https://www.inegi.org.mx/contenidos/masiva/denue/denue_11_csv.zip,2026-08-26 (DENUE version 2026-05-20),
CALZADO BY KAROSSO,MANUFACTURERA DE CALZADO BY KAROSSO,316211,Fabricación de calzado con corte de piel y cuero,101 a 250 personas,San Francisco del Rincón,Guanajuato,CUAUHTEMOC,,,https://www.inegi.org.mx/contenidos/masiva/denue/denue_11_csv.zip,2026-08-26 (DENUE version 2026-05-20),
CALZADO CONDORIN,COMERCIALIZADORA DE CALZADO CONDORIN,316211,Fabricación de calzado con corte de piel y cuero,101 a 250 personas,León,Guanajuato,CAMPESTRE SAN JOSÉ,,,https://www.inegi.org.mx/contenidos/masiva/denue/denue_11_csv.zip,2026-08-26 (DENUE version 2026-05-20),
CALZADO COQUETA,CALZADO COQUETA,316211,Fabricación de calzado con corte de piel y cuero,251 y más personas,León,Guanajuato,CENTRO,,WWW.TIENDA.COQUETAYAUDAZ.COM.MX,https://www.inegi.org.mx/contenidos/masiva/denue/denue_11_csv.zip,2026-08-26 (DENUE version 2026-05-20),
CALZADO ELEFANTE,FABRICA DE CALZADO PLASCENCIA,316211,Fabricación de calzado con corte de piel y cuero,251 y más personas,León,Guanajuato,SAN NICOLAS,,WWW.ELEFANTE.COM.MX,https://www.inegi.org.mx/contenidos/masiva/denue/denue_11_csv.zip,2026-08-26 (DENUE version 2026-05-20),
CALZADO ENSUEÑO,MANUFACTURERA DE CALZADO ENSUEÑO,316211,Fabricación de calzado con corte de piel y cuero,101 a 250 personas,León,Guanajuato,INDUSTRIAL DELTA,,,https://www.inegi.org.mx/contenidos/masiva/denue/denue_11_csv.zip,2026-08-26 (DENUE version 2026-05-20),
CALZADO FISH,DISEÑO EN CALZADO DE LEON,316211,Fabricación de calzado con corte de piel y cuero,251 y más personas,León,Guanajuato,INDUSTRIAL LA CAPILLA,,WWW.CALZADOFISH.COM,https://www.inegi.org.mx/contenidos/masiva/denue/denue_11_csv.zip,2026-08-26 (DENUE version 2026-05-20),
CALZADO FROA,CALZADO FROAA,316211,Fabricación de calzado con corte de piel y cuero,101 a 250 personas,León,Guanajuato,CIRCUITO PASEO DELAS MAGNOLIAS,4777192540,,https://www.inegi.org.mx/contenidos/masiva/denue/denue_11_csv.zip,2026-08-26 (DENUE version 2026-05-20),
CALZADO JENNY,,316211,Fabricación de calzado con corte de piel y cuero,101 a 250 personas,León,Guanajuato,CENTRO BODEGUERO LAS TROJES (BODEGAS),,,https://www.inegi.org.mx/contenidos/masiva/denue/denue_11_csv.zip,2026-08-26 (DENUE version 2026-05-20),
CALZADO LOBO,CALZADO LOBO,316211,Fabricación de calzado con corte de piel y cuero,101 a 250 personas,León,Guanajuato,LA LUZ,,,https://www.inegi.org.mx/contenidos/masiva/denue/denue_11_csv.zip,2026-08-26 (DENUE version 2026-05-20),
CALZADO MG,CALZADO MG,316211,Fabricación de calzado con corte de piel y cuero,101 a 250 personas,León,Guanajuato,SAN MIGUEL,,,https://www.inegi.org.mx/contenidos/masiva/denue/denue_11_csv.zip,2026-08-26 (DENUE version 2026-05-20),
CALZADO MI LORD,CALZADO MI LORD,316212,Fabricación de calzado con corte de tela,251 y más personas,Purísima del Rincón,Guanajuato,LOS VENEROS,,TOPMODABYMILORD.COM,https://www.inegi.org.mx/contenidos/masiva/denue/denue_11_csv.zip,2026-08-26 (DENUE version 2026-05-20),
CALZADO MILAGROS,MANUFACTURERA SOTO,316211,Fabricación de calzado con corte de piel y cuero,101 a 250 personas,León,Guanajuato,SAN PEDRO DE LOS HERNANDEZ,4775972939,,https://www.inegi.org.mx/contenidos/masiva/denue/denue_11_csv.zip,2026-08-26 (DENUE version 2026-05-20),
CALZADO MINI BURBUJAS,CALZADO MINI BURBUJAS,316211,Fabricación de calzado con corte de piel y cuero,101 a 250 personas,León,Guanajuato,DE GUADALUPE,4773724073,WWW.MINIBURBUJAS.COM,https://www.inegi.org.mx/contenidos/masiva/denue/denue_11_csv.zip,2026-08-26 (DENUE version 2026-05-20),
CALZADO MINI VIC,GRUPO ZAPATERO MEDINA,316211,Fabricación de calzado con corte de piel y cuero,101 a 250 personas,León,Guanajuato,HIDALGO,,,https://www.inegi.org.mx/contenidos/masiva/denue/denue_11_csv.zip,2026-08-26 (DENUE version 2026-05-20),
CALZADO NEGRO TOTAL,,316211,Fabricación de calzado con corte de piel y cuero,101 a 250 personas,León,Guanajuato,PRESIDENTES DE MEXICO,,,https://www.inegi.org.mx/contenidos/masiva/denue/denue_11_csv.zip,2026-08-26 (DENUE version 2026-05-20),
CALZADO NEGRO TOTAL,,316211,Fabricación de calzado con corte de piel y cuero,101 a 250 personas,León,Guanajuato,PRESIDENTES DE MEXICO,,,https://www.inegi.org.mx/contenidos/masiva/denue/denue_11_csv.zip,2026-08-26 (DENUE version 2026-05-20),
CALZADO PAZSTOR MANUFACTURERA DE CALZADO MI PAZSTOR,CALZADO PAZSTOR MANUFACTURERA DE CALZADO MI PAZSTOR,316211,Fabricación de calzado con corte de piel y cuero,101 a 250 personas,Manuel Doblado,Guanajuato,LA CAYETANA,,,https://www.inegi.org.mx/contenidos/masiva/denue/denue_11_csv.zip,2026-08-26 (DENUE version 2026-05-20),
CALZADO PERUGIA,DISTRIBUIDORA PERUGIA,316211,Fabricación de calzado con corte de piel y cuero,251 y más personas,León,Guanajuato,EYUPOL,,WWW.PERUGIA.COM,https://www.inegi.org.mx/contenidos/masiva/denue/denue_11_csv.zip,2026-08-26 (DENUE version 2026-05-20),
CALZADO SALAMANDRA,,316211,Fabricación de calzado con corte de piel y cuero,251 y más personas,León,Guanajuato,JARDINES DEL SOL,,WWW.SALAMANDRA.COM.MX,https://www.inegi.org.mx/contenidos/masiva/denue/denue_11_csv.zip,2026-08-26 (DENUE version 2026-05-20),
CALZADO SPIRIT 2000,CALZADO SPIRIT 2000,316211,Fabricación de calzado con corte de piel y cuero,101 a 250 personas,Cuerámaro,Guanajuato,LA BATALLA,,,https://www.inegi.org.mx/contenidos/masiva/denue/denue_11_csv.zip,2026-08-26 (DENUE version 2026-05-20),
CALZADO TROPICANA,CALZADO GRISMAR,316213,Fabricación de calzado de plástico,251 y más personas,León,Guanajuato,CIUDAD INDUSTRIAL,,,https://www.inegi.org.mx/contenidos/masiva/denue/denue_11_csv.zip,2026-08-26 (DENUE version 2026-05-20),
CALZADO TUXWUA,CALZADO TUXUWUA,316211,Fabricación de calzado con corte de piel y cuero,101 a 250 personas,León,Guanajuato,SAN MIGUEL,4776433256,,https://www.inegi.org.mx/contenidos/masiva/denue/denue_11_csv.zip,2026-08-26 (DENUE version 2026-05-20),
CALZADO VELMAR,CALZADO VELMAR,316211,Fabricación de calzado con corte de piel y cuero,101 a 250 personas,León,Guanajuato,CIUDAD INDUSTRIAL,,WWW.BIGAPPEL.COM.MX,https://www.inegi.org.mx/contenidos/masiva/denue/denue_11_csv.zip,2026-08-26 (DENUE version 2026-05-20),
CALZADO VENTO,FOOTWEAR CRAFTER,316211,Fabricación de calzado con corte de piel y cuero,101 a 250 personas,León,Guanajuato,CIUDAD SATÉLITE,,,https://www.inegi.org.mx/contenidos/masiva/denue/denue_11_csv.zip,2026-08-26 (DENUE version 2026-05-20),
CALZADO VIALI,CALZADO VIALI,316211,Fabricación de calzado con corte de piel y cuero,101 a 250 personas,León,Guanajuato,OBREGÓN,,WWW.CALZADOVIALI.COM.MX,https://www.inegi.org.mx/contenidos/masiva/denue/denue_11_csv.zip,2026-08-26 (DENUE version 2026-05-20),
CAROLINA PERFORMANCE FABRICS,CAROLINA PERFORMANCE FABRICS,313210,Fabricación de telas anchas de tejido de trama,251 y más personas,Salvatierra,Guanajuato,CENTRO,,WWW.GRUPOCAROLINA.COM-MX,https://www.inegi.org.mx/contenidos/masiva/denue/denue_11_csv.zip,2026-08-26 (DENUE version 2026-05-20),
CARTIGLIANO DE MEXICO,CARTIGLIANO DE MEXICO,316110,Curtido y acabado de cuero y piel,101 a 250 personas,León,Guanajuato,INDUSTRIAL PAMPLONA,,,https://www.inegi.org.mx/contenidos/masiva/denue/denue_11_csv.zip,2026-08-26 (DENUE version 2026-05-20),
CENTRAL INDUSTRIALIZADORA DE CÁRNICOS DEL BAJÍO,CENTRAL INDUSTRIALIZADORA DE CARNICOS DEL BAJIO,311611,"Matanza de ganado, aves y otros animales comestibles",251 y más personas,Pénjamo,Guanajuato,PALO ALTO DE ABAJO,,WWW.GRANJEROFELIZ.COM,https://www.inegi.org.mx/contenidos/masiva/denue/denue_11_csv.zip,2026-08-26 (DENUE version 2026-05-20),
CEREALES Y PASTAS,CEREALES Y PASTAS,311230,Elaboración de cereales para el desayuno,251 y más personas,Celaya,Guanajuato,CIUDAD INDUSTRIAL,,,https://www.inegi.org.mx/contenidos/masiva/denue/denue_11_csv.zip,2026-08-26 (DENUE version 2026-05-20),
CHAMPIÑONES SAN MIGUEL,CHAMPIÑONES SAN MIGUEL,311422,Conservación de frutas y verduras por procesos distintos a la congelación y la deshidratación,251 y más personas,San Miguel de Allende,Guanajuato,LAS ARBOLEDAS,,WWW.CHAMPINONESSANMIGUEL.COM.MX,https://www.inegi.org.mx/contenidos/masiva/denue/denue_11_csv.zip,2026-08-26 (DENUE version 2026-05-20),
CHRISTIAN GALLERY,AMO LA MODA,316211,Fabricación de calzado con corte de piel y cuero,251 y más personas,León,Guanajuato,PRO. NORTE SAN ISIDRO,,,https://www.inegi.org.mx/contenidos/masiva/denue/denue_11_csv.zip,2026-08-26 (DENUE version 2026-05-20),
CLIFF AND COMPANY,CLIFF AND COMPANY,316211,Fabricación de calzado con corte de piel y cuero,101 a 250 personas,Purísima del Rincón,Guanajuato,JARDINES DE PURISIMA,4761231752,WWW.CLIFF.COM.MX,https://www.inegi.org.mx/contenidos/masiva/denue/denue_11_csv.zip,2026-08-26 (DENUE version 2026-05-20),
COLOR IN,INDUSTRIAS COLOR IN,316211,Fabricación de calzado con corte de piel y cuero,101 a 250 personas,León,Guanajuato,INDUSTRIAL JULIAN DE OBREGÓN,,,https://www.inegi.org.mx/contenidos/masiva/denue/denue_11_csv.zip,2026-08-26 (DENUE version 2026-05-20),
COMANDO,COMANDO,316213,Fabricación de calzado de plástico,251 y más personas,León,Guanajuato,SAN JUAN DE DIOS,,,https://www.inegi.org.mx/contenidos/masiva/denue/denue_11_csv.zip,2026-08-26 (DENUE version 2026-05-20),
COMERCIALIZADORA COLORADO 5280,COMERCIALIZADORA COLORADO 5280,316211,Fabricación de calzado con corte de piel y cuero,101 a 250 personas,León,Guanajuato,INDUSTRIAL JULIAN DE OBREGÓN,4771145705,,https://www.inegi.org.mx/contenidos/masiva/denue/denue_11_csv.zip,2026-08-26 (DENUE version 2026-05-20),
COMERCIALIZADORA COLOSO,COMERCIALIZADORA COLOSO,316211,Fabricación de calzado con corte de piel y cuero,101 a 250 personas,León,Guanajuato,INDUSTRIAL JULIAN DE OBREGÓN,,WWW.COLOSO.COM.MX,https://www.inegi.org.mx/contenidos/masiva/denue/denue_11_csv.zip,2026-08-26 (DENUE version 2026-05-20),
COMERCIALIZADORA DE LACTEOS Y DERIVADOS,COMERCIALIZADORA DE LACTEOS Y DERIVADOS,311511,Elaboración de leche líquida,251 y más personas,Irapuato,Guanajuato,CIUDAD INDUSTRIAL IRAPUATO,,WWW.INTRANETLALA.COM,https://www.inegi.org.mx/contenidos/masiva/denue/denue_11_csv.zip,2026-08-26 (DENUE version 2026-05-20),
COMERCIALIZADORA WATSON,DESARROLLO Y DISEÑO DE CALZADO DE VANGUARDIA,316211,Fabricación de calzado con corte de piel y cuero,251 y más personas,León,Guanajuato,INDUSTRIAL JULIAN DE OBREGÓN,,,https://www.inegi.org.mx/contenidos/masiva/denue/denue_11_csv.zip,2026-08-26 (DENUE version 2026-05-20),
COMPAÑIA MANUFACTURERA ASTURIAS,COMPAÑIA MANUFACTURERA ASTURIAS,311222,Elaboración de aceites y grasas vegetales comestibles,251 y más personas,Celaya,Guanajuato,SAN ISIDRO DE LA CONCEPCIÓN,,,https://www.inegi.org.mx/contenidos/masiva/denue/denue_11_csv.zip,2026-08-26 (DENUE version 2026-05-20),
CONAGRA FOODS MEXICO,CONAGRA FOODS MEXICO,311422,Conservación de frutas y verduras por procesos distintos a la congelación y la deshidratación,251 y más personas,Irapuato,Guanajuato,ESFUERZO OBRERO,,WWW.CONAGRABRANDS.COM,https://www.inegi.org.mx/contenidos/masiva/denue/denue_11_csv.zip,2026-08-26 (DENUE version 2026-05-20),
CONCURMEX,CONCURMEX,316110,Curtido y acabado de cuero y piel,101 a 250 personas,León,Guanajuato,SAN AGUSTÍN,,WWW.CONCURMEX.COM,https://www.inegi.org.mx/contenidos/masiva/denue/denue_11_csv.zip,2026-08-26 (DENUE version 2026-05-20),
CONFECCIONES MODA PIEL,CONFECCIONES MODA PIEL,315210,"Confección de prendas de vestir de cuero, piel y de materiales sucedáneos",101 a 250 personas,León,Guanajuato,SAN NICOLAS,,WWW.MODAPIEL.COM,https://www.inegi.org.mx/contenidos/masiva/denue/denue_11_csv.zip,2026-08-26 (DENUE version 2026-05-20),
CONGELADORA NIÑO,CONGELADORA NIÑO,311411,Congelación de frutas y verduras,251 y más personas,Irapuato,Guanajuato,LAS CARMELITAS,,,https://www.inegi.org.mx/contenidos/masiva/denue/denue_11_csv.zip,2026-08-26 (DENUE version 2026-05-20),
CONGELADOS LA HACIENDA,CONGELADOS LA HACIENDA,311411,Congelación de frutas y verduras,101 a 250 personas,Silao de la Victoria,Guanajuato,CHICHIMEQUILLAS,,,https://www.inegi.org.mx/contenidos/masiva/denue/denue_11_csv.zip,2026-08-26 (DENUE version 2026-05-20),
CORPORATIVO MANUFACTURERO DE CALZADO ARIES,CORPORATIVO MANUFACTURERO DE CALZADO ARIES,316211,Fabricación de calzado con corte de piel y cuero,251 y más personas,León,Guanajuato,SAN MANUEL,,,https://www.inegi.org.mx/contenidos/masiva/denue/denue_11_csv.zip,2026-08-26 (DENUE version 2026-05-20),
CORTES PARA CALZADO,CORTES PARA CALZADO,316213,Fabricación de calzado de plástico,101 a 250 personas,San Francisco del Rincón,Guanajuato,DE GUADALUPE,,,https://www.inegi.org.mx/contenidos/masiva/denue/denue_11_csv.zip,2026-08-26 (DENUE version 2026-05-20),
COTEXCA,COTEXCA,313320,Fabricación de telas recubiertas,101 a 250 personas,León,Guanajuato,LOS ARCOS,,,https://www.inegi.org.mx/contenidos/masiva/denue/denue_11_csv.zip,2026-08-26 (DENUE version 2026-05-20),
COVEMEX,COVEMEX,311411,Congelación de frutas y verduras,251 y más personas,Apaseo el Grande,Guanajuato,RANCHO NUEVO,,WWW.COVEMEX.COM,https://www.inegi.org.mx/contenidos/masiva/denue/denue_11_csv.zip,2026-08-26 (DENUE version 2026-05-20),
CUANDA,CUANDA,311340,"Elaboración de dulces, chicles y productos de confitería que no sean de chocolate",251 y más personas,Santa Cruz de Juventino Rosas,Guanajuato,SAN ANTONIO DE ROMERILLO,,WWW.CUANDA.COM.MX,https://www.inegi.org.mx/contenidos/masiva/denue/denue_11_csv.zip,2026-08-26 (DENUE version 2026-05-20),
CUERO CENTRO,CUERO CENTRO,316110,Curtido y acabado de cuero y piel,251 y más personas,León,Guanajuato,MONTE DE CRISTO,,,https://www.inegi.org.mx/contenidos/masiva/denue/denue_11_csv.zip,2026-08-26 (DENUE version 2026-05-20),
CUEROMEX WET BLUE,CUEROMEX WET BLUE,316110,Curtido y acabado de cuero y piel,101 a 250 personas,León,Guanajuato,INDUSTRIAL SAN CRISPIN,,WWW.CUEROMEX.COM,https://www.inegi.org.mx/contenidos/masiva/denue/denue_11_csv.zip,2026-08-26 (DENUE version 2026-05-20),
CURFIMEX,CURFIMEX,316110,Curtido y acabado de cuero y piel,101 a 250 personas,León,Guanajuato,PARQUE INDUSTRIAL ECOLÓGICO DE LEÓN,,WWW.CURFIMEX.MX,https://www.inegi.org.mx/contenidos/masiva/denue/denue_11_csv.zip,2026-08-26 (DENUE version 2026-05-20),
CURFIMEX,CURFIMEX,316110,Curtido y acabado de cuero y piel,101 a 250 personas,León,Guanajuato,PARQUE INDUSTRIAL ECOLÓGICO DE LEÓN,4771204073,,https://www.inegi.org.mx/contenidos/masiva/denue/denue_11_csv.zip,2026-08-26 (DENUE version 2026-05-20),
CURTIDOS Y ACABADOS KODIAK,CURTIDOS Y ACABADOS KODIAK,316110,Curtido y acabado de cuero y piel,101 a 250 personas,León,Guanajuato,INDUSTRIAL SANTA CROCCE,,,https://www.inegi.org.mx/contenidos/masiva/denue/denue_11_csv.zip,2026-08-26 (DENUE version 2026-05-20),
CYM DEL BAJIO,CYM DEL BAJIO,316211,Fabricación de calzado con corte de piel y cuero,251 y más personas,León,Guanajuato,POLÍGONO INDUSTRIAL MILENIO,4779147864,,https://www.inegi.org.mx/contenidos/masiva/denue/denue_11_csv.zip,2026-08-26 (DENUE version 2026-05-20),
DELTA EXPENDIO SANTA ANA 1,INDUSTRIALIZADORA DE PORCINOS DELTA,311611,"Matanza de ganado, aves y otros animales comestibles",101 a 250 personas,Pénjamo,Guanajuato,SANTA ANA PACUECO,,,https://www.inegi.org.mx/contenidos/masiva/denue/denue_11_csv.zip,2026-08-26 (DENUE version 2026-05-20),
DEPORTIVOS LASER,,316212,Fabricación de calzado con corte de tela,101 a 250 personas,Purísima del Rincón,Guanajuato,MONTE GRANDE,,,https://www.inegi.org.mx/contenidos/masiva/denue/denue_11_csv.zip,2026-08-26 (DENUE version 2026-05-20),
DERIVADOS DE LECHE LA ESMERALDA,DERIVADOS DE LECHE LA ESMERALDA,311513,Elaboración de derivados y fermentos lácteos,251 y más personas,San Miguel de Allende,Guanajuato,DE LA ESTACIÓN,4425952101,WWW.LAESMERALDA,https://www.inegi.org.mx/contenidos/masiva/denue/denue_11_csv.zip,2026-08-26 (DENUE version 2026-05-20),
DOONEY & BOURKE MEXICANA,DOONEY & BOURKE MEXICANA,316991,"Fabricación de bolsos de mano, maletas y similares",251 y más personas,León,Guanajuato,POMPA,,,https://www.inegi.org.mx/contenidos/masiva/denue/denue_11_csv.zip,2026-08-26 (DENUE version 2026-05-20),
EDP PLANTA IRAPUATO DANONE,DANONE DE MEXICO,311513,Elaboración de derivados y fermentos lácteos,251 y más personas,Irapuato,Guanajuato,CIUDAD INDUSTRIAL,,WWW.GRUPODANONE.COM.MX,https://www.inegi.org.mx/contenidos/masiva/denue/denue_11_csv.zip,2026-08-26 (DENUE version 2026-05-20),
EKZOTIKART,EKZOTIKART,316999,"Fabricación de otros productos de cuero, piel y materiales sucedáneos",101 a 250 personas,León,Guanajuato,CIUDAD INDUSTRIAL,,,https://www.inegi.org.mx/contenidos/masiva/denue/denue_11_csv.zip,2026-08-26 (DENUE version 2026-05-20),
ELABORACION DE TORTILLAS,PANIFICADORA DON BIZCOCHO,311813,Elaboración de tortillas de harina de trigo de forma tradicional,101 a 250 personas,Dolores Hidalgo Cuna de la Independencia Nacional,Guanajuato,GRANJAS DE LOMA ALTA,,WWW.DONBIZCOCHO.COM.MX,https://www.inegi.org.mx/contenidos/masiva/denue/denue_11_csv.zip,2026-08-26 (DENUE version 2026-05-20),
EMPACADORA CELAYA,EMPACADORA CELAYA,311613,"Preparación de embutidos y otras conservas de carne de ganado, aves y otros animales comestibles",251 y más personas,Celaya,Guanajuato,CIUDAD INDUSTRIAL,,,https://www.inegi.org.mx/contenidos/masiva/denue/denue_11_csv.zip,2026-08-26 (DENUE version 2026-05-20),
ENVASADORA DE AGUAS EN MEXICO IRAPUATO PLANTA,ENVASADORA DE AGUAS EN MEXICO,312112,Purificación y embotellado de agua,101 a 250 personas,Irapuato,Guanajuato,PLAN GUANAJUATO,,WWW.BONAFONT.COM.MX,https://www.inegi.org.mx/contenidos/masiva/denue/denue_11_csv.zip,2026-08-26 (DENUE version 2026-05-20),
ENVASADORA DE AGUAS EN MEXICO LEON GUANAJUATO PLANTA,ENVASADORA DE AGUAS EN MEXICO,312112,Purificación y embotellado de agua,251 y más personas,León,Guanajuato,DEL PREDIO LOS NARANJOS,,WWW.BONAFONT.COM.MX,https://www.inegi.org.mx/contenidos/masiva/denue/denue_11_csv.zip,2026-08-26 (DENUE version 2026-05-20),
ESPECIALISTAS DE BOTAS ROPER,ESPECIALISTAS EN BOTAS ROPER,316211,Fabricación de calzado con corte de piel y cuero,101 a 250 personas,León,Guanajuato,DESARROLLO BALEARES,,WWW.ANGUSBOOTS.COM,https://www.inegi.org.mx/contenidos/masiva/denue/denue_11_csv.zip,2026-08-26 (DENUE version 2026-05-20),
ESPECIALISTAS EN TENDENCIAS,ESPECIALISTAS EN TENDENCIAS,316211,Fabricación de calzado con corte de piel y cuero,101 a 250 personas,León,Guanajuato,SAN MIGUEL,,,https://www.inegi.org.mx/contenidos/masiva/denue/denue_11_csv.zip,2026-08-26 (DENUE version 2026-05-20),
EUROAMERICANA,EUROAMERICANA,316211,Fabricación de calzado con corte de piel y cuero,251 y más personas,León,Guanajuato,JULIAN DE OBREGON,,,https://www.inegi.org.mx/contenidos/masiva/denue/denue_11_csv.zip,2026-08-26 (DENUE version 2026-05-20),
EUROAMERICANA DE CALZADO,EUROAMERICANA DE CALZADO,316211,Fabricación de calzado con corte de piel y cuero,251 y más personas,León,Guanajuato,INDUSTRIAL JULIAN DE OBREGÓN,,WWW.EUROAMERICANA.COM.MX,https://www.inegi.org.mx/contenidos/masiva/denue/denue_11_csv.zip,2026-08-26 (DENUE version 2026-05-20),
EVA GREEN,EVA GREEN,316214,Fabricación de calzado de hule,101 a 250 personas,León,Guanajuato,INDUSTRIAL LA POMPA,,,https://www.inegi.org.mx/contenidos/masiva/denue/denue_11_csv.zip,2026-08-26 (DENUE version 2026-05-20),
EVA MUNDO,EVA MUNDO,316212,Fabricación de calzado con corte de tela,101 a 250 personas,León,Guanajuato,INDUSTRIAL LA POMPA,,,https://www.inegi.org.mx/contenidos/masiva/denue/denue_11_csv.zip,2026-08-26 (DENUE version 2026-05-20),
EXPOR SAN ANTONIO,EXPOR SAN ANTONIO,311411,Congelación de frutas y verduras,251 y más personas,Villagrán,Guanajuato,FRACCION LOS ORGANOS,,WWW.ESA.COM.MX,https://www.inegi.org.mx/contenidos/masiva/denue/denue_11_csv.zip,2026-08-26 (DENUE version 2026-05-20),
FABRICA DE ALTA CALIDAD,FABRICA DE ALTA CALIDAD,316211,Fabricación de calzado con corte de piel y cuero,251 y más personas,León,Guanajuato,INDUSTRIAL DELTA,,,https://www.inegi.org.mx/contenidos/masiva/denue/denue_11_csv.zip,2026-08-26 (DENUE version 2026-05-20),
FABRICA DE BOTA RIO GRANDE,MANUFACTURERA MURO,316211,Fabricación de calzado con corte de piel y cuero,251 y más personas,León,Guanajuato,INDUSTRIAL DELTA,,WWW.RIOGRANDE.COM.MX,https://www.inegi.org.mx/contenidos/masiva/denue/denue_11_csv.zip,2026-08-26 (DENUE version 2026-05-20),
FABRICA DE BOTA VAQUERA LONGVIEW MANUFACTURING,LONGVIEW FACTURING,316211,Fabricación de calzado con corte de piel y cuero,251 y más personas,León,Guanajuato,PRO. FRACCIONES DE SANTA JULIA,,,https://www.inegi.org.mx/contenidos/masiva/denue/denue_11_csv.zip,2026-08-26 (DENUE version 2026-05-20),
FABRICA DE BOTAS VAQUERAS ARANGO,,316211,Fabricación de calzado con corte de piel y cuero,101 a 250 personas,León,Guanajuato,INDUSTRIAL JULIAN DE OBREGÓN,,,https://www.inegi.org.mx/contenidos/masiva/denue/denue_11_csv.zip,2026-08-26 (DENUE version 2026-05-20),
FABRICA DE BOTAS VAQUERAS BRACCIANO COLEZIONE,PRODUCTORA CENTRO CALZA,316211,Fabricación de calzado con corte de piel y cuero,101 a 250 personas,León,Guanajuato,CIRCUITO PASEO DELAS MAGNOLIAS,,,https://www.inegi.org.mx/contenidos/masiva/denue/denue_11_csv.zip,2026-08-26 (DENUE version 2026-05-20),
FABRICA DE BOTAS VAQUERAS FORMIGUER,FORMIGUER,316211,Fabricación de calzado con corte de piel y cuero,101 a 250 personas,León,Guanajuato,INDUSTRIAL JULIAN DE OBREGÓN,,,https://www.inegi.org.mx/contenidos/masiva/denue/denue_11_csv.zip,2026-08-26 (DENUE version 2026-05-20),
FABRICA DE CALZADO BANAM ESTILOS,BANNAM ESTILOS,316211,Fabricación de calzado con corte de piel y cuero,101 a 250 personas,León,Guanajuato,PEÑITAS,,,https://www.inegi.org.mx/contenidos/masiva/denue/denue_11_csv.zip,2026-08-26 (DENUE version 2026-05-20),
FABRICA DE CALZADO BLACK DIVA,MEDUSSA MANUFACTURING FASHION SHOES,316211,Fabricación de calzado con corte de piel y cuero,101 a 250 personas,León,Guanajuato,LOS GAVILANES,4777631506,,https://www.inegi.org.mx/contenidos/masiva/denue/denue_11_csv.zip,2026-08-26 (DENUE version 2026-05-20),
FABRICA DE CALZADO CASUAL BIK LOVO,,316213,Fabricación de calzado de plástico,101 a 250 personas,San Francisco del Rincón,Guanajuato,CUAUHTEMOC,4761247351,,https://www.inegi.org.mx/contenidos/masiva/denue/denue_11_csv.zip,2026-08-26 (DENUE version 2026-05-20),
FABRICA DE CALZADO COLOSO,COMERCIALIZADORA COLOSO,316211,Fabricación de calzado con corte de piel y cuero,101 a 250 personas,León,Guanajuato,INDUSTRIAL JULIAN DE OBREGÓN,,WWW.COLOSO.COM.MX,https://www.inegi.org.mx/contenidos/masiva/denue/denue_11_csv.zip,2026-08-26 (DENUE version 2026-05-20),
FABRICA DE CALZADO GARCIS,FABRICA DE CALZADO GARCIS,316212,Fabricación de calzado con corte de tela,101 a 250 personas,San Francisco del Rincón,Guanajuato,SANTA ANITA,,WWW.GARCIS.COM,https://www.inegi.org.mx/contenidos/masiva/denue/denue_11_csv.zip,2026-08-26 (DENUE version 2026-05-20),
FABRICA DE CALZADO HISPANA,ADN CONFORT,316211,Fabricación de calzado con corte de piel y cuero,101 a 250 personas,León,Guanajuato,SAN MIGUEL,,,https://www.inegi.org.mx/contenidos/masiva/denue/denue_11_csv.zip,2026-08-26 (DENUE version 2026-05-20),
FABRICA DE CALZADO HISPANA,ADN CONFORT,316211,Fabricación de calzado con corte de piel y cuero,101 a 250 personas,León,Guanajuato,SAN MIGUEL,4773128871,,https://www.inegi.org.mx/contenidos/masiva/denue/denue_11_csv.zip,2026-08-26 (DENUE version 2026-05-20),
FABRICA DE CALZADO LA PUERTA TURQUESA,LA PUERTA TURQUESA,316211,Fabricación de calzado con corte de piel y cuero,101 a 250 personas,León,Guanajuato,GRANJAS CERES,,WWW.LANEBOOTS.COM,https://www.inegi.org.mx/contenidos/masiva/denue/denue_11_csv.zip,2026-08-26 (DENUE version 2026-05-20),
FABRICA DE CALZADO LADY FLORES,LADY FLORES,316211,Fabricación de calzado con corte de piel y cuero,101 a 250 personas,León,Guanajuato,PRO. CERRITO AMARILLO,4771983064,,https://www.inegi.org.mx/contenidos/masiva/denue/denue_11_csv.zip,2026-08-26 (DENUE version 2026-05-20),
FABRICA DE CALZADO MARISCAL,MANUFACTURERA DE CALZADO PAULSACC,316213,Fabricación de calzado de plástico,101 a 250 personas,León,Guanajuato,INDUSTRIAL,,,https://www.inegi.org.mx/contenidos/masiva/denue/denue_11_csv.zip,2026-08-26 (DENUE version 2026-05-20),
FABRICA DE CALZADO MG,CALZADO MG,316213,Fabricación de calzado de plástico,101 a 250 personas,León,Guanajuato,SAN MIGUEL,,,https://www.inegi.org.mx/contenidos/masiva/denue/denue_11_csv.zip,2026-08-26 (DENUE version 2026-05-20),
FABRICA DE CALZADO NORO,INNOVACION INDUSTRIAL NORO,316211,Fabricación de calzado con corte de piel y cuero,251 y más personas,León,Guanajuato,SAN PEDRO DE LOS HERNANDEZ,,,https://www.inegi.org.mx/contenidos/masiva/denue/denue_11_csv.zip,2026-08-26 (DENUE version 2026-05-20),
FABRICA DE CALZADO SNAPPERS AND CO,SNAPPERS AND CO,316212,Fabricación de calzado con corte de tela,101 a 250 personas,León,Guanajuato,INDUSTRIAL JULIAN DE OBREGÓN,,,https://www.inegi.org.mx/contenidos/masiva/denue/denue_11_csv.zip,2026-08-26 (DENUE version 2026-05-20),
FABRICA DE CORTES FOX,FABRICA DE CORTES FOX,316211,Fabricación de calzado con corte de piel y cuero,101 a 250 personas,León,Guanajuato,PRO. COLINA REAL,,,https://www.inegi.org.mx/contenidos/masiva/denue/denue_11_csv.zip,2026-08-26 (DENUE version 2026-05-20),
FABRICA DE CORTES FOX,FABRICA DE CORTES FOX,316211,Fabricación de calzado con corte de piel y cuero,251 y más personas,León,Guanajuato,FRACCIONES SAN PEDRO,,,https://www.inegi.org.mx/contenidos/masiva/denue/denue_11_csv.zip,2026-08-26 (DENUE version 2026-05-20),
FABRICA DE TENIS DLIVE,,316213,Fabricación de calzado de plástico,101 a 250 personas,Purísima del Rincón,Guanajuato,LOMAS DE GUANAJUATITO,,,https://www.inegi.org.mx/contenidos/masiva/denue/denue_11_csv.zip,2026-08-26 (DENUE version 2026-05-20),
FABRICA DE ZAPATO PLASTISECA,PLASTISECA,316211,Fabricación de calzado con corte de piel y cuero,101 a 250 personas,León,Guanajuato,INDUSTRIAL JULIAN DE OBREGÓN,,WWW.SOLACONTIGO.COM.MX,https://www.inegi.org.mx/contenidos/masiva/denue/denue_11_csv.zip,2026-08-26 (DENUE version 2026-05-20),
FI AVOCADO,FI AVOCADO,311411,Congelación de frutas y verduras,251 y más personas,Irapuato,Guanajuato,CASTRO DEL RIO,4621156590,,https://www.inegi.org.mx/contenidos/masiva/denue/denue_11_csv.zip,2026-08-26 (DENUE version 2026-05-20),
FITESANONWOVENS MÉXICO,FITESANONWOVENS MEXICO,313230,Fabricación de telas no tejidas (comprimidas),251 y más personas,San José Iturbide,Guanajuato,NINGUNO,,WWW.FITESA.COM,https://www.inegi.org.mx/contenidos/masiva/denue/denue_11_csv.zip,2026-08-26 (DENUE version 2026-05-20),
FRABRCA DE CALZADO GEROLO,GEROLO,316211,Fabricación de calzado con corte de piel y cuero,101 a 250 personas,León,Guanajuato,PRO. FRACCIONES DE SANTA JULIA,,,https://www.inegi.org.mx/contenidos/masiva/denue/denue_11_csv.zip,2026-08-26 (DENUE version 2026-05-20),
FRANCO CUADRA,CALZADOS FINOS ITALIANOS,316211,Fabricación de calzado con corte de piel y cuero,251 y más personas,León,Guanajuato,PRO. NORTE CERRITO DE JEREZ,,WWW.CUADRA.COM,https://www.inegi.org.mx/contenidos/masiva/denue/denue_11_csv.zip,2026-08-26 (DENUE version 2026-05-20),
FRIGORÍFICO Y RASTRO DE SANTA ANA,FRIGORIFICO Y RASTRO DE SANTA ANA,311611,"Matanza de ganado, aves y otros animales comestibles",101 a 250 personas,Pénjamo,Guanajuato,SAN BERNARDO,,,https://www.inegi.org.mx/contenidos/masiva/denue/denue_11_csv.zip,2026-08-26 (DENUE version 2026-05-20),
FRUVEMEX MEXICALI,FRUVEMEX MEXICALI,311411,Congelación de frutas y verduras,101 a 250 personas,Irapuato,Guanajuato,LAZARO CARDENAS,,FRUVEMEXMEXICALI.COM,https://www.inegi.org.mx/contenidos/masiva/denue/denue_11_csv.zip,2026-08-26 (DENUE version 2026-05-20),
GAMESA PLANTA CELAYA,SABRITAS,311820,Elaboración de galletas y pastas para sopa,251 y más personas,Celaya,Guanajuato,CIUDAD INDUSTRIAL,,WWW.PEPSICO.COM.MX,https://www.inegi.org.mx/contenidos/masiva/denue/denue_11_csv.zip,2026-08-26 (DENUE version 2026-05-20),
GB MANUFACTURING,GB MANUFACTURING,316211,Fabricación de calzado con corte de piel y cuero,101 a 250 personas,León,Guanajuato,EYUPOL,4777240861,,https://www.inegi.org.mx/contenidos/masiva/denue/denue_11_csv.zip,2026-08-26 (DENUE version 2026-05-20),
GENERAL MILLS,GIGANTE VERDE,311910,Elaboración de botanas,251 y más personas,Irapuato,Guanajuato,ESFUERZO OBRERO,,,https://www.inegi.org.mx/contenidos/masiva/denue/denue_11_csv.zip,2026-08-26 (DENUE version 2026-05-20),
GILLIO,MANUFACTURERA HILMEN,316211,Fabricación de calzado con corte de piel y cuero,251 y más personas,León,Guanajuato,INDUSTRIAL JULIAN DE OBREGÓN,,,https://www.inegi.org.mx/contenidos/masiva/denue/denue_11_csv.zip,2026-08-26 (DENUE version 2026-05-20),
GINO CHERRUTI,DISEÑOS CARLO VENUTY,316211,Fabricación de calzado con corte de piel y cuero,251 y más personas,León,Guanajuato,SANTA FE,,WWW.GINOCHERRUTI.COM,https://www.inegi.org.mx/contenidos/masiva/denue/denue_11_csv.zip,2026-08-26 (DENUE version 2026-05-20),
GROBER LEON,GROBER LEON,314992,Fabricación de redes y otros productos de cordelería,101 a 250 personas,León,Guanajuato,PRO. FRACCIONES DE SANTA JULIA,,WWW.GROBERLEON.COM,https://www.inegi.org.mx/contenidos/masiva/denue/denue_11_csv.zip,2026-08-26 (DENUE version 2026-05-20),
GRUPO BIMBO S DE RL DE CV,GRUPO BIMBO S DE RO DE CV,311811,Panificación industrial,101 a 250 personas,Silao de la Victoria,Guanajuato,PANAM,,,https://www.inegi.org.mx/contenidos/masiva/denue/denue_11_csv.zip,2026-08-26 (DENUE version 2026-05-20),
GRUPO CALZADO MM,GRUPO CALZADO MM,316211,Fabricación de calzado con corte de piel y cuero,101 a 250 personas,León,Guanajuato,SAN MIGUEL,,,https://www.inegi.org.mx/contenidos/masiva/denue/denue_11_csv.zip,2026-08-26 (DENUE version 2026-05-20),
GRUPO COMERCIAL LATINOS,GRUPO COMERCIAL LATINOS,316211,Fabricación de calzado con corte de piel y cuero,251 y más personas,León,Guanajuato,PLAZA COMERCIAL SAN MIGUEL (COMERCIO),,,https://www.inegi.org.mx/contenidos/masiva/denue/denue_11_csv.zip,2026-08-26 (DENUE version 2026-05-20),
GRUPO COMERCIAL YAZBEK,GRUPO COMERCIAL YAZBEK,315229,Confección en serie de otra ropa exterior de materiales textiles,251 y más personas,San José Iturbide,Guanajuato,SAN JOSE DE ITURBIDE,,WWW.YAZBEK.COM.MX,https://www.inegi.org.mx/contenidos/masiva/denue/denue_11_csv.zip,2026-08-26 (DENUE version 2026-05-20),
GRUPO H GROS,GRUPO H GROS,316213,Fabricación de calzado de plástico,251 y más personas,San Francisco del Rincón,Guanajuato,EL MEZQUITILLO,4761131715,,https://www.inegi.org.mx/contenidos/masiva/denue/denue_11_csv.zip,2026-08-26 (DENUE version 2026-05-20),
GRUPO INDUSTRIAL ARMADA DEL BAJIO,GRUPO INDUSTRIAL ARMADA DEL BAJIO,316214,Fabricación de calzado de hule,101 a 250 personas,León,Guanajuato,INDUSTRIAL DELTA,,WWW.CALZADOARMADA.COM,https://www.inegi.org.mx/contenidos/masiva/denue/denue_11_csv.zip,2026-08-26 (DENUE version 2026-05-20),
GRUPO INDUSTRIAL CUADRITOS BIOTEK,GRUPO INDUSTRIAL CUADRITOS BIOTEK,311513,Elaboración de derivados y fermentos lácteos,251 y más personas,Celaya,Guanajuato,SAN JORGE DE LA CONCEPCION,,,https://www.inegi.org.mx/contenidos/masiva/denue/denue_11_csv.zip,2026-08-26 (DENUE version 2026-05-20),
GRUPO INDUSTRIAL ITAL MODA,GRUPO INDUSTRIAL ITAL MODA,316211,Fabricación de calzado con corte de piel y cuero,251 y más personas,León,Guanajuato,INDUSTRIAL DELTA,,,https://www.inegi.org.mx/contenidos/masiva/denue/denue_11_csv.zip,2026-08-26 (DENUE version 2026-05-20),
GST MANUFACTURAS DE MEXICO,GST MANUFACTURAS DE MEXICO,316110,Curtido y acabado de cuero y piel,251 y más personas,León,Guanajuato,CIUDAD INDUSTRIAL,,,https://www.inegi.org.mx/contenidos/masiva/denue/denue_11_csv.zip,2026-08-26 (DENUE version 2026-05-20),
HARINERA LOS PIRINEOS,HARINERA LOS PIRINEOS,311212,Elaboración de harina de trigo,251 y más personas,Salamanca,Guanajuato,EMILIANO ZAPATA,,WWW.HARINERAPIRINEOS.COM,https://www.inegi.org.mx/contenidos/masiva/denue/denue_11_csv.zip,2026-08-26 (DENUE version 2026-05-20),
HARINERA PANAMERICANA,HARINERA PANAMERICANA,311213,Elaboración de harina de maíz,101 a 250 personas,Cortazar,Guanajuato,GRANJA SAN LUIS,,,https://www.inegi.org.mx/contenidos/masiva/denue/denue_11_csv.zip,2026-08-26 (DENUE version 2026-05-20),
HARINERA SEIS HERMANOS,HARINERA SEIS HERMANOS,311212,Elaboración de harina de trigo,101 a 250 personas,Irapuato,Guanajuato,CIUDAD INDUSTRIAL IRAPUATO,,WWW.GTRIMEX.COM,https://www.inegi.org.mx/contenidos/masiva/denue/denue_11_csv.zip,2026-08-26 (DENUE version 2026-05-20),
HERDEZ,HERDEZ,311421,Deshidratación de frutas y verduras,101 a 250 personas,Cortazar,Guanajuato,LA FORTALEZA,,WWW.HERDEZ.COM.MX,https://www.inegi.org.mx/contenidos/masiva/denue/denue_11_csv.zip,2026-08-26 (DENUE version 2026-05-20),
HIDROGENADORA YUCATECA,HIDROGENADORA NACIONAL,311222,Elaboración de aceites y grasas vegetales comestibles,251 y más personas,Apaseo el Grande,Guanajuato,ANDADOR INDUSTRIAL,,,https://www.inegi.org.mx/contenidos/masiva/denue/denue_11_csv.zip,2026-08-26 (DENUE version 2026-05-20),
INDISTRIAS MANUFACTURERAS MYR,INDUSTRIAS MANUFACTURERAS MYR,315223,Confección en serie de uniformes,251 y más personas,Irapuato,Guanajuato,UH LABORATORIO,,,https://www.inegi.org.mx/contenidos/masiva/denue/denue_11_csv.zip,2026-08-26 (DENUE version 2026-05-20),
INDUCAL,INDUCAL,316211,Fabricación de calzado con corte de piel y cuero,101 a 250 personas,León,Guanajuato,INDUSTRIAL DELTA,,,https://www.inegi.org.mx/contenidos/masiva/denue/denue_11_csv.zip,2026-08-26 (DENUE version 2026-05-20),
INDUSTRIA MANUFACTURERA REGGINA ZUEE,INDUSTRIA MANUFACTURERA REGGINA ZUEE,316211,Fabricación de calzado con corte de piel y cuero,101 a 250 personas,León,Guanajuato,PEÑITAS,4778439780,WWW.REGINAZUEE.COM,https://www.inegi.org.mx/contenidos/masiva/denue/denue_11_csv.zip,2026-08-26 (DENUE version 2026-05-20),
INDUSTRIAL SAN SEBASTIAN,INDUSTRIAL SAN SEBASTIAN,313220,Fabricación de telas angostas de tejido de trama y pasamanería,101 a 250 personas,León,Guanajuato,LOS FRESNOS,,,https://www.inegi.org.mx/contenidos/masiva/denue/denue_11_csv.zip,2026-08-26 (DENUE version 2026-05-20),
INDUSTRIAL ZAPATERA JR,INDUSTRIAL ZAPATERA JR,316211,Fabricación de calzado con corte de piel y cuero,251 y más personas,León,Guanajuato,LINDAVISTA,,,https://www.inegi.org.mx/contenidos/masiva/denue/denue_11_csv.zip,2026-08-26 (DENUE version 2026-05-20),
INDUSTRIAL ZAPATERA JR,INDUSTRIAL ZAPATERA JR,316211,Fabricación de calzado con corte de piel y cuero,251 y más personas,León,Guanajuato,LINDAVISTA,,,https://www.inegi.org.mx/contenidos/masiva/denue/denue_11_csv.zip,2026-08-26 (DENUE version 2026-05-20),
INDUSTRIALIZADORA DE PORCINOS DELTA,INDUSTRIALIZADORA DE PORCINOS DELTA,311613,"Preparación de embutidos y otras conservas de carne de ganado, aves y otros animales comestibles",101 a 250 personas,Pénjamo,Guanajuato,GUAYABITO DE PEDROZA,3521382265,,https://www.inegi.org.mx/contenidos/masiva/denue/denue_11_csv.zip,2026-08-26 (DENUE version 2026-05-20),
INDUSTRIAS DANI,INDUSTRIAS DANI,316211,Fabricación de calzado con corte de piel y cuero,101 a 250 personas,León,Guanajuato,SANTA RITA,,,https://www.inegi.org.mx/contenidos/masiva/denue/denue_11_csv.zip,2026-08-26 (DENUE version 2026-05-20),
INDUSTRIAS DANTE,INDUSTRIAS DANTE,316211,Fabricación de calzado con corte de piel y cuero,251 y más personas,León,Guanajuato,INDUSTRIAL DELTA,,,https://www.inegi.org.mx/contenidos/masiva/denue/denue_11_csv.zip,2026-08-26 (DENUE version 2026-05-20),
INDUSTRIAS JACKSON,INDUSTRIAS JACKSON,316211,Fabricación de calzado con corte de piel y cuero,101 a 250 personas,León,Guanajuato,CIUDAD SATÉLITE,,,https://www.inegi.org.mx/contenidos/masiva/denue/denue_11_csv.zip,2026-08-26 (DENUE version 2026-05-20),
INDUSTRIAS MAJAR,CALZADO AFLER,316211,Fabricación de calzado con corte de piel y cuero,251 y más personas,León,Guanajuato,CIUDAD INDUSTRIAL,,,https://www.inegi.org.mx/contenidos/masiva/denue/denue_11_csv.zip,2026-08-26 (DENUE version 2026-05-20),
INDUSTRIAS MANUFACTURERAS MYR,INDUSTRIAS MANUFACTURERAS MYR,315223,Confección en serie de uniformes,251 y más personas,Irapuato,Guanajuato,LA PURISIMA,,,https://www.inegi.org.mx/contenidos/masiva/denue/denue_11_csv.zip,2026-08-26 (DENUE version 2026-05-20),
INTER CALZA DE LEON,INTERCALZA DE LEON,316211,Fabricación de calzado con corte de piel y cuero,251 y más personas,León,Guanajuato,SAN JOSÉ EL ALTO,4777610095,WWW.FLEXI.COM.MX,https://www.inegi.org.mx/contenidos/masiva/denue/denue_11_csv.zip,2026-08-26 (DENUE version 2026-05-20),
INTERCALZA DE LEON,INTERCALZA DE LEON,316211,Fabricación de calzado con corte de piel y cuero,251 y más personas,León,Guanajuato,SANTA MARIA DE CEMENTOS,4777710250,,https://www.inegi.org.mx/contenidos/masiva/denue/denue_11_csv.zip,2026-08-26 (DENUE version 2026-05-20),
INTERCALZA DE LEON,INTERCALZA DE LEON,316211,Fabricación de calzado con corte de piel y cuero,251 y más personas,León,Guanajuato,ORIENTAL,,,https://www.inegi.org.mx/contenidos/masiva/denue/denue_11_csv.zip,2026-08-26 (DENUE version 2026-05-20),
IRAFORM,IRAFORM,315223,Confección en serie de uniformes,101 a 250 personas,Irapuato,Guanajuato,SAN MIGUELITO,,,https://www.inegi.org.mx/contenidos/masiva/denue/denue_11_csv.zip,2026-08-26 (DENUE version 2026-05-20),
JARDIN ALEMAN,SALCHICHONERIA ALEMANA,311613,"Preparación de embutidos y otras conservas de carne de ganado, aves y otros animales comestibles",251 y más personas,León,Guanajuato,PARQUE INDUSTRIAL ECOLÓGICO DE LEÓN,,,https://www.inegi.org.mx/contenidos/masiva/denue/denue_11_csv.zip,2026-08-26 (DENUE version 2026-05-20),
JEAN PIERRE,MANUFACTURAS DE CALZADO FINO,316211,Fabricación de calzado con corte de piel y cuero,101 a 250 personas,León,Guanajuato,DE GUADALUPE,,WWW.JEANPIERRE.COM.MX,https://www.inegi.org.mx/contenidos/masiva/denue/denue_11_csv.zip,2026-08-26 (DENUE version 2026-05-20),
KAMPA SPORTIVA,KAMPA SPORTIVA,316211,Fabricación de calzado con corte de piel y cuero,101 a 250 personas,Purísima del Rincón,Guanajuato,CENTRO,,,https://www.inegi.org.mx/contenidos/masiva/denue/denue_11_csv.zip,2026-08-26 (DENUE version 2026-05-20),
KERRY INGREDIENTS DE MEXICO,KERRY INGREDIENTS DE MEXICO,311940,Elaboración de condimentos y aderezos,251 y más personas,Salamanca,Guanajuato,CORREDOR INDUSTRIAL IRAPUATO SALAMANCA,,,https://www.inegi.org.mx/contenidos/masiva/denue/denue_11_csv.zip,2026-08-26 (DENUE version 2026-05-20),
LA ITALIANA,LA ITALIANA,311820,Elaboración de galletas y pastas para sopa,251 y más personas,Irapuato,Guanajuato,LA PRADERA,,WWW.LAITALIANA.COM,https://www.inegi.org.mx/contenidos/masiva/denue/denue_11_csv.zip,2026-08-26 (DENUE version 2026-05-20),
LA PROXIMA ESTACION,LA PROXIMA ESTACION,311411,Congelación de frutas y verduras,251 y más personas,Irapuato,Guanajuato,LAS ANIMAS,,WWW.LAPROXIMAESTACION.MX,https://www.inegi.org.mx/contenidos/masiva/denue/denue_11_csv.zip,2026-08-26 (DENUE version 2026-05-20),
LADY PAULINA,MANUFACTURERA AGUIRRE DE LEON,316213,Fabricación de calzado de plástico,251 y más personas,León,Guanajuato,SAN NICOLAS,,,https://www.inegi.org.mx/contenidos/masiva/denue/denue_11_csv.zip,2026-08-26 (DENUE version 2026-05-20),
LALA PLANTA IRAPUATO DERIVADOS,COMERCIALIZADORA DE LACTEOS Y DERIVADOS,311513,Elaboración de derivados y fermentos lácteos,251 y más personas,Irapuato,Guanajuato,IRAPUATO,,WWW.LALA.COM.MX,https://www.inegi.org.mx/contenidos/masiva/denue/denue_11_csv.zip,2026-08-26 (DENUE version 2026-05-20),
LAVORAZIONES MONNAACI,LAVORAZIONES MONNAACI,316211,Fabricación de calzado con corte de piel y cuero,101 a 250 personas,León,Guanajuato,SAN MIGUEL,4771802233,,https://www.inegi.org.mx/contenidos/masiva/denue/denue_11_csv.zip,2026-08-26 (DENUE version 2026-05-20),
LECHE LEON BOULERVARD AREOPUERTO,PASTEURIZADORA DE LEON,311511,Elaboración de leche líquida,251 y más personas,León,Guanajuato,LOS LÓPEZ,,,https://www.inegi.org.mx/contenidos/masiva/denue/denue_11_csv.zip,2026-08-26 (DENUE version 2026-05-20),
LEFA,REFIBRA,316110,Curtido y acabado de cuero y piel,101 a 250 personas,Purísima del Rincón,Guanajuato,LOMAS DE BUENAVISTA,,,https://www.inegi.org.mx/contenidos/masiva/denue/denue_11_csv.zip,2026-08-26 (DENUE version 2026-05-20),
LEFARC,LEFARC,316110,Curtido y acabado de cuero y piel,251 y más personas,León,Guanajuato,PRO. PONIENTE HACIENDA ECHEVESTE,,WWW.LEFAR.COM.MX,https://www.inegi.org.mx/contenidos/masiva/denue/denue_11_csv.zip,2026-08-26 (DENUE version 2026-05-20),
MALTA TEXO DE MEXICO,MALTA TEXO DE MEXICO,311110,Elaboración de alimentos para animales,101 a 250 personas,Villagrán,Guanajuato,VILLAGRAN,,WWW.MALTALEYTON.COM.MX,https://www.inegi.org.mx/contenidos/masiva/denue/denue_11_csv.zip,2026-08-26 (DENUE version 2026-05-20),
MANUFACTURAS Y MAQUILAS DE LEON,MANUFACTURAS Y MAQUILAS DE LEÓN,316211,Fabricación de calzado con corte de piel y cuero,101 a 250 personas,León,Guanajuato,INDUSTRIAL DELTA,,,https://www.inegi.org.mx/contenidos/masiva/denue/denue_11_csv.zip,2026-08-26 (DENUE version 2026-05-20),
MANUFACTURERA BIGGER,MANUFACTURERA BIGGER,316211,Fabricación de calzado con corte de piel y cuero,101 a 250 personas,San Francisco del Rincón,Guanajuato,BARRIO DE SANTIAGUITO,,,https://www.inegi.org.mx/contenidos/masiva/denue/denue_11_csv.zip,2026-08-26 (DENUE version 2026-05-20),
MANUFACTURERA DE BOTAS CUADRA,MANUFACTURERA DE BOTAS CUADRA,316211,Fabricación de calzado con corte de piel y cuero,251 y más personas,León,Guanajuato,INDUSTRIAL DELTA,,WWW.CUADRA.COM.MX,https://www.inegi.org.mx/contenidos/masiva/denue/denue_11_csv.zip,2026-08-26 (DENUE version 2026-05-20),
MANUFACTURERA DE CALZADO ELISSE,MANUFACTURERA DE CALZADO ELISSE,316213,Fabricación de calzado de plástico,101 a 250 personas,San Francisco del Rincón,Guanajuato,ZONA CENTRO,,,https://www.inegi.org.mx/contenidos/masiva/denue/denue_11_csv.zip,2026-08-26 (DENUE version 2026-05-20),
MANUFACTURERA DE CALZADO MI PAZSTOR,MANUFACTURERA DE CALZADO MI PAZSTOR,316211,Fabricación de calzado con corte de piel y cuero,101 a 250 personas,Manuel Doblado,Guanajuato,CALLETANA,4771310172,,https://www.inegi.org.mx/contenidos/masiva/denue/denue_11_csv.zip,2026-08-26 (DENUE version 2026-05-20),
MANUFACTURERA DE CALZADO PARRA,MANUFACTURERA DE CALZADO PARRA,316211,Fabricación de calzado con corte de piel y cuero,101 a 250 personas,San Francisco del Rincón,Guanajuato,CUAHUTEMOC,,,https://www.inegi.org.mx/contenidos/masiva/denue/denue_11_csv.zip,2026-08-26 (DENUE version 2026-05-20),
MANUFACTURERA DE CALZADO VIGONTI,MANUFACTURERA DE CALZADO VIGONTI,316211,Fabricación de calzado con corte de piel y cuero,101 a 250 personas,León,Guanajuato,EL SALTO,,,https://www.inegi.org.mx/contenidos/masiva/denue/denue_11_csv.zip,2026-08-26 (DENUE version 2026-05-20),
MANUFACTURERA DE ROPA LA GACELA,MANUFACTURERA DE ROPA LA GACELA,315223,Confección en serie de uniformes,101 a 250 personas,León,Guanajuato,ARBIDE,,,https://www.inegi.org.mx/contenidos/masiva/denue/denue_11_csv.zip,2026-08-26 (DENUE version 2026-05-20),
MANUFACTURERA EDISON,MANUFACTURERA EDISON,316211,Fabricación de calzado con corte de piel y cuero,101 a 250 personas,León,Guanajuato,CIUDAD SATÉLITE,,,https://www.inegi.org.mx/contenidos/masiva/denue/denue_11_csv.zip,2026-08-26 (DENUE version 2026-05-20),
MANUFACTURERA LOS ALTOS BOOTS,MANUFACTURERA LOS ALTOS BOOTS,316211,Fabricación de calzado con corte de piel y cuero,101 a 250 personas,León,Guanajuato,INDUSTRIAL DELTA,,,https://www.inegi.org.mx/contenidos/masiva/denue/denue_11_csv.zip,2026-08-26 (DENUE version 2026-05-20),
MANUFACTURERA MAGNO,MANUFACTURERA MAGNO,316211,Fabricación de calzado con corte de piel y cuero,101 a 250 personas,León,Guanajuato,CIUDAD SATÉLITE,,,https://www.inegi.org.mx/contenidos/masiva/denue/denue_11_csv.zip,2026-08-26 (DENUE version 2026-05-20),
MANUFACTURERA SAN ROQUE,MANUFACTURERA SAN ROQUE,316213,Fabricación de calzado de plástico,251 y más personas,San Francisco del Rincón,Guanajuato,EL MAGUEY,,,https://www.inegi.org.mx/contenidos/masiva/denue/denue_11_csv.zip,2026-08-26 (DENUE version 2026-05-20),
MAQUILADORA A K,,315229,Confección en serie de otra ropa exterior de materiales textiles,101 a 250 personas,Irapuato,Guanajuato,LAGUNA LARGA,,,https://www.inegi.org.mx/contenidos/masiva/denue/denue_11_csv.zip,2026-08-26 (DENUE version 2026-05-20),
MAQUILADORA DE CALZADO ORTIZ BECERRA,MAQUILADORA DE CALZADO ORTIZ BECERRA,316211,Fabricación de calzado con corte de piel y cuero,101 a 250 personas,San Luis de la Paz,Guanajuato,PURÍSIMA,,,https://www.inegi.org.mx/contenidos/masiva/denue/denue_11_csv.zip,2026-08-26 (DENUE version 2026-05-20),
MAQUILADORA SAN JAVIER,MAQUILADORA SAN JAVIER,316211,Fabricación de calzado con corte de piel y cuero,251 y más personas,San Francisco del Rincón,Guanajuato,LOS MANANTIALES,,,https://www.inegi.org.mx/contenidos/masiva/denue/denue_11_csv.zip,2026-08-26 (DENUE version 2026-05-20),
MAQUILADORA UXMAL,MAQUILADORA UXMAL,316211,Fabricación de calzado con corte de piel y cuero,251 y más personas,León,Guanajuato,SAN MIGUEL,,,https://www.inegi.org.mx/contenidos/masiva/denue/denue_11_csv.zip,2026-08-26 (DENUE version 2026-05-20),
MAQUILADORA ZAPATERA SAN LUIS,MAQUILADORA ZAPATERA SAN LUIS,316211,Fabricación de calzado con corte de piel y cuero,251 y más personas,León,Guanajuato,ORIENTAL,,,https://www.inegi.org.mx/contenidos/masiva/denue/denue_11_csv.zip,2026-08-26 (DENUE version 2026-05-20),
MAR BRAN,MAR BRAN,311411,Congelación de frutas y verduras,251 y más personas,Irapuato,Guanajuato,18 DE AGOSTO,,WWW.MARBRAN.COM.MX,https://www.inegi.org.mx/contenidos/masiva/denue/denue_11_csv.zip,2026-08-26 (DENUE version 2026-05-20),
MAR BRAN,MAR BRAN,311411,Congelación de frutas y verduras,251 y más personas,Jaral del Progreso,Guanajuato,ARON GARCIA TAMAYO(SAN RAMON),,WWW.MARBRAN.COM.MX,https://www.inegi.org.mx/contenidos/masiva/denue/denue_11_csv.zip,2026-08-26 (DENUE version 2026-05-20),
MARIO BENETTI,MARIO BENETTI,316211,Fabricación de calzado con corte de piel y cuero,101 a 250 personas,León,Guanajuato,SAN JOSÉ EL ALTO,,,https://www.inegi.org.mx/contenidos/masiva/denue/denue_11_csv.zip,2026-08-26 (DENUE version 2026-05-20),
MARQUEZ BROTHERS INTERNATIONAL,MARQUEZ BROTHERS INTERNATIONAL,311422,Conservación de frutas y verduras por procesos distintos a la congelación y la deshidratación,101 a 250 personas,Romita,Guanajuato,SAN FRANCISCO,,WWW.ASIESELMEXICANO.COM,https://www.inegi.org.mx/contenidos/masiva/denue/denue_11_csv.zip,2026-08-26 (DENUE version 2026-05-20),
MARROQUINERIA PORTLAD STUDIO,PORTLAD STUDIO,316991,"Fabricación de bolsos de mano, maletas y similares",251 y más personas,León,Guanajuato,INDUSTRIAL BRISAS DEL CAMPO,,,https://www.inegi.org.mx/contenidos/masiva/denue/denue_11_csv.zip,2026-08-26 (DENUE version 2026-05-20),
MEDINA TORRES,MEDINA TORRES,316110,Curtido y acabado de cuero y piel,101 a 250 personas,León,Guanajuato,ARROYO HONDO,,,https://www.inegi.org.mx/contenidos/masiva/denue/denue_11_csv.zip,2026-08-26 (DENUE version 2026-05-20),
MEGAFRESCOS DEL BAJIO,MEGAFRESCOS DEL BAJIO,311411,Congelación de frutas y verduras,251 y más personas,Salamanca,Guanajuato,EL XOCONOSTLE,4641213861,WWW.MEGAFRESCOS.COM,https://www.inegi.org.mx/contenidos/masiva/denue/denue_11_csv.zip,2026-08-26 (DENUE version 2026-05-20),
MEXITRES,MEXITRES,316211,Fabricación de calzado con corte de piel y cuero,101 a 250 personas,León,Guanajuato,CIUDAD INDUSTRIAL,,,https://www.inegi.org.mx/contenidos/masiva/denue/denue_11_csv.zip,2026-08-26 (DENUE version 2026-05-20),
MODA JEANS SHOES,MANUFACTURERA GINEBRA,316211,Fabricación de calzado con corte de piel y cuero,101 a 250 personas,León,Guanajuato,CIUDAD SATÉLITE,,,https://www.inegi.org.mx/contenidos/masiva/denue/denue_11_csv.zip,2026-08-26 (DENUE version 2026-05-20),
MODEROF,CORPORACION ANGLOGAR,316211,Fabricación de calzado con corte de piel y cuero,101 a 250 personas,León,Guanajuato,EL COECILLO,,WWW.MODEROF.COM.MX,https://www.inegi.org.mx/contenidos/masiva/denue/denue_11_csv.zip,2026-08-26 (DENUE version 2026-05-20),
MOLINO HARINERO SAN BLAS,MOLINO HARINERO SAN BLAS,311212,Elaboración de harina de trigo,101 a 250 personas,Salamanca,Guanajuato,LOMA DE FLORES,,WWW.LAITALIANA.COM,https://www.inegi.org.mx/contenidos/masiva/denue/denue_11_csv.zip,2026-08-26 (DENUE version 2026-05-20),
MULTISERVICIOS 2001,MULTISERVICIOS 2001,311110,Elaboración de alimentos para animales,251 y más personas,Pénjamo,Guanajuato,SANTA ANA PACUECO,,WWW.NU3.COM.MX,https://www.inegi.org.mx/contenidos/masiva/denue/denue_11_csv.zip,2026-08-26 (DENUE version 2026-05-20),
MURTRALEON,MURTRALEON,313113,Fabricación de hilos para coser y bordar,101 a 250 personas,León,Guanajuato,INDUSTRIAL DELTA,,WWW.MURTRALEON.COM,https://www.inegi.org.mx/contenidos/masiva/denue/denue_11_csv.zip,2026-08-26 (DENUE version 2026-05-20),
MUSTANG LEATHER,MUSTANG LEATHER,316211,Fabricación de calzado con corte de piel y cuero,101 a 250 personas,León,Guanajuato,LOMBARDÍA,,,https://www.inegi.org.mx/contenidos/masiva/denue/denue_11_csv.zip,2026-08-26 (DENUE version 2026-05-20),
NACIONAL MAQUILADORA DE CALZADO DANTE,NACIONAL MAQUILADORA DE CALZADO,316211,Fabricación de calzado con corte de piel y cuero,251 y más personas,León,Guanajuato,INDUSTRIAL DELTA,,,https://www.inegi.org.mx/contenidos/masiva/denue/denue_11_csv.zip,2026-08-26 (DENUE version 2026-05-20),
NATU FARM,NATU FARM,311110,Elaboración de alimentos para animales,101 a 250 personas,León,Guanajuato,CIUDAD INDUSTRIAL,4771038528,,https://www.inegi.org.mx/contenidos/masiva/denue/denue_11_csv.zip,2026-08-26 (DENUE version 2026-05-20),
NATURAL FOODS,GRUPO IMPORTADOR Y EXPORTADOR MEXICANO,311422,Conservación de frutas y verduras por procesos distintos a la congelación y la deshidratación,101 a 250 personas,Silao de la Victoria,Guanajuato,SAN ISIDRO,4773921030,WWW.NATURALFOODS.COM,https://www.inegi.org.mx/contenidos/masiva/denue/denue_11_csv.zip,2026-08-26 (DENUE version 2026-05-20),
NESTLE PURINA LEON,NESTLE MEXICO,311110,Elaboración de alimentos para animales,251 y más personas,Silao de la Victoria,Guanajuato,LAS CRUCES SANTA FE IV PUERTO INTERIOR,,WWW.NESTLE.COM.MX,https://www.inegi.org.mx/contenidos/masiva/denue/denue_11_csv.zip,2026-08-26 (DENUE version 2026-05-20),
NUBBA COMERCIAL,NUBBA COMERCIAL,311110,Elaboración de alimentos para animales,101 a 250 personas,Santa Cruz de Juventino Rosas,Guanajuato,JUVENTINO ROSAS,4774954274,WWW.RBNUT.COM,https://www.inegi.org.mx/contenidos/masiva/denue/denue_11_csv.zip,2026-08-26 (DENUE version 2026-05-20),
OLD GRINGO,OLD GRINGO,316211,Fabricación de calzado con corte de piel y cuero,251 y más personas,León,Guanajuato,INDUSTRIAL JULIAN DE OBREGÓN,,,https://www.inegi.org.mx/contenidos/masiva/denue/denue_11_csv.zip,2026-08-26 (DENUE version 2026-05-20),
OLIANSA,OLIANSA,316211,Fabricación de calzado con corte de piel y cuero,251 y más personas,León,Guanajuato,SAN JOSÉ DEL CONSUELO,,WWW.OLIANSA.COM.MX,https://www.inegi.org.mx/contenidos/masiva/denue/denue_11_csv.zip,2026-08-26 (DENUE version 2026-05-20),
ON YOUR FEET AND SHOES SPI DE CV,ON YOUR FEET AND SHOES S P I DE C V,316211,Fabricación de calzado con corte de piel y cuero,101 a 250 personas,León,Guanajuato,CIUDAD SATÉLITE,,,https://www.inegi.org.mx/contenidos/masiva/denue/denue_11_csv.zip,2026-08-26 (DENUE version 2026-05-20),
OPERADORA DE MOLINOS,OPERADORA DE MOLINOS,311110,Elaboración de alimentos para animales,101 a 250 personas,Salamanca,Guanajuato,SAN VICENTE,,WWW.NUTROLINE.COM,https://www.inegi.org.mx/contenidos/masiva/denue/denue_11_csv.zip,2026-08-26 (DENUE version 2026-05-20),
PILSAC,PRODUCTOS INDUSTRIALES DE LEON,311991,Elaboración de gelatinas y otros postres en polvo,101 a 250 personas,León,Guanajuato,PRO. ORIENTE LA RESERVA,,WWW.PILSAC.COM.MX,https://www.inegi.org.mx/contenidos/masiva/denue/denue_11_csv.zip,2026-08-26 (DENUE version 2026-05-20),
PIMA EXPORT,PIMA EXPORT,316211,Fabricación de calzado con corte de piel y cuero,101 a 250 personas,León,Guanajuato,SAN MIGUEL DP07A,4774098916,,https://www.inegi.org.mx/contenidos/masiva/denue/denue_11_csv.zip,2026-08-26 (DENUE version 2026-05-20),
PIRMA BRASIL,MANUFACTURERA DE CALZADO CARIBEAN,316211,Fabricación de calzado con corte de piel y cuero,251 y más personas,Purísima del Rincón,Guanajuato,JARDINES DE PURISIMA,,,https://www.inegi.org.mx/contenidos/masiva/denue/denue_11_csv.zip,2026-08-26 (DENUE version 2026-05-20),
PIVEG,PIVEG,311930,"Elaboración de concentrados, polvos, jarabes y esencias de sabor para bebidas",101 a 250 personas,Celaya,Guanajuato,EX HACIENDA DE ESTRADA,,,https://www.inegi.org.mx/contenidos/masiva/denue/denue_11_csv.zip,2026-08-26 (DENUE version 2026-05-20),
PLANTA CEDIS CELAYA,BEBIDAS PURIFICADAS,312111,Elaboración de refrescos y otras bebidas no alcohólicas,251 y más personas,Celaya,Guanajuato,ZONA INDUSTRIAL PONIENTE,,WWW.GEPP.COM.MX,https://www.inegi.org.mx/contenidos/masiva/denue/denue_11_csv.zip,2026-08-26 (DENUE version 2026-05-20),
PLANTA CELAYA,EMBOTELLADORA MEXICANA DE BEBIDAS REFRESCANTES,312111,Elaboración de refrescos y otras bebidas no alcohólicas,251 y más personas,Celaya,Guanajuato,TRES GUERRAS,,WWW.COCA-COLA.COM.MX,https://www.inegi.org.mx/contenidos/masiva/denue/denue_11_csv.zip,2026-08-26 (DENUE version 2026-05-20),
PLANTA IRAPUATO UHT,COMERCIALIZADORA DE LACTEOS Y DERIVADOS,311511,Elaboración de leche líquida,251 y más personas,Irapuato,Guanajuato,IRAPUATO,,WWW.LALA.COM.MX,https://www.inegi.org.mx/contenidos/masiva/denue/denue_11_csv.zip,2026-08-26 (DENUE version 2026-05-20),
PLANTA LEON,EMBOTELLADORA MEXICANA DE BEBIDAS REFRESCANTES,312111,Elaboración de refrescos y otras bebidas no alcohólicas,251 y más personas,León,Guanajuato,BUGAMBILIAS,,WWW.COCA-COLA.COM.MX,https://www.inegi.org.mx/contenidos/masiva/denue/denue_11_csv.zip,2026-08-26 (DENUE version 2026-05-20),
PLANTA PROCESADORA DE AVES DIVISION BAJIO,BACHOCO,311611,"Matanza de ganado, aves y otros animales comestibles",251 y más personas,Celaya,Guanajuato,EL VERGEL,,BACHOCO.COM.MX,https://www.inegi.org.mx/contenidos/masiva/denue/denue_11_csv.zip,2026-08-26 (DENUE version 2026-05-20),
PLANTA SIMPLOT,CONGELADORA Y EMPACADORA NACIONAL,311422,Conservación de frutas y verduras por procesos distintos a la congelación y la deshidratación,251 y más personas,Irapuato,Guanajuato,PURISIMA DEL JARDIN,,,https://www.inegi.org.mx/contenidos/masiva/denue/denue_11_csv.zip,2026-08-26 (DENUE version 2026-05-20),
POLIMEROS Y DERIVADOS,POLIMEROS Y DERIVADOS,313230,Fabricación de telas no tejidas (comprimidas),101 a 250 personas,León,Guanajuato,MICHOACÁN,,WWW.POLIMEROSCOM.MX,https://www.inegi.org.mx/contenidos/masiva/denue/denue_11_csv.zip,2026-08-26 (DENUE version 2026-05-20),
POLIMEROS Y DERIVADOS PLANTA HIDALGO,POLIMEROS Y DERIVADOS,313230,Fabricación de telas no tejidas (comprimidas),251 y más personas,León,Guanajuato,SAN JOSÉ DEL CONSUELO,,WWW.POLIMEROS.COM.MX,https://www.inegi.org.mx/contenidos/masiva/denue/denue_11_csv.zip,2026-08-26 (DENUE version 2026-05-20),
PORTAFOLIOS DE PIEL,PORTAFOLIOS DE PIEL,316991,"Fabricación de bolsos de mano, maletas y similares",101 a 250 personas,León,Guanajuato,PRO. FRACCIONES DE SANTA JULIA,,,https://www.inegi.org.mx/contenidos/masiva/denue/denue_11_csv.zip,2026-08-26 (DENUE version 2026-05-20),
PREACABADOS SAN CARLOS,PREACABADOS SAN CARLOS,316999,"Fabricación de otros productos de cuero, piel y materiales sucedáneos",101 a 250 personas,León,Guanajuato,INDUSTRIAL DELTA,,WWW.PREACABADOSSANCARLOS.COM.MX,https://www.inegi.org.mx/contenidos/masiva/denue/denue_11_csv.zip,2026-08-26 (DENUE version 2026-05-20),
PRIME PET,PRIME PET,311110,Elaboración de alimentos para animales,101 a 250 personas,León,Guanajuato,CIUDAD INDUSTRIAL,,,https://www.inegi.org.mx/contenidos/masiva/denue/denue_11_csv.zip,2026-08-26 (DENUE version 2026-05-20),
PROCESADORA SANTA FE,PROCESADORA SANTA FE,311110,Elaboración de alimentos para animales,101 a 250 personas,León,Guanajuato,SAN AGUSTÍN,,,https://www.inegi.org.mx/contenidos/masiva/denue/denue_11_csv.zip,2026-08-26 (DENUE version 2026-05-20),
PROCESADORA TANOK,PROCESADORA TANOK,311411,Congelación de frutas y verduras,251 y más personas,Silao de la Victoria,Guanajuato,LAS COLINAS,,,https://www.inegi.org.mx/contenidos/masiva/denue/denue_11_csv.zip,2026-08-26 (DENUE version 2026-05-20),
PROCESOS HUMEDOS DE LEON,PROCESOS HUMEDOS DE LEON,316110,Curtido y acabado de cuero y piel,101 a 250 personas,León,Guanajuato,ARROYO HONDO,,WWW.PROCESOSHUMEDOSDELEON.COM,https://www.inegi.org.mx/contenidos/masiva/denue/denue_11_csv.zip,2026-08-26 (DENUE version 2026-05-20),
PRODUCTORA INTERNACIONAL DE CALZADO,PRODUCTORA INTERNACIONAL DE CALZADO,316211,Fabricación de calzado con corte de piel y cuero,101 a 250 personas,León,Guanajuato,ARBIDE,,WWW.DANTE.COM,https://www.inegi.org.mx/contenidos/masiva/denue/denue_11_csv.zip,2026-08-26 (DENUE version 2026-05-20),
PRODUCTORA INTERNACIONAL DE CALZADO,PRODUCTORA INTERNACIONAL DE CALZADO,316211,Fabricación de calzado con corte de piel y cuero,101 a 250 personas,León,Guanajuato,INDUSTRIAL JULIAN DE OBREGÓN,,WWW.DANTE.COM,https://www.inegi.org.mx/contenidos/masiva/denue/denue_11_csv.zip,2026-08-26 (DENUE version 2026-05-20),
PRODUCTORA INTERNACIONAL DE CALZADO,PRODUCTORA INTERNACIONAL DE CALZADO,316211,Fabricación de calzado con corte de piel y cuero,251 y más personas,León,Guanajuato,ARBIDE,,WWW.GRUPODANTE.COM,https://www.inegi.org.mx/contenidos/masiva/denue/denue_11_csv.zip,2026-08-26 (DENUE version 2026-05-20),
PRODUCTOS AGRICOLAS LA CAMPIÑA,PRODUCTOS AGRICOLAS LA CAMPIÑA,311411,Congelación de frutas y verduras,101 a 250 personas,Irapuato,Guanajuato,SANTA ELENA,,,https://www.inegi.org.mx/contenidos/masiva/denue/denue_11_csv.zip,2026-08-26 (DENUE version 2026-05-20),
PRODUCTOS FRUGO,PRODUCTOS FRUGO,311411,Congelación de frutas y verduras,251 y más personas,Salamanca,Guanajuato,EL MONTE,,WWW.PRODUCTOSFRUGO.COM.MX,https://www.inegi.org.mx/contenidos/masiva/denue/denue_11_csv.zip,2026-08-26 (DENUE version 2026-05-20),
PRODUCTOS LACTEOS LA LAJA,PRODUCTOS LACTEOS LA LAJA,311513,Elaboración de derivados y fermentos lácteos,101 a 250 personas,Celaya,Guanajuato,RANCHO SECO,,WWW.LACTEOSLALAJA.COM,https://www.inegi.org.mx/contenidos/masiva/denue/denue_11_csv.zip,2026-08-26 (DENUE version 2026-05-20),
PROGEL MEXICANA,PROGEL MEXICANA,311991,Elaboración de gelatinas y otros postres en polvo,101 a 250 personas,León,Guanajuato,ARROYO HONDO,,,https://www.inegi.org.mx/contenidos/masiva/denue/denue_11_csv.zip,2026-08-26 (DENUE version 2026-05-20),
PROSHOE,PROSHOE,316211,Fabricación de calzado con corte de piel y cuero,251 y más personas,León,Guanajuato,INDUSTRIAL LAS BRISAS,,WWW.PROSHOE.COM.MX,https://www.inegi.org.mx/contenidos/masiva/denue/denue_11_csv.zip,2026-08-26 (DENUE version 2026-05-20),
PROVEEDURIA INTERNACIONAL DE LEON,PROVEEDURIA INTERNACIONAL DE LEON,316211,Fabricación de calzado con corte de piel y cuero,101 a 250 personas,Silao de la Victoria,Guanajuato,PUERTO INTERIOR SANTA FE III,,WWW.FLEXI.COM.MX,https://www.inegi.org.mx/contenidos/masiva/denue/denue_11_csv.zip,2026-08-26 (DENUE version 2026-05-20),
PROVEEDURIA INTERNACIONAL DE LEON,PROVEEDURIA INTERNACIONAL DE LEON,316211,Fabricación de calzado con corte de piel y cuero,251 y más personas,León,Guanajuato,ORIENTAL,,WWW.FLEXI.COM.MX,https://www.inegi.org.mx/contenidos/masiva/denue/denue_11_csv.zip,2026-08-26 (DENUE version 2026-05-20),
QUESOS SAN ROQUE,FAMO ALIMENTOS,311513,Elaboración de derivados y fermentos lácteos,251 y más personas,San Francisco del Rincón,Guanajuato,SAN ROQUE DE MONTES,,WWW.QUESOSSNROQUE.COM,https://www.inegi.org.mx/contenidos/masiva/denue/denue_11_csv.zip,2026-08-26 (DENUE version 2026-05-20),
RASTRO IRAPUATO,COMERCIALIZADORA PORCICOLA MEXICANA,311612,"Corte y empacado de carne de ganado, aves y otros animales comestibles",251 y más personas,Irapuato,Guanajuato,EXHACIENDA LA SOLEDAD,,,https://www.inegi.org.mx/contenidos/masiva/denue/denue_11_csv.zip,2026-08-26 (DENUE version 2026-05-20),
RASTRO MUNICIPAL DE LEÓN,RASTRO FRIGORIFICO Y SERVICOS INTEGRALES DEL BAJIO,311611,"Matanza de ganado, aves y otros animales comestibles",251 y más personas,León,Guanajuato,PRO. ORIENTE LA RESERVA,,,https://www.inegi.org.mx/contenidos/masiva/denue/denue_11_csv.zip,2026-08-26 (DENUE version 2026-05-20),
RAUDAL FOOTWEAR,RAUDAL FOOTWEAR,316211,Fabricación de calzado con corte de piel y cuero,251 y más personas,León,Guanajuato,UNIDAD OBRERA,,,https://www.inegi.org.mx/contenidos/masiva/denue/denue_11_csv.zip,2026-08-26 (DENUE version 2026-05-20),
REFRESQUERA INTERNACIONAL SA DE CV,REFRESQUERA INTERNACIONAL,312111,Elaboración de refrescos y otras bebidas no alcohólicas,251 y más personas,León,Guanajuato,INDUSTRIAL JUÁREZ,,WWW.REFRESQUERAAGA.COM,https://www.inegi.org.mx/contenidos/masiva/denue/denue_11_csv.zip,2026-08-26 (DENUE version 2026-05-20),
RETRYVER EVOLUTION,RETRYVER,316211,Fabricación de calzado con corte de piel y cuero,101 a 250 personas,Silao de la Victoria,Guanajuato,LOGISTICS LOS INFNTES,4772282024,,https://www.inegi.org.mx/contenidos/masiva/denue/denue_11_csv.zip,2026-08-26 (DENUE version 2026-05-20),
REY VAL,FABRICA DE CALZADO REY VAL,316211,Fabricación de calzado con corte de piel y cuero,251 y más personas,León,Guanajuato,PRADO HERMOSO,,WWW.REYVAL.COM.MX,https://www.inegi.org.mx/contenidos/masiva/denue/denue_11_csv.zip,2026-08-26 (DENUE version 2026-05-20),
RICAP,RICAP,311930,"Elaboración de concentrados, polvos, jarabes y esencias de sabor para bebidas",101 a 250 personas,Celaya,Guanajuato,EL VERGEL,,WWW.DELISURE.COM,https://www.inegi.org.mx/contenidos/masiva/denue/denue_11_csv.zip,2026-08-26 (DENUE version 2026-05-20),
SAFARI,SAFARI,316211,Fabricación de calzado con corte de piel y cuero,251 y más personas,León,Guanajuato,INDUSTRIAL BRISAS DEL CAMPO,,,https://www.inegi.org.mx/contenidos/masiva/denue/denue_11_csv.zip,2026-08-26 (DENUE version 2026-05-20),
SAN PER,GRUPO INDUSTRIAL GASAER,313320,Fabricación de telas recubiertas,251 y más personas,San Francisco del Rincón,Guanajuato,LOMAS DE BUENA VISTA,,WWW.SANPER.COM.MX,https://www.inegi.org.mx/contenidos/masiva/denue/denue_11_csv.zip,2026-08-26 (DENUE version 2026-05-20),
SANDALIAS AZTLAN,SANDALIAS AZTLAN,316211,Fabricación de calzado con corte de piel y cuero,251 y más personas,León,Guanajuato,MIGUEL HIDALGO,,,https://www.inegi.org.mx/contenidos/masiva/denue/denue_11_csv.zip,2026-08-26 (DENUE version 2026-05-20),
SAPIESA LEON,SACOS DE POLIPROPILENO ESPECIALIZADOS,314911,Confección de costales,251 y más personas,León,Guanajuato,CIUDAD INDUSTRIAL,,WWW.GRUPOORTIZ.MX,https://www.inegi.org.mx/contenidos/masiva/denue/denue_11_csv.zip,2026-08-26 (DENUE version 2026-05-20),
SARASTI,SARASTI,316212,Fabricación de calzado con corte de tela,101 a 250 personas,Purísima del Rincón,Guanajuato,PUERTA DEL SALITRE,,WWW.SARASTI.COM.MX,https://www.inegi.org.mx/contenidos/masiva/denue/denue_11_csv.zip,2026-08-26 (DENUE version 2026-05-20),
SCHNEIDER TANNING,SCHNEIDER TANNING,316110,Curtido y acabado de cuero y piel,101 a 250 personas,León,Guanajuato,PARQUE INDUSTRIAL ECOLÓGICO DE LEÓN,,WWW.SCHNEIDERTANNING.COM,https://www.inegi.org.mx/contenidos/masiva/denue/denue_11_csv.zip,2026-08-26 (DENUE version 2026-05-20),
SCHREIBER MEXICO,SCHREIBER MEXICO,311513,Elaboración de derivados y fermentos lácteos,251 y más personas,Silao de la Victoria,Guanajuato,PUERTO INTERIOR,,WWW.SCHREIBERFOODS.COM,https://www.inegi.org.mx/contenidos/masiva/denue/denue_11_csv.zip,2026-08-26 (DENUE version 2026-05-20),
SENSIENT FLAVORS MEXICO,SENSIENT FLAVORS MEXICO,311940,Elaboración de condimentos y aderezos,101 a 250 personas,Celaya,Guanajuato,ZONA INDUSTRIAL PONIENTE,,,https://www.inegi.org.mx/contenidos/masiva/denue/denue_11_csv.zip,2026-08-26 (DENUE version 2026-05-20),
SIGMA ALIMENTOS CENTRO,SIGMA ALIMENTOS CENTRO,311612,"Corte y empacado de carne de ganado, aves y otros animales comestibles",251 y más personas,Pénjamo,Guanajuato,ESTACIÓN PENJAMO,,,https://www.inegi.org.mx/contenidos/masiva/denue/denue_11_csv.zip,2026-08-26 (DENUE version 2026-05-20),
SIGMA ALIMENTOS LACTEOS,SIGMA ALIMENTOS LACTEOS,311513,Elaboración de derivados y fermentos lácteos,251 y más personas,Celaya,Guanajuato,CIUDAD INDUSTRIAL,,,https://www.inegi.org.mx/contenidos/masiva/denue/denue_11_csv.zip,2026-08-26 (DENUE version 2026-05-20),
SONATA CALCETIN,SONATA CALCETIN,315121,Fabricación de calcetines y medias de tejido de punto,101 a 250 personas,Huanímaro,Guanajuato,EL LIBRAMIENTO,,,https://www.inegi.org.mx/contenidos/masiva/denue/denue_11_csv.zip,2026-08-26 (DENUE version 2026-05-20),
SONATA CALCETIN,SONATA CALCETIN,315121,Fabricación de calcetines y medias de tejido de punto,251 y más personas,Irapuato,Guanajuato,EL ZAPOTE,,WWW.SONATACALCETIN.COM,https://www.inegi.org.mx/contenidos/masiva/denue/denue_11_csv.zip,2026-08-26 (DENUE version 2026-05-20),
STRAW WEAVERS,STRAW WEAVERS,313111,Preparación e hilado de fibras duras naturales,101 a 250 personas,Celaya,Guanajuato,EL SAUZ DE VILLASEÑOR,,,https://www.inegi.org.mx/contenidos/masiva/denue/denue_11_csv.zip,2026-08-26 (DENUE version 2026-05-20),
STRONGER SHOES,STRONGER SHOES,316211,Fabricación de calzado con corte de piel y cuero,101 a 250 personas,León,Guanajuato,SAN MIGUEL,,,https://www.inegi.org.mx/contenidos/masiva/denue/denue_11_csv.zip,2026-08-26 (DENUE version 2026-05-20),
STYLE MANUFATURERS,DOG STYLE,316991,"Fabricación de bolsos de mano, maletas y similares",251 y más personas,León,Guanajuato,EL POTRERO DE LA CAJA,,,https://www.inegi.org.mx/contenidos/masiva/denue/denue_11_csv.zip,2026-08-26 (DENUE version 2026-05-20),
SUCROLIQ,SUCROLIQ,311999,Elaboración de otros alimentos,251 y más personas,Irapuato,Guanajuato,CIUDAD INDUSTRIAL,,,https://www.inegi.org.mx/contenidos/masiva/denue/denue_11_csv.zip,2026-08-26 (DENUE version 2026-05-20),
SUELAS PREACABADAS PREMES,PREMES,316999,"Fabricación de otros productos de cuero, piel y materiales sucedáneos",101 a 250 personas,León,Guanajuato,CIUDAD SATÉLITE,,WWW.SUELASPREACABADAS.COM.MX,https://www.inegi.org.mx/contenidos/masiva/denue/denue_11_csv.zip,2026-08-26 (DENUE version 2026-05-20),
SUELAS WYNY,SUELAS WYNY,316110,Curtido y acabado de cuero y piel,251 y más personas,Purísima del Rincón,Guanajuato,PUERTA DEL CERRO,,WWW.WYNY.COM.MX,https://www.inegi.org.mx/contenidos/masiva/denue/denue_11_csv.zip,2026-08-26 (DENUE version 2026-05-20),
SUSAZON,SUSAZON,311612,"Corte y empacado de carne de ganado, aves y otros animales comestibles",101 a 250 personas,Celaya,Guanajuato,CIUDAD INDUSTRIAL,,,https://www.inegi.org.mx/contenidos/masiva/denue/denue_11_csv.zip,2026-08-26 (DENUE version 2026-05-20),
TAEKNOCUERO,PIELES Y DERIVADOS INTERNACIONALES,316110,Curtido y acabado de cuero y piel,101 a 250 personas,Silao de la Victoria,Guanajuato,PUERTO INTERIOR,,WWW.TEKNOCUERO.COM,https://www.inegi.org.mx/contenidos/masiva/denue/denue_11_csv.zip,2026-08-26 (DENUE version 2026-05-20),
TAYLOR FARMS DE MÉXICO S DE RL DE CV,TAYLOR FARMS DE MEXICO,311993,Elaboración de alimentos frescos para consumo inmediato,251 y más personas,Doctor Mora,Guanajuato,FLORENCIA,4191090500,WWW.TAYLORFARMS.COM,https://www.inegi.org.mx/contenidos/masiva/denue/denue_11_csv.zip,2026-08-26 (DENUE version 2026-05-20),
TENERIA PANAMERICANA DEL BAJIO,TENERIA PANAMERICANA DEL BAJIO,316110,Curtido y acabado de cuero y piel,101 a 250 personas,León,Guanajuato,PRO. PONIENTE HACIENDA ECHEVESTE,,WWW.TPANAMERICANA.COM,https://www.inegi.org.mx/contenidos/masiva/denue/denue_11_csv.zip,2026-08-26 (DENUE version 2026-05-20),
TENERIA PANAMERICANA DEL BAJIO,TENERIA PANAMERICANA DEL BAJIO,316110,Curtido y acabado de cuero y piel,101 a 250 personas,León,Guanajuato,PRO. PONIENTE HACIENDA ECHEVESTE,,WWW.TPANAMERICANA.COM,https://www.inegi.org.mx/contenidos/masiva/denue/denue_11_csv.zip,2026-08-26 (DENUE version 2026-05-20),
TENIS CON IMAGINACION,TENIS CON IMAGINACION,316213,Fabricación de calzado de plástico,101 a 250 personas,León,Guanajuato,SANTA MARÍA DEL GRANJENO,,WWW.IMAGINATENIS.COM,https://www.inegi.org.mx/contenidos/masiva/denue/denue_11_csv.zip,2026-08-26 (DENUE version 2026-05-20),
TENIS COURT,MANUFACTURA COMPETITIVA DE CALZADO,316212,Fabricación de calzado con corte de tela,251 y más personas,León,Guanajuato,PRO. FRACCIONES DE CAÑADA DE ALFARO,4772284513,WWW.COURT.COM.MX,https://www.inegi.org.mx/contenidos/masiva/denue/denue_11_csv.zip,2026-08-26 (DENUE version 2026-05-20),
TENIS KILLER S,MANUFACTURERA DE CALZADO MORLI,316213,Fabricación de calzado de plástico,101 a 250 personas,San Francisco del Rincón,Guanajuato,LOS REMEDIOS,,,https://www.inegi.org.mx/contenidos/masiva/denue/denue_11_csv.zip,2026-08-26 (DENUE version 2026-05-20),
TENIS PONTIAC,GRUPO DAYGO,316212,Fabricación de calzado con corte de tela,101 a 250 personas,San Francisco del Rincón,Guanajuato,EL LLANO,,WWW.TENISPONTIAC.COM,https://www.inegi.org.mx/contenidos/masiva/denue/denue_11_csv.zip,2026-08-26 (DENUE version 2026-05-20),
TEQUILERA CORRALEJO,TEQUILERA CORRALEJO,312144,Elaboración de tequila,101 a 250 personas,Pénjamo,Guanajuato,ESTACION CORRALEJO,,,https://www.inegi.org.mx/contenidos/masiva/denue/denue_11_csv.zip,2026-08-26 (DENUE version 2026-05-20),
TEXTILES LEON KAPPA,TEXTILES LEON,313220,Fabricación de telas angostas de tejido de trama y pasamanería,101 a 250 personas,León,Guanajuato,INDUSTRIAL DELTA,,WWW.TEXTILESLEON.COM,https://www.inegi.org.mx/contenidos/masiva/denue/denue_11_csv.zip,2026-08-26 (DENUE version 2026-05-20),
TINTO SHOES,TINTO SHOES,316211,Fabricación de calzado con corte de piel y cuero,251 y más personas,León,Guanajuato,INDUSTRIAL BRISAS DEL CAMPO,,,https://www.inegi.org.mx/contenidos/masiva/denue/denue_11_csv.zip,2026-08-26 (DENUE version 2026-05-20),
TOSTIRICAS,TOSTIRICAS NIETO,311910,Elaboración de botanas,251 y más personas,San José Iturbide,Guanajuato,OPCION LOS NOGALES,,,https://www.inegi.org.mx/contenidos/masiva/denue/denue_11_csv.zip,2026-08-26 (DENUE version 2026-05-20),
TRIPLES,ALMACEN DE CALZADO DUMAGU,316211,Fabricación de calzado con corte de piel y cuero,251 y más personas,León,Guanajuato,PRESIDENTES DE MÉXICO,,WWW.TRIPLES.COM.MX,https://www.inegi.org.mx/contenidos/masiva/denue/denue_11_csv.zip,2026-08-26 (DENUE version 2026-05-20),
UNIFOODS,UNIFOODS,311513,Elaboración de derivados y fermentos lácteos,251 y más personas,Cortazar,Guanajuato,LA FORTALEZA,,,https://www.inegi.org.mx/contenidos/masiva/denue/denue_11_csv.zip,2026-08-26 (DENUE version 2026-05-20),
UNION GANADERA REGIONAL DE PORCICULTORES DE GUANAJUATO,UNION GANADERA REGIONAL DE PORCICULTORES DE GUANAJUATO,311110,Elaboración de alimentos para animales,101 a 250 personas,Irapuato,Guanajuato,INDUSTRIAL,4621530191,WWW.UGRP.MX,https://www.inegi.org.mx/contenidos/masiva/denue/denue_11_csv.zip,2026-08-26 (DENUE version 2026-05-20),
VALONIA SPORT,VALONIA SPORT,316212,Fabricación de calzado con corte de tela,251 y más personas,Purísima del Rincón,Guanajuato,LOMAS DE GUANAJUATITO,,,https://www.inegi.org.mx/contenidos/masiva/denue/denue_11_csv.zip,2026-08-26 (DENUE version 2026-05-20),
VAQUERAS,VAQUERAS,316211,Fabricación de calzado con corte de piel y cuero,251 y más personas,León,Guanajuato,INDUSTRIAL JULIAN DE OBREGÓN,,WWW.VAQUERAS.COM,https://www.inegi.org.mx/contenidos/masiva/denue/denue_11_csv.zip,2026-08-26 (DENUE version 2026-05-20),
VERDE TABACO,GRUPO RIMAR,316211,Fabricación de calzado con corte de piel y cuero,101 a 250 personas,San Francisco del Rincón,Guanajuato,LA ESTACION,4761068650,WWW.VERDETABACO.COM.MX,https://www.inegi.org.mx/contenidos/masiva/denue/denue_11_csv.zip,2026-08-26 (DENUE version 2026-05-20),
VICENZA,SHY,316211,Fabricación de calzado con corte de piel y cuero,101 a 250 personas,León,Guanajuato,INDUSTRIAL SAN CRISPIN,,WWW.VICENZA.COM.MX,https://www.inegi.org.mx/contenidos/masiva/denue/denue_11_csv.zip,2026-08-26 (DENUE version 2026-05-20),
WOLLSDORF MEXICO,WOLLSDORF MEXICO,316110,Curtido y acabado de cuero y piel,251 y más personas,León,Guanajuato,PARQUE INDUSTRIAL ECOLÓGICO DE LEÓN,4771250987,,https://www.inegi.org.mx/contenidos/masiva/denue/denue_11_csv.zip,2026-08-26 (DENUE version 2026-05-20),
XTRA CONGELADOS NATURALES,XTRA CONGELADOS NATURALES,311411,Congelación de frutas y verduras,251 y más personas,Santa Cruz de Juventino Rosas,Guanajuato,NUEVA,,,https://www.inegi.org.mx/contenidos/masiva/denue/denue_11_csv.zip,2026-08-26 (DENUE version 2026-05-20),
XTRA CONGELADOS NATURALES,XTRA CONGELADOS NATURALES,311411,Congelación de frutas y verduras,251 y más personas,San Francisco del Rincón,Guanajuato,SAN CRISTOBAL,,,https://www.inegi.org.mx/contenidos/masiva/denue/denue_11_csv.zip,2026-08-26 (DENUE version 2026-05-20),
YOUNG GUNS,YOUNG GUNS,316211,Fabricación de calzado con corte de piel y cuero,251 y más personas,León,Guanajuato,INDUSTRIAL JULIAN DE OBREGÓN,,,https://www.inegi.org.mx/contenidos/masiva/denue/denue_11_csv.zip,2026-08-26 (DENUE version 2026-05-20),
ZAPATEROS,ZAPATEROS,316211,Fabricación de calzado con corte de piel y cuero,251 y más personas,León,Guanajuato,PROVIDENCIA,,,https://www.inegi.org.mx/contenidos/masiva/denue/denue_11_csv.zip,2026-08-26 (DENUE version 2026-05-20),
ZAPATO CON H,ZAPATO CON H,316211,Fabricación de calzado con corte de piel y cuero,101 a 250 personas,León,Guanajuato,CLUB LOYOLA,,,https://www.inegi.org.mx/contenidos/masiva/denue/denue_11_csv.zip,2026-08-26 (DENUE version 2026-05-20),
ADE MIL,ADHESIVOS DEL BAJIO,327999,Fabricación de otros productos a base de minerales no metálicos,101 a 250 personas,León,Guanajuato,CIUDAD INDUSTRIAL,,ADEMIL.COM,https://www.inegi.org.mx/contenidos/masiva/denue/denue_11_csv.zip,2026-08-26 (DENUE version 2026-05-20),
ALIGERADOS PADDA,ALIGERADOS PADDA,326290,Fabricación de otros productos de hule,251 y más personas,León,Guanajuato,SAN JOSÉ EL ALTO,4771609004,WWW.PADDA.MX,https://www.inegi.org.mx/contenidos/masiva/denue/denue_11_csv.zip,2026-08-26 (DENUE version 2026-05-20),
ALPLA MX APASEO EL GRANDE MARISCALA,ALPLA MEXICO,326160,Fabricación de botellas de plástico,251 y más personas,Apaseo el Grande,Guanajuato,CALERAS DE AMEXHE,,WWW.ALPLA.COM,https://www.inegi.org.mx/contenidos/masiva/denue/denue_11_csv.zip,2026-08-26 (DENUE version 2026-05-20),
ALPLA MX SAN JOSE ITURBE (EL BAJIO),ALPLA MEXICO,326160,Fabricación de botellas de plástico,251 y más personas,San José Iturbide,Guanajuato,LA CINTA,,,https://www.inegi.org.mx/contenidos/masiva/denue/denue_11_csv.zip,2026-08-26 (DENUE version 2026-05-20),
ALTOPRO,ALTOPRO,326192,Fabricación de autopartes de plástico con y sin reforzamiento,251 y más personas,Irapuato,Guanajuato,CASTRO DEL RIO,,,https://www.inegi.org.mx/contenidos/masiva/denue/denue_11_csv.zip,2026-08-26 (DENUE version 2026-05-20),
ALTOPRO,ALTOPRO,326110,Fabricación de bolsas y películas de plástico flexible,251 y más personas,Irapuato,Guanajuato,CASTRO DEL RIO,,WWW.ALTOPRO.COM.MX,https://www.inegi.org.mx/contenidos/masiva/denue/denue_11_csv.zip,2026-08-26 (DENUE version 2026-05-20),
AMERICAN INDUSTRIES DEL CENTRO PLANTA GROUND EFFECTS,AMERICAN INDUSTRIES DEL CENTRO,326192,Fabricación de autopartes de plástico con y sin reforzamiento,251 y más personas,Silao de la Victoria,Guanajuato,PUERTO INTERIOR,,,https://www.inegi.org.mx/contenidos/masiva/denue/denue_11_csv.zip,2026-08-26 (DENUE version 2026-05-20),
ANCHOR BAY PACKAGING DE MEXICO,ANCHOR BAY PACKAGING DE MEXICO,322210,Fabricación de envases de cartón,251 y más personas,León,Guanajuato,LOS LÓPEZ,8120369464,WWW.ANCHORBAYPACKAGING.COM,https://www.inegi.org.mx/contenidos/masiva/denue/denue_11_csv.zip,2026-08-26 (DENUE version 2026-05-20),
APG MEXICO AUTOMOTIVE PLASTICS GROUP MEXICO,APG MEXICO AUTOMOTIVE PLASTICS GROUP MEXICO PLANTA APG MEXICO,326192,Fabricación de autopartes de plástico con y sin reforzamiento,251 y más personas,San José Iturbide,Guanajuato,PARQUE OPCION LOS NOGALES,,WWW.APGMEXICO.MX,https://www.inegi.org.mx/contenidos/masiva/denue/denue_11_csv.zip,2026-08-26 (DENUE version 2026-05-20),
BEIERSDORF MANUFACTURING MEXICO,BEIERSDORF MANUFACTURING MEXICO,325620,"Fabricación de cosméticos, perfumes y otras preparaciones de tocador",251 y más personas,Silao de la Victoria,Guanajuato,PUERTO INTERIOR,,WWW.BEIERSDORF.COM,https://www.inegi.org.mx/contenidos/masiva/denue/denue_11_csv.zip,2026-08-26 (DENUE version 2026-05-20),
BENOL CONCRETOS,BENOL CONCRETOS,327320,Fabricación de concreto,101 a 250 personas,León,Guanajuato,SAN PEDRO DEL MONTE,,WWW.BENOL.COM.MX,https://www.inegi.org.mx/contenidos/masiva/denue/denue_11_csv.zip,2026-08-26 (DENUE version 2026-05-20),
BEST GRAPHICS,BEST GRAPHICS,322210,Fabricación de envases de cartón,101 a 250 personas,Purísima del Rincón,Guanajuato,CENTRO,,WWW.BESTGRAPHICS.COM.MX,https://www.inegi.org.mx/contenidos/masiva/denue/denue_11_csv.zip,2026-08-26 (DENUE version 2026-05-20),
BETA PROCESOS,BETA PROCESOS,325610,"Fabricación de jabones, limpiadores y dentífricos",251 y más personas,Celaya,Guanajuato,CIUDAD INDUSTRIAL,,,https://www.inegi.org.mx/contenidos/masiva/denue/denue_11_csv.zip,2026-08-26 (DENUE version 2026-05-20),
BI QEM,BI QEM,325211,Fabricación de resinas sintéticas,101 a 250 personas,Villagrán,Guanajuato,EL CUARTEL,,WWW.BI-QEM.COM,https://www.inegi.org.mx/contenidos/masiva/denue/denue_11_csv.zip,2026-08-26 (DENUE version 2026-05-20),
BIO PAPPEL,BIO PAPPEL,322210,Fabricación de envases de cartón,251 y más personas,Silao de la Victoria,Guanajuato,PARQUE INDUSTRIAL SANTA FE,,WWW.BIOPAPPEL.COM,https://www.inegi.org.mx/contenidos/masiva/denue/denue_11_csv.zip,2026-08-26 (DENUE version 2026-05-20),
BIO PAPPEL,BIO PAPPEL,322121,Fabricación de papel en plantas integradas,101 a 250 personas,Silao de la Victoria,Guanajuato,PUERTO INTERIOR,,,https://www.inegi.org.mx/contenidos/masiva/denue/denue_11_csv.zip,2026-08-26 (DENUE version 2026-05-20),
BODEGA LEÓN,CEMENTOS MOCTEZUMA,327310,Fabricación de cemento y productos a base de cemento en plantas integradas,101 a 250 personas,León,Guanajuato,PARQUE INDUSTRIAL ECOLOGICO,,WWW.MOCTEZUMA.COM.MX,https://www.inegi.org.mx/contenidos/masiva/denue/denue_11_csv.zip,2026-08-26 (DENUE version 2026-05-20),
BODEGAS WEBASTO,CONOCER,326192,Fabricación de autopartes de plástico con y sin reforzamiento,101 a 250 personas,Irapuato,Guanajuato,CASTRO DEL RIO,,,https://www.inegi.org.mx/contenidos/masiva/denue/denue_11_csv.zip,2026-08-26 (DENUE version 2026-05-20),
BOS AUTOMOTIVE PRODUCTS GUANAJUATO,BOS AUTOMOTIVE PRODUCTS IRAPUATO,326192,Fabricación de autopartes de plástico con y sin reforzamiento,251 y más personas,Guanajuato,Guanajuato,SAN JOSE DE LLANOS,,,https://www.inegi.org.mx/contenidos/masiva/denue/denue_11_csv.zip,2026-08-26 (DENUE version 2026-05-20),
BOS AUTOMOTIVE PRODUCTS IRAPUATO,BOS AUTOMOTIVE PRODUCTS IRAPUATO,326192,Fabricación de autopartes de plástico con y sin reforzamiento,251 y más personas,Irapuato,Guanajuato,PARQUE TECNO INDUSTRIAL CASTRO DEL RIO,4291205278,WWW.BOS.DE,https://www.inegi.org.mx/contenidos/masiva/denue/denue_11_csv.zip,2026-08-26 (DENUE version 2026-05-20),
CAJAS E IMPRESIONES COMETA,CAJAS E IMPRESIONES COMETA,322210,Fabricación de envases de cartón,101 a 250 personas,León,Guanajuato,PRO. FRACCIONES DE SAN CARLOS,,WWW.ICOMETA.COM,https://www.inegi.org.mx/contenidos/masiva/denue/denue_11_csv.zip,2026-08-26 (DENUE version 2026-05-20),
CARCOUSTICS,CARCOUSTICS INDUSTRIAL DE MEXICO,326192,Fabricación de autopartes de plástico con y sin reforzamiento,101 a 250 personas,San Miguel de Allende,Guanajuato,POLIGONO EMPRESARIAL SAN MIGUEL,,WWW.CARCOUSTICS.COM,https://www.inegi.org.mx/contenidos/masiva/denue/denue_11_csv.zip,2026-08-26 (DENUE version 2026-05-20),
CARTO EMPAQUES DEL CENTRO,CARTO EMPAQUES DEL CENTRO,322210,Fabricación de envases de cartón,101 a 250 personas,Yuriria,Guanajuato,PROVISTE,,,https://www.inegi.org.mx/contenidos/masiva/denue/denue_11_csv.zip,2026-08-26 (DENUE version 2026-05-20),
CARTONES MICROCORRUGADOS,CARTONES MICROCORRUGADOS,322132,Fabricación de cartón y cartoncillo a partir de pulpa,251 y más personas,León,Guanajuato,CIUDAD INDUSTRIAL,,WWW.CARTOMICRO.COM.MX,https://www.inegi.org.mx/contenidos/masiva/denue/denue_11_csv.zip,2026-08-26 (DENUE version 2026-05-20),
CERAMICA ANTIQUE,CERAMICA ANTIQUE,327123,Fabricación de productos refractarios,101 a 250 personas,Dolores Hidalgo Cuna de la Independencia Nacional,Guanajuato,REFUGIO DE MONTELONGO,,WWW.CERAMICAANTIQUE.COM,https://www.inegi.org.mx/contenidos/masiva/denue/denue_11_csv.zip,2026-08-26 (DENUE version 2026-05-20),
CIKAUTXO MEXICO,CIKAUTXO DE MEXICO,326290,Fabricación de otros productos de hule,251 y más personas,León,Guanajuato,PARQUE INDUSTRIAL COLINAS DE LEÓN,,,https://www.inegi.org.mx/contenidos/masiva/denue/denue_11_csv.zip,2026-08-26 (DENUE version 2026-05-20),
CLASS LABELS,CLASS LABELS,323119,Impresión de formas continuas y otros impresos,101 a 250 personas,León,Guanajuato,GUADALUPE,,WWW.CLASS-LABELS.COM,https://www.inegi.org.mx/contenidos/masiva/denue/denue_11_csv.zip,2026-08-26 (DENUE version 2026-05-20),
COMPAÑIA PLASTICA INTERNACIONAL,COMPAÑIA PLASTICA INTERNACIONAL,326192,Fabricación de autopartes de plástico con y sin reforzamiento,101 a 250 personas,Celaya,Guanajuato,CIUDAD INDUSTRIAL,,,https://www.inegi.org.mx/contenidos/masiva/denue/denue_11_csv.zip,2026-08-26 (DENUE version 2026-05-20),
CORCEL,CORCEL,325212,Fabricación de hules sintéticos,101 a 250 personas,León,Guanajuato,CIUDAD INDUSTRIAL,,,https://www.inegi.org.mx/contenidos/masiva/denue/denue_11_csv.zip,2026-08-26 (DENUE version 2026-05-20),
CORESBA,CORRUGADOS ESPECIALIZADOS DEL BAJIO,322210,Fabricación de envases de cartón,101 a 250 personas,Celaya,Guanajuato,CIUDAD INDUSTRIAL,,WWW.CORESBA.COM,https://www.inegi.org.mx/contenidos/masiva/denue/denue_11_csv.zip,2026-08-26 (DENUE version 2026-05-20),
CORRUGADOS LEON,CORRUGADOS LEON,322210,Fabricación de envases de cartón,101 a 250 personas,León,Guanajuato,CIUDAD INDUSTRIAL,,WWW.CORUGADOSLEON.COM,https://www.inegi.org.mx/contenidos/masiva/denue/denue_11_csv.zip,2026-08-26 (DENUE version 2026-05-20),
DALTILE MEXICO SALAMANCA,DALTILE MEXICO,327122,Fabricación de azulejos y losetas no refractarias,251 y más personas,Salamanca,Guanajuato,CAMINO A LA CAL,,WWW.DALTILE.COM,https://www.inegi.org.mx/contenidos/masiva/denue/denue_11_csv.zip,2026-08-26 (DENUE version 2026-05-20),
DATWYLER SEALING TECHNOLOGIES MEXICO,DATWYLER SEALING TECHNOLOGIES MEXICO,326290,Fabricación de otros productos de hule,251 y más personas,Silao de la Victoria,Guanajuato,LAS COLINAS,,WWW.DATWAYLER.COM,https://www.inegi.org.mx/contenidos/masiva/denue/denue_11_csv.zip,2026-08-26 (DENUE version 2026-05-20),
DELFINGEN MX COAHUILA,DELFINGEN MX COAHUILA,326120,"Fabricación de tubería y conexiones, y tubos para embalaje",251 y más personas,Apaseo el Grande,Guanajuato,AMISTAD DEL BAJIO,,WWW.DELFINGE.COM,https://www.inegi.org.mx/contenidos/masiva/denue/denue_11_csv.zip,2026-08-26 (DENUE version 2026-05-20),
DISTRIBUIDORA DE SUMINISTROS,DISTRIBUIDORA DE SUMINISTROS,326192,Fabricación de autopartes de plástico con y sin reforzamiento,101 a 250 personas,Irapuato,Guanajuato,CUARTA BRIGADA,4622139519,,https://www.inegi.org.mx/contenidos/masiva/denue/denue_11_csv.zip,2026-08-26 (DENUE version 2026-05-20),
DONG NAM,VICPOLY,326194,Fabricación de otros productos de plástico de uso industrial sin reforzamiento,101 a 250 personas,Purísima del Rincón,Guanajuato,LOMAS DE BUENAVISTA,,WWW.DNCHEMICALS.COM,https://www.inegi.org.mx/contenidos/masiva/denue/denue_11_csv.zip,2026-08-26 (DENUE version 2026-05-20),
ECOPAPEL DEL BAJIO,CELULOSA Y PAPEL DEL BAJIO,322122,Fabricación de papel a partir de pulpa,101 a 250 personas,León,Guanajuato,PRO. SUR SAN SEBASTIAN,,WWW.CEYPABASA.COM,https://www.inegi.org.mx/contenidos/masiva/denue/denue_11_csv.zip,2026-08-26 (DENUE version 2026-05-20),
EKO EMPAQUES DE CARTON,EKO EMPAQUES DE CARTON,322210,Fabricación de envases de cartón,251 y más personas,Cortazar,Guanajuato,LA FORTALEZA,4424324002,EKOEMPAQUES.COM,https://www.inegi.org.mx/contenidos/masiva/denue/denue_11_csv.zip,2026-08-26 (DENUE version 2026-05-20),
EMPAQUES ESPECIALIZADOS DEL CENTRO,EMPAQUES ESPECIALIZADOS DEL CENTRO,326290,Fabricación de otros productos de hule,101 a 250 personas,León,Guanajuato,SAN NICOLAS,,,https://www.inegi.org.mx/contenidos/masiva/denue/denue_11_csv.zip,2026-08-26 (DENUE version 2026-05-20),
ENVASES MICROONDA BODEGA LEON,ENVASES MICROONDA,322210,Fabricación de envases de cartón,251 y más personas,León,Guanajuato,SANTA ANA DEL CONDE,,,https://www.inegi.org.mx/contenidos/masiva/denue/denue_11_csv.zip,2026-08-26 (DENUE version 2026-05-20),
ENVASES UNIVERSALES DE MEXICO,ENVASES UNIVERSALES DE MEXICO,326160,Fabricación de botellas de plástico,101 a 250 personas,León,Guanajuato,BUGAMBILIAS,,WWW.ENVASES.MX,https://www.inegi.org.mx/contenidos/masiva/denue/denue_11_csv.zip,2026-08-26 (DENUE version 2026-05-20),
ENVASES UNIVERSALES DE MEXICO,ENVASES UNIVERSALES DE MEXICO,326160,Fabricación de botellas de plástico,101 a 250 personas,León,Guanajuato,CD INDUSTRIAL,,WWW.ENVASES.MX,https://www.inegi.org.mx/contenidos/masiva/denue/denue_11_csv.zip,2026-08-26 (DENUE version 2026-05-20),
EQUINOX,EQUINOX,325320,"Fabricación de pesticidas y otros agroquímicos, excepto fertilizantes",101 a 250 personas,Celaya,Guanajuato,CIUDAD INDUSTRIAL,,WWW.EQUINOXAGRO.COM,https://www.inegi.org.mx/contenidos/masiva/denue/denue_11_csv.zip,2026-08-26 (DENUE version 2026-05-20),
ESTILO Y VANIDAD,ESTILO Y VANIDAD,325620,"Fabricación de cosméticos, perfumes y otras preparaciones de tocador",251 y más personas,San José Iturbide,Guanajuato,LAS LIEBRES,,,https://www.inegi.org.mx/contenidos/masiva/denue/denue_11_csv.zip,2026-08-26 (DENUE version 2026-05-20),
ETIQUETAS Y EMBALAJES MIGLIORE,ETIQUETAS Y EMBALAJES MIGLIORE,322210,Fabricación de envases de cartón,101 a 250 personas,León,Guanajuato,LAS MARGARITAS,,,https://www.inegi.org.mx/contenidos/masiva/denue/denue_11_csv.zip,2026-08-26 (DENUE version 2026-05-20),
EVACOLORS INDUSTRIAL,EVACOLORS INDUSTRIAL,326150,Fabricación de espumas y productos de uretano,101 a 250 personas,León,Guanajuato,JARDINES DEL MORAL,,WWW.EVACOLORS.COM,https://www.inegi.org.mx/contenidos/masiva/denue/denue_11_csv.zip,2026-08-26 (DENUE version 2026-05-20),
FABRICA DE PLASTICO INYECTADO SUMMIT PLASTIC,SUMMIT PLASTIC SILAO,326192,Fabricación de autopartes de plástico con y sin reforzamiento,101 a 250 personas,León,Guanajuato,PARQUE INDUSTRIAL COLINAS DE LEON II,,,https://www.inegi.org.mx/contenidos/masiva/denue/denue_11_csv.zip,2026-08-26 (DENUE version 2026-05-20),
FABRICACION DE CERAMICA TRINITATE,CERAMISTAS UNIDOS,327111,"Fabricación de artículos de alfarería, porcelana y loza",101 a 250 personas,Silao de la Victoria,Guanajuato,LA TRINIDAD,,WWW.TRINITATE.COM,https://www.inegi.org.mx/contenidos/masiva/denue/denue_11_csv.zip,2026-08-26 (DENUE version 2026-05-20),
FABRICACION DE PANELES PARA CONSTRUCCION ISOCINDU,ISOCINDU,326140,Fabricación de espumas y productos de poliestireno,101 a 250 personas,Silao de la Victoria,Guanajuato,SANTA FÉ 3,,WWW.ISOCINDU.MX,https://www.inegi.org.mx/contenidos/masiva/denue/denue_11_csv.zip,2026-08-26 (DENUE version 2026-05-20),
FABRICACION DE PARTES AUTOMOTRICES ROECHLING,ROECHLING AUTOMOTIVE MEXICO,326192,Fabricación de autopartes de plástico con y sin reforzamiento,101 a 250 personas,León,Guanajuato,ADVANCE PUERTO INTERIOR,4721372991,WWW.ROECHLING.COM,https://www.inegi.org.mx/contenidos/masiva/denue/denue_11_csv.zip,2026-08-26 (DENUE version 2026-05-20),
FERTILIZANTES STOLLER MEXICO,STOLLER MEXICO,325310,Fabricación de fertilizantes,101 a 250 personas,León,Guanajuato,PRO. PONIENTE HACIENDA ECHEVESTE,,WWW.STOLLERMEXICO.COM,https://www.inegi.org.mx/contenidos/masiva/denue/denue_11_csv.zip,2026-08-26 (DENUE version 2026-05-20),
FLEX N GATE MEXICO PLASTICOS,FLEX N GATE MEXICO PLASTICOS,326192,Fabricación de autopartes de plástico con y sin reforzamiento,251 y más personas,San José Iturbide,Guanajuato,PARQUE OPCION,,WWW.FLEX-N-GATE.COM.MX,https://www.inegi.org.mx/contenidos/masiva/denue/denue_11_csv.zip,2026-08-26 (DENUE version 2026-05-20),
FOAM CREATIONS MEXICO,FOAM CREATIONS MEXICO,326194,Fabricación de otros productos de plástico de uso industrial sin reforzamiento,251 y más personas,León,Guanajuato,SAN JOSE DE CEMENTOS,,,https://www.inegi.org.mx/contenidos/masiva/denue/denue_11_csv.zip,2026-08-26 (DENUE version 2026-05-20),
FORMAS GENERALES,FORMAS GENERALES,323119,Impresión de formas continuas y otros impresos,101 a 250 personas,Celaya,Guanajuato,LA CRUZ,,WWW.FORGESA.NET,https://www.inegi.org.mx/contenidos/masiva/denue/denue_11_csv.zip,2026-08-26 (DENUE version 2026-05-20),
FORTIPAK,FORTIPAK,322210,Fabricación de envases de cartón,101 a 250 personas,León,Guanajuato,LAS MARGARITAS,,WWW.FORTIPAK.MX,https://www.inegi.org.mx/contenidos/masiva/denue/denue_11_csv.zip,2026-08-26 (DENUE version 2026-05-20),
FRAENKISCHE INDUSTRIAL PIPES MEXICO,FRAENKISCHE INDUSTRIAL PIPES MEXICO,326220,Fabricación de bandas y mangueras de hule y de plástico,251 y más personas,Silao de la Victoria,Guanajuato,LAS COLINAS,,,https://www.inegi.org.mx/contenidos/masiva/denue/denue_11_csv.zip,2026-08-26 (DENUE version 2026-05-20),
FRESCO PACK,FRESCO PACK,326193,Fabricación de envases y contenedores de plástico para embalaje con y sin reforzamiento,101 a 250 personas,Celaya,Guanajuato,CIUDAD INDUSTRIAL,,,https://www.inegi.org.mx/contenidos/masiva/denue/denue_11_csv.zip,2026-08-26 (DENUE version 2026-05-20),
FUJI SEAL PACKAGING DE MEXICO,FUJI SEAL PACKAGING DE MEXICO,323119,Impresión de formas continuas y otros impresos,251 y más personas,Irapuato,Guanajuato,CASTRO DEL RIO,4626215079,WWW.FUJISEAL.COM/AMERICAS,https://www.inegi.org.mx/contenidos/masiva/denue/denue_11_csv.zip,2026-08-26 (DENUE version 2026-05-20),
FUKOKU MEXICANA,FUKOKU MEXICANA,326290,Fabricación de otros productos de hule,101 a 250 personas,Abasolo,Guanajuato,PARQUE INDUSTRIAL MARAVIS ABASOLO,4621131360,,https://www.inegi.org.mx/contenidos/masiva/denue/denue_11_csv.zip,2026-08-26 (DENUE version 2026-05-20),
GLOBAL PLASTICS DE MEXICO,GLOBAL PLASTICS DE MEXICO,325993,Fabricación de resinas de plásticos reciclados,101 a 250 personas,Celaya,Guanajuato,RANCHO SECO,,,https://www.inegi.org.mx/contenidos/masiva/denue/denue_11_csv.zip,2026-08-26 (DENUE version 2026-05-20),
GRAHAM PACKAGING PLASTIC PRODUCTS DE MÉXICO,GRAHAM PACKAGING PLASTIC PRODUCTS DE MEXICO,326160,Fabricación de botellas de plástico,251 y más personas,Irapuato,Guanajuato,CIUDAD INDUSTRIAL,,WWW.GRAHAMPACKAGING.COM,https://www.inegi.org.mx/contenidos/masiva/denue/denue_11_csv.zip,2026-08-26 (DENUE version 2026-05-20),
GRUPO INDUSTRIAL ARTES GRAFICAS,GRUPO INDUSTRIAL ARTES GRAFICAS,323119,Impresión de formas continuas y otros impresos,101 a 250 personas,Purísima del Rincón,Guanajuato,REFUGIO,,WWW.AGHLABELS.PRO,https://www.inegi.org.mx/contenidos/masiva/denue/denue_11_csv.zip,2026-08-26 (DENUE version 2026-05-20),
GUALA CLOSURES MEXICO,GUALA CLOSURES MEXICO,326194,Fabricación de otros productos de plástico de uso industrial sin reforzamiento,251 y más personas,San José Iturbide,Guanajuato,OPCION NOGALES,,WWW.GUALACLOUSURES.COM,https://www.inegi.org.mx/contenidos/masiva/denue/denue_11_csv.zip,2026-08-26 (DENUE version 2026-05-20),
GUALA DISPENSING MEXICO,GUALA DISPENSING MEXICO,326193,Fabricación de envases y contenedores de plástico para embalaje con y sin reforzamiento,251 y más personas,Silao de la Victoria,Guanajuato,PUERTO INTERIOR,,,https://www.inegi.org.mx/contenidos/masiva/denue/denue_11_csv.zip,2026-08-26 (DENUE version 2026-05-20),
GURPA,GURPA,326110,Fabricación de bolsas y películas de plástico flexible,101 a 250 personas,León,Guanajuato,CIUDAD INDUSTRIAL,,,https://www.inegi.org.mx/contenidos/masiva/denue/denue_11_csv.zip,2026-08-26 (DENUE version 2026-05-20),
HENKEL CAPITAL,HENKEL CAPITAL,325520,Fabricación de adhesivos,251 y más personas,Salamanca,Guanajuato,SALAMANCA CENTRO,5546687818,WWW.HENKEL.COM,https://www.inegi.org.mx/contenidos/masiva/denue/denue_11_csv.zip,2026-08-26 (DENUE version 2026-05-20),
HIROMA PLAST,HIROMA PLAST,326194,Fabricación de otros productos de plástico de uso industrial sin reforzamiento,251 y más personas,Apaseo el Alto,Guanajuato,SAN ANTONIO CALICHAR,,,https://www.inegi.org.mx/contenidos/masiva/denue/denue_11_csv.zip,2026-08-26 (DENUE version 2026-05-20),
HIROTAI AUTOMOTIVE TRIM,HIROTAI AUTOMOTIVE TRIM,326192,Fabricación de autopartes de plástico con y sin reforzamiento,251 y más personas,León,Guanajuato,FRACCIONES DE HACIENDA LA POMPA,4772629327,,https://www.inegi.org.mx/contenidos/masiva/denue/denue_11_csv.zip,2026-08-26 (DENUE version 2026-05-20),
HUFLEX,HUFLEX,326194,Fabricación de otros productos de plástico de uso industrial sin reforzamiento,101 a 250 personas,León,Guanajuato,SAN JOSÉ EL ALTO,,WWW.HUFLEX.COM,https://www.inegi.org.mx/contenidos/masiva/denue/denue_11_csv.zip,2026-08-26 (DENUE version 2026-05-20),
HUTCHINSON AUTOPARTES MEXICO,HUTCHINSON AUTOPARTES MEXICO,326290,Fabricación de otros productos de hule,251 y más personas,Cortazar,Guanajuato,LA ESPERANZA,,WWW.HUTCHINSON.COM,https://www.inegi.org.mx/contenidos/masiva/denue/denue_11_csv.zip,2026-08-26 (DENUE version 2026-05-20),
HUTCHINSON AUTOPARTES MEXICO,HUTCHINSON AUTOPARTES MEXICO,326290,Fabricación de otros productos de hule,251 y más personas,Cortazar,Guanajuato,CRESPO SEGUNDA SECCION,,WWW.HUTCHINSON.COM,https://www.inegi.org.mx/contenidos/masiva/denue/denue_11_csv.zip,2026-08-26 (DENUE version 2026-05-20),
IK PLASTIC COMPOUND MEXICO,IK PLASTIC COMPOUND MEXICO,325211,Fabricación de resinas sintéticas,101 a 250 personas,Silao de la Victoria,Guanajuato,PUERTO INTERIOR,,,https://www.inegi.org.mx/contenidos/masiva/denue/denue_11_csv.zip,2026-08-26 (DENUE version 2026-05-20),
IMBOLSA,IMPULSORA DE BOLSAS,326110,Fabricación de bolsas y películas de plástico flexible,251 y más personas,León,Guanajuato,EL PALOTE,,WWW.EMPAQUESRALI.COM,https://www.inegi.org.mx/contenidos/masiva/denue/denue_11_csv.zip,2026-08-26 (DENUE version 2026-05-20),
IMPRESOS Y CONSTRUCCION INDUSTRIAL REMACE COLORS,IMPRESOS Y CONSTRUCCION INDUSTRIAL REMACE COLORS,323119,Impresión de formas continuas y otros impresos,101 a 250 personas,León,Guanajuato,CIUDAD SATÉLITE,4771007170,,https://www.inegi.org.mx/contenidos/masiva/denue/denue_11_csv.zip,2026-08-26 (DENUE version 2026-05-20),
INDUSTRIAL EL GRANJENO,SOLUCIONES Y VLOK PREFABRICADOS,327330,Fabricación de tubos y bloques de cemento y concreto,101 a 250 personas,León,Guanajuato,PRO. SUR EL GRANJENO,5539125814,WWW.INDUSTRIALELGRANJENO.COM,https://www.inegi.org.mx/contenidos/masiva/denue/denue_11_csv.zip,2026-08-26 (DENUE version 2026-05-20),
INDUSTRIAL VIDRIERA DEL BAJÍO,INDUSTRIAL VIDRIERA DEL BAJIO,327213,Fabricación de envases y ampolletas de vidrio,101 a 250 personas,Pénjamo,Guanajuato,SAN GABRIEL,,,https://www.inegi.org.mx/contenidos/masiva/denue/denue_11_csv.zip,2026-08-26 (DENUE version 2026-05-20),
INDUSTRIAS BORIS,INDUSTRIAS BORIS,326191,Fabricación de productos de plástico para el hogar con y sin reforzamiento,251 y más personas,León,Guanajuato,PRO. PREDIO PROPIOS Y SOLARES,,,https://www.inegi.org.mx/contenidos/masiva/denue/denue_11_csv.zip,2026-08-26 (DENUE version 2026-05-20),
INDUSTRIAS FC,INDUSTRIAS FC,326160,Fabricación de botellas de plástico,101 a 250 personas,Celaya,Guanajuato,CIUDAD INDUSTRIAL,,,https://www.inegi.org.mx/contenidos/masiva/denue/denue_11_csv.zip,2026-08-26 (DENUE version 2026-05-20),
INDUSTRIAS MICHELIN,INDUSTRIAS MICHELIN,326211,Fabricación de llantas y cámaras,251 y más personas,León,Guanajuato,LEON BAJIO,,WWW.MICHELIN.COM,https://www.inegi.org.mx/contenidos/masiva/denue/denue_11_csv.zip,2026-08-26 (DENUE version 2026-05-20),
INTERNATIONAL PAPER SAN JOSE ITURBIDE FABRICA,INTERNATIONAL PAPER MEXICO COMPANY,322210,Fabricación de envases de cartón,101 a 250 personas,San José Iturbide,Guanajuato,LA CANTERA,,WWW.INTERNATIONALPAPER.COM,https://www.inegi.org.mx/contenidos/masiva/denue/denue_11_csv.zip,2026-08-26 (DENUE version 2026-05-20),
INTERNATIONAL PAPER SILAO DE LA VICTORIA,INTERNATIONAL PAPER MEXICO COMPANY,322210,Fabricación de envases de cartón,101 a 250 personas,Silao de la Victoria,Guanajuato,PARQUE INDUSTRIAL FIPASI,,WWW.INTERNATIONALPAPER.COM,https://www.inegi.org.mx/contenidos/masiva/denue/denue_11_csv.zip,2026-08-26 (DENUE version 2026-05-20),
JA,JA,326193,Fabricación de envases y contenedores de plástico para embalaje con y sin reforzamiento,101 a 250 personas,Celaya,Guanajuato,SAN JOSÉ DEL ROMERAL,4661172359,WWW.JASA.MX,https://www.inegi.org.mx/contenidos/masiva/denue/denue_11_csv.zip,2026-08-26 (DENUE version 2026-05-20),
JANESVILLE DE MEXICO,JANESVILLE DE MEXICO,326140,Fabricación de espumas y productos de poliestireno,251 y más personas,Celaya,Guanajuato,CIUDAD DE CELAYA,4525176047,,https://www.inegi.org.mx/contenidos/masiva/denue/denue_11_csv.zip,2026-08-26 (DENUE version 2026-05-20),
KASAI MEXICANA,KASAI MEXICANA,326192,Fabricación de autopartes de plástico con y sin reforzamiento,251 y más personas,León,Guanajuato,CIUDAD INDUSTRIAL,,,https://www.inegi.org.mx/contenidos/masiva/denue/denue_11_csv.zip,2026-08-26 (DENUE version 2026-05-20),
KB COMPONENTS MEXICO,KB COMPONENTS MEXICO,326193,Fabricación de envases y contenedores de plástico para embalaje con y sin reforzamiento,101 a 250 personas,Irapuato,Guanajuato,PARQUE TECNOINDUSTRIAL CASTRO DEL RIO,,WWW.KBCOMPONENTS.COM,https://www.inegi.org.mx/contenidos/masiva/denue/denue_11_csv.zip,2026-08-26 (DENUE version 2026-05-20),
KB COMPONENTS MEXICO,KB COMPONENTS MEXICO,326192,Fabricación de autopartes de plástico con y sin reforzamiento,251 y más personas,Irapuato,Guanajuato,CASTRO DEL RIO,2227087305,WWW.KBCOMPONENTS.COM,https://www.inegi.org.mx/contenidos/masiva/denue/denue_11_csv.zip,2026-08-26 (DENUE version 2026-05-20),
KINUGAWA MEXICO,KINUGAWA MEXICO,326290,Fabricación de otros productos de hule,251 y más personas,Irapuato,Guanajuato,PARQUE TECN OINDUSTRIAL CASTRO DEL RÍO,4621003829,WWW.KINUGAWA.COM.MX,https://www.inegi.org.mx/contenidos/masiva/denue/denue_11_csv.zip,2026-08-26 (DENUE version 2026-05-20),
LABORATORIOS PISA,LABORATORIOS PISA,325412,Fabricación de preparaciones farmacéuticas,101 a 250 personas,León,Guanajuato,EL PELUCHAN,,WWW.PISA.COM.MX,https://www.inegi.org.mx/contenidos/masiva/denue/denue_11_csv.zip,2026-08-26 (DENUE version 2026-05-20),
LABORATORIOS SENOSIAIN,LABORATORIOS SENOSIAIN,325412,Fabricación de preparaciones farmacéuticas,251 y más personas,Celaya,Guanajuato,SANTA RITA,,,https://www.inegi.org.mx/contenidos/masiva/denue/denue_11_csv.zip,2026-08-26 (DENUE version 2026-05-20),
LAPROBA EL AGUILA,LAPROBA EL AGUILA,327121,Fabricación de ladrillos no refractarios,251 y más personas,León,Guanajuato,SANTA ANA DEL CONDE,,WWW.TEJASELAGUILA.COM.MX,https://www.inegi.org.mx/contenidos/masiva/denue/denue_11_csv.zip,2026-08-26 (DENUE version 2026-05-20),EXCLUIDO_ANEXO_A
LIC BOX,LOGISTICS INTEROCEANICA DE CARGA,322210,Fabricación de envases de cartón,251 y más personas,Celaya,Guanajuato,ZONA INDUSTRIAL PONIENTE,,WWW.INTEROCEANICA.COM.MX,https://www.inegi.org.mx/contenidos/masiva/denue/denue_11_csv.zip,2026-08-26 (DENUE version 2026-05-20),
MANUFACTURA DE CONTENEDORES DE PLASTICO ORBIS,ORBIS PLASTIC MOLDING DE MEXICO,326193,Fabricación de envases y contenedores de plástico para embalaje con y sin reforzamiento,251 y más personas,Silao de la Victoria,Guanajuato,PUERTO INTERIOR,,WWW.ORBISCORPORATION.COM,https://www.inegi.org.mx/contenidos/masiva/denue/denue_11_csv.zip,2026-08-26 (DENUE version 2026-05-20),
MANUFACTURA VITROMEX,MANUFACTURAS VITROMEX,327122,Fabricación de azulejos y losetas no refractarias,101 a 250 personas,San José Iturbide,Guanajuato,LAS LIEBRES,,WWW.DALTILE.COM.MX,https://www.inegi.org.mx/contenidos/masiva/denue/denue_11_csv.zip,2026-08-26 (DENUE version 2026-05-20),
MANUFACTURAS VITROMEX PLANTA GUANAJUATO,MANUFACTURAS VITROMEX,327122,Fabricación de azulejos y losetas no refractarias,251 y más personas,San José Iturbide,Guanajuato,LA CONCEPCION DE ABAJO,,WWW.DALTILE.COM.MX,https://www.inegi.org.mx/contenidos/masiva/denue/denue_11_csv.zip,2026-08-26 (DENUE version 2026-05-20),
MAQUILAS DEL BAJIO,EMPAQUES Y MAQUINAS DEL BAJIO MEXICO,323119,Impresión de formas continuas y otros impresos,101 a 250 personas,San José Iturbide,Guanajuato,LAS LIEBRES,,WWW.MAQUILASDELBAJIO.COM,https://www.inegi.org.mx/contenidos/masiva/denue/denue_11_csv.zip,2026-08-26 (DENUE version 2026-05-20),
MEGAPANEL Y BOVEDILLA DE POLIESTIRENO DE MEXICO,MEGAPANEL Y BOVEDILLA DE POLIESTIRENO DE MEXICO,326140,Fabricación de espumas y productos de poliestireno,101 a 250 personas,León,Guanajuato,SAN PEDRO DEL MONTE,,,https://www.inegi.org.mx/contenidos/masiva/denue/denue_11_csv.zip,2026-08-26 (DENUE version 2026-05-20),
MERCA PAPEL,MERCA PAPEL,322299,Fabricación de otros productos de cartón y papel,251 y más personas,León,Guanajuato,PRO. FRACCIONES DE SAN CARLOS,,WWW.MERCAPAPEL.COM,https://www.inegi.org.mx/contenidos/masiva/denue/denue_11_csv.zip,2026-08-26 (DENUE version 2026-05-20),
MEXENIL ADITIVOS,MEXENIL ADITIVOS,325190,Fabricación de otros productos químicos básicos orgánicos,101 a 250 personas,León,Guanajuato,INDUSTRIAL DEL NORTE,,,https://www.inegi.org.mx/contenidos/masiva/denue/denue_11_csv.zip,2026-08-26 (DENUE version 2026-05-20),
MICHEL DE LA TORRE CONCRETOS,MICHEL DE LA TORRE CONCRETOS,327399,Fabricación de otros productos de cemento y concreto,101 a 250 personas,León,Guanajuato,GRANJAS LAS PALOMAS,4773718040,WWW.MITCONCRETO.COM,https://www.inegi.org.mx/contenidos/masiva/denue/denue_11_csv.zip,2026-08-26 (DENUE version 2026-05-20),
MISSION HILLS,MISSION HILLS,325610,"Fabricación de jabones, limpiadores y dentífricos",251 y más personas,San José Iturbide,Guanajuato,LA CANTERA,4191000475,WWW.COLGATE.COM,https://www.inegi.org.mx/contenidos/masiva/denue/denue_11_csv.zip,2026-08-26 (DENUE version 2026-05-20),
MISSION HILLS,MISSION HILLS,325610,"Fabricación de jabones, limpiadores y dentífricos",251 y más personas,San José Iturbide,Guanajuato,LA CANTERA,,WWW.COLGATE.COM,https://www.inegi.org.mx/contenidos/masiva/denue/denue_11_csv.zip,2026-08-26 (DENUE version 2026-05-20),
MODIJSA,MODA INFANTIL Y JUVENIL,326290,Fabricación de otros productos de hule,101 a 250 personas,León,Guanajuato,POLÍGONO INDUSTRIAL MILENIO,,,https://www.inegi.org.mx/contenidos/masiva/denue/denue_11_csv.zip,2026-08-26 (DENUE version 2026-05-20),
MOLTEN AUTOMOTIVE DE MEXICO,MOLTEN AUTOMOTIVE DE MEXICO,326192,Fabricación de autopartes de plástico con y sin reforzamiento,101 a 250 personas,Irapuato,Guanajuato,PARQUE TECNO INDUSTRIAL CASTRO DEL RIO,4624191896,,https://www.inegi.org.mx/contenidos/masiva/denue/denue_11_csv.zip,2026-08-26 (DENUE version 2026-05-20),
MORIROKU TECHNOLOGY DE MEXICO,MORIROKU TECHNOLOGY DE MEXICO,326192,Fabricación de autopartes de plástico con y sin reforzamiento,251 y más personas,Silao de la Victoria,Guanajuato,PUERTO INTERIOR,,,https://www.inegi.org.mx/contenidos/masiva/denue/denue_11_csv.zip,2026-08-26 (DENUE version 2026-05-20),
NAPS GUANAJUATO AMERICAN BOA,NAPS GUANAJUATO,326192,Fabricación de autopartes de plástico con y sin reforzamiento,101 a 250 personas,Guanajuato,Guanajuato,SAN JOSE DE LLANOS,4624784515,,https://www.inegi.org.mx/contenidos/masiva/denue/denue_11_csv.zip,2026-08-26 (DENUE version 2026-05-20),
NAPS GUANAJUATO DIVISION CAM,NAPS GUANAJUATO,326192,Fabricación de autopartes de plástico con y sin reforzamiento,101 a 250 personas,San Miguel de Allende,Guanajuato,CIRCUITO CORRAL DE PIEDRAS (RANCHO LA AURORA),,,https://www.inegi.org.mx/contenidos/masiva/denue/denue_11_csv.zip,2026-08-26 (DENUE version 2026-05-20),
NAPS GUANAJUATO SHAWMUT,NAPS GUANAJUATO,326192,Fabricación de autopartes de plástico con y sin reforzamiento,101 a 250 personas,Silao de la Victoria,Guanajuato,PUERTO INTERIOR,,,https://www.inegi.org.mx/contenidos/masiva/denue/denue_11_csv.zip,2026-08-26 (DENUE version 2026-05-20),
NATURAL HEALTH II,NATURAL HEALTH II,325412,Fabricación de preparaciones farmacéuticas,251 y más personas,Irapuato,Guanajuato,SAN MIGUELITO,4625094086,WWW.NATURAL-HEALTH.MX,https://www.inegi.org.mx/contenidos/masiva/denue/denue_11_csv.zip,2026-08-26 (DENUE version 2026-05-20),
NIFCO CENTRAL MEXICO,NIFCO CENTRAL MEXICO,326192,Fabricación de autopartes de plástico con y sin reforzamiento,251 y más personas,Irapuato,Guanajuato,PARQUE TECNOINDUSTRIAL CASTRO DEL RIO,4622208555,,https://www.inegi.org.mx/contenidos/masiva/denue/denue_11_csv.zip,2026-08-26 (DENUE version 2026-05-20),
NISHIKAWA SEALING SYSTEMS MEXICO,NISHIKAWA SEALING SYSTEMS MEXICO,326290,Fabricación de otros productos de hule,251 y más personas,Silao de la Victoria,Guanajuato,SANTA FE II,,WWW.NRB.JP,https://www.inegi.org.mx/contenidos/masiva/denue/denue_11_csv.zip,2026-08-26 (DENUE version 2026-05-20),
NISSEN CHEMITEC MEXICO,NISSEN CHEMITEC MEXICO,326192,Fabricación de autopartes de plástico con y sin reforzamiento,101 a 250 personas,Valle de Santiago,Guanajuato,SENDAI,,,https://www.inegi.org.mx/contenidos/masiva/denue/denue_11_csv.zip,2026-08-26 (DENUE version 2026-05-20),
NOVARES MEXICO,NOVARES MEXICO,326192,Fabricación de autopartes de plástico con y sin reforzamiento,101 a 250 personas,Silao de la Victoria,Guanajuato,PARQUE INDUSTRIAL SANTA FE III,,WWW.NOVARESGROUP.COM,https://www.inegi.org.mx/contenidos/masiva/denue/denue_11_csv.zip,2026-08-26 (DENUE version 2026-05-20),
NOVATEC LEON,NOVATEC LEON,326192,Fabricación de autopartes de plástico con y sin reforzamiento,101 a 250 personas,León,Guanajuato,PARQUE INDUSTRIAL COLINAS DE LEÓN,4775108874,WWW.NOVATECGROUP.COM.MX,https://www.inegi.org.mx/contenidos/masiva/denue/denue_11_csv.zip,2026-08-26 (DENUE version 2026-05-20),
NOVATEC PAGANI,NOVATEC PAGANI,326193,Fabricación de envases y contenedores de plástico para embalaje con y sin reforzamiento,101 a 250 personas,León,Guanajuato,CIUDAD INDUSTRIAL,,,https://www.inegi.org.mx/contenidos/masiva/denue/denue_11_csv.zip,2026-08-26 (DENUE version 2026-05-20),
NPAMX,NIPPON PAIN AUTOMOTIVE COATING MEXICO,325510,Fabricación de pinturas y recubrimientos,101 a 250 personas,Silao de la Victoria,Guanajuato,PUERTO INTERIOR,,,https://www.inegi.org.mx/contenidos/masiva/denue/denue_11_csv.zip,2026-08-26 (DENUE version 2026-05-20),
PACKAGING STORE,PACKAGING STORE DE MEXICO,322210,Fabricación de envases de cartón,251 y más personas,León,Guanajuato,INDUSTRIAL DELTA,,,https://www.inegi.org.mx/contenidos/masiva/denue/denue_11_csv.zip,2026-08-26 (DENUE version 2026-05-20),
PACKAGING STORE DE MEXICO,PACKAGING STORE DE MEXICO,322210,Fabricación de envases de cartón,251 y más personas,León,Guanajuato,INDUSTRIAL DELTA,,WWW.PACKAGINGSTOREMEXICO.COM,https://www.inegi.org.mx/contenidos/masiva/denue/denue_11_csv.zip,2026-08-26 (DENUE version 2026-05-20),
PAPEL CARTON Y DERIVADOS,PAPEL CARTON Y DERIVADOS,322210,Fabricación de envases de cartón,251 y más personas,Celaya,Guanajuato,CONCEPCION BEISTEGUI,,,https://www.inegi.org.mx/contenidos/masiva/denue/denue_11_csv.zip,2026-08-26 (DENUE version 2026-05-20),
PARTNER IN PACK,PARTNER IN PACK,322210,Fabricación de envases de cartón,101 a 250 personas,Celaya,Guanajuato,CIUDAD INDUSTRIAL,,,https://www.inegi.org.mx/contenidos/masiva/denue/denue_11_csv.zip,2026-08-26 (DENUE version 2026-05-20),
PASS AUTOMOTIVE MEXICO,PASS AUTOMOTIVE MEXICO,326192,Fabricación de autopartes de plástico con y sin reforzamiento,251 y más personas,Irapuato,Guanajuato,APOLO,4621553868,WWW.PASSAUTOMOTIVE.COM,https://www.inegi.org.mx/contenidos/masiva/denue/denue_11_csv.zip,2026-08-26 (DENUE version 2026-05-20),
PASSINI,COSQUIM,325620,"Fabricación de cosméticos, perfumes y otras preparaciones de tocador",101 a 250 personas,León,Guanajuato,INDUSTRIAL DELTA,,,https://www.inegi.org.mx/contenidos/masiva/denue/denue_11_csv.zip,2026-08-26 (DENUE version 2026-05-20),
PELETIZADO DE PLASTICO STACH LION,STACH LION,325993,Fabricación de resinas de plásticos reciclados,101 a 250 personas,León,Guanajuato,LOS LÓPEZ,,WWW.STACH-LION.COM,https://www.inegi.org.mx/contenidos/masiva/denue/denue_11_csv.zip,2026-08-26 (DENUE version 2026-05-20),
PENSTONE MEXICANA,PENSTONE MEXICANA,326192,Fabricación de autopartes de plástico con y sin reforzamiento,251 y más personas,Salamanca,Guanajuato,COMPLEJO INDUSTRIAL SALAMANCA,,,https://www.inegi.org.mx/contenidos/masiva/denue/denue_11_csv.zip,2026-08-26 (DENUE version 2026-05-20),
PIRELLI NEUMATICOS,PIRELLI NEUMATICOS,326211,Fabricación de llantas y cámaras,251 y más personas,Silao de la Victoria,Guanajuato,PUERTO INTERIOR,,,https://www.inegi.org.mx/contenidos/masiva/denue/denue_11_csv.zip,2026-08-26 (DENUE version 2026-05-20),
PLANTA 120 SAYER LACK MEXICANA,SAYER LACK MEXICANA,325510,Fabricación de pinturas y recubrimientos,251 y más personas,Apaseo el Alto,Guanajuato,SAN ISIDRO DEL LLANITO,4424750373,WWW.GRUPOSAYER.COM,https://www.inegi.org.mx/contenidos/masiva/denue/denue_11_csv.zip,2026-08-26 (DENUE version 2026-05-20),
PLANTA BF EMPAQUES,BF EMPAQUES FLEXIBLES DE MEXICO,326110,Fabricación de bolsas y películas de plástico flexible,101 a 250 personas,León,Guanajuato,PREDIO SANTA LUCIA,,,https://www.inegi.org.mx/contenidos/masiva/denue/denue_11_csv.zip,2026-08-26 (DENUE version 2026-05-20),
PLASSES,PLASSES MEXICO,326192,Fabricación de autopartes de plástico con y sin reforzamiento,251 y más personas,Irapuato,Guanajuato,PARQUE TECNO INDUSTRIAL CASTRO DEL RIO,6671011847,WWW.PLASESSCOM.MX,https://www.inegi.org.mx/contenidos/masiva/denue/denue_11_csv.zip,2026-08-26 (DENUE version 2026-05-20),
PLASTIC OMNIUM,PLASTIC OMNIUM AUTO INDUSTRIAL,326192,Fabricación de autopartes de plástico con y sin reforzamiento,251 y más personas,Silao de la Victoria,Guanajuato,LAS COLINAS,3334929894,WWW.PLASTICOMNIUM.COM,https://www.inegi.org.mx/contenidos/masiva/denue/denue_11_csv.zip,2026-08-26 (DENUE version 2026-05-20),
PLASTICOS ADHERIBLES DEL BAJIO PEÑITAS,PLASTICOS ADHERIBLES DEL BAJIO,326191,Fabricación de productos de plástico para el hogar con y sin reforzamiento,101 a 250 personas,León,Guanajuato,PEÑITAS,,,https://www.inegi.org.mx/contenidos/masiva/denue/denue_11_csv.zip,2026-08-26 (DENUE version 2026-05-20),
PLASTICOS ADHERIBLES DEL BAJIO SAN FRANCISCO DEL RINCÓN,PLASTICOS ADHERIBLES DEL BAJIO,326110,Fabricación de bolsas y películas de plástico flexible,101 a 250 personas,San Francisco del Rincón,Guanajuato,CENTRO,,,https://www.inegi.org.mx/contenidos/masiva/denue/denue_11_csv.zip,2026-08-26 (DENUE version 2026-05-20),
PLASTICOS AHERIBLES DEL BAJIO RESTAURADORES,PLASTICOS ADHERIBLES DEL BAJIO,326191,Fabricación de productos de plástico para el hogar con y sin reforzamiento,251 y más personas,León,Guanajuato,CIUDAD INDUSTRIAL,,,https://www.inegi.org.mx/contenidos/masiva/denue/denue_11_csv.zip,2026-08-26 (DENUE version 2026-05-20),
PLASTICOS BREMEN,PLASTICOS BREMEN,326194,Fabricación de otros productos de plástico de uso industrial sin reforzamiento,101 a 250 personas,Purísima del Rincón,Guanajuato,JARDINES DE PURISIMA,4761322076,,https://www.inegi.org.mx/contenidos/masiva/denue/denue_11_csv.zip,2026-08-26 (DENUE version 2026-05-20),
PLASTICOS GONFER,ALTA CALIDAD EN BOLSAS DE POLIETILENO,326110,Fabricación de bolsas y películas de plástico flexible,101 a 250 personas,León,Guanajuato,LA HACIENDA,,WWW.PLASTICOSGONFER.COM.MX,https://www.inegi.org.mx/contenidos/masiva/denue/denue_11_csv.zip,2026-08-26 (DENUE version 2026-05-20),
PLASTICS TECHNOLOGY DE MÉXICO,PLASTICS TECHNOLOGY DE MEXICO,326120,"Fabricación de tubería y conexiones, y tubos para embalaje",251 y más personas,San José Iturbide,Guanajuato,OPCION NOGALES,,WWW.PTMEXICO.COM,https://www.inegi.org.mx/contenidos/masiva/denue/denue_11_csv.zip,2026-08-26 (DENUE version 2026-05-20),
POLIETILENOS DEL CENTRO,POLIETILENOS DEL CENTRO,326110,Fabricación de bolsas y películas de plástico flexible,251 y más personas,León,Guanajuato,SAN MIGUEL,4771102749,,https://www.inegi.org.mx/contenidos/masiva/denue/denue_11_csv.zip,2026-08-26 (DENUE version 2026-05-20),
POLIMEROS ESPECIALES,POLIMEROS ESPECIALES,325211,Fabricación de resinas sintéticas,101 a 250 personas,San José Iturbide,Guanajuato,OPCION,,WWW.POLIMEROSESPECIALES.COM,https://www.inegi.org.mx/contenidos/masiva/denue/denue_11_csv.zip,2026-08-26 (DENUE version 2026-05-20),
POLIURETANOS SW LEON,POLIURETANOS SW LEON,326150,Fabricación de espumas y productos de uretano,251 y más personas,León,Guanajuato,LOS LÓPEZ,,,https://www.inegi.org.mx/contenidos/masiva/denue/denue_11_csv.zip,2026-08-26 (DENUE version 2026-05-20),
PORCELANITE LAMOSA PLANTA ITALGRES II,PORCELANITE LAMOSA,327122,Fabricación de azulejos y losetas no refractarias,251 y más personas,San José Iturbide,Guanajuato,SAN JOSE ITURBIDE,,,https://www.inegi.org.mx/contenidos/masiva/denue/denue_11_csv.zip,2026-08-26 (DENUE version 2026-05-20),
PRISMAPACK,PRISMAPACK,322210,Fabricación de envases de cartón,101 a 250 personas,Celaya,Guanajuato,JOSÉ SUAREZ IRIGOYEN,,WWW.PRISMAPACK.COM.MX,https://www.inegi.org.mx/contenidos/masiva/denue/denue_11_csv.zip,2026-08-26 (DENUE version 2026-05-20),
PROCTER & GAMBLE MARISCALA,PROCTER & GAMBLE MANUFACTURING MEXICO,325620,"Fabricación de cosméticos, perfumes y otras preparaciones de tocador",251 y más personas,Apaseo el Grande,Guanajuato,CALERAS DE OBRAJUELOS MARISCALA,,,https://www.inegi.org.mx/contenidos/masiva/denue/denue_11_csv.zip,2026-08-26 (DENUE version 2026-05-20),
QUIMICA LUCAVA,QUIMICA LUCAVA,325320,"Fabricación de pesticidas y otros agroquímicos, excepto fertilizantes",251 y más personas,Celaya,Guanajuato,SAN ISIDRO CRESPO,,WWW.GRUPOLUCAVA.COM.MX,https://www.inegi.org.mx/contenidos/masiva/denue/denue_11_csv.zip,2026-08-26 (DENUE version 2026-05-20),
QUIMICA STOEVER,QUIMICA STOEVER,325999,Fabricación de otros productos químicos,101 a 250 personas,León,Guanajuato,INDUSTRIAL JULIAN DE OBREGÓN,,WWW.QUIMICASTOEVER.COM,https://www.inegi.org.mx/contenidos/masiva/denue/denue_11_csv.zip,2026-08-26 (DENUE version 2026-05-20),
REFINERIA SALAMANCA INGENIERO ANTONIO MANUEL AMOR,PETROLEOS MEXICANOS,324110,Refinación de petróleo,251 y más personas,Salamanca,Guanajuato,BELLAVISTA,4646472737,WWW.PEMEX.COM,https://www.inegi.org.mx/contenidos/masiva/denue/denue_11_csv.zip,2026-08-26 (DENUE version 2026-05-20),
REHAU,REHAU,326194,Fabricación de otros productos de plástico de uso industrial sin reforzamiento,251 y más personas,Apaseo el Grande,Guanajuato,RANCHO NUEVO,,WWW.REHAU.COM.MX,https://www.inegi.org.mx/contenidos/masiva/denue/denue_11_csv.zip,2026-08-26 (DENUE version 2026-05-20),
RELATS MEXICO,RELATS MEXICO,326120,"Fabricación de tubería y conexiones, y tubos para embalaje",101 a 250 personas,Silao de la Victoria,Guanajuato,PUERTO INTERIOR SANTE FE II,4731346668,,https://www.inegi.org.mx/contenidos/masiva/denue/denue_11_csv.zip,2026-08-26 (DENUE version 2026-05-20),
REYMA,PLASTICOS ADHERIBLES DEL BAJIO,326191,Fabricación de productos de plástico para el hogar con y sin reforzamiento,101 a 250 personas,León,Guanajuato,CIUDAD INDUSTRIAL,,,https://www.inegi.org.mx/contenidos/masiva/denue/denue_11_csv.zip,2026-08-26 (DENUE version 2026-05-20),
RIEKE,RIEKE DE MEXICO MANUFACTURING,326194,Fabricación de otros productos de plástico de uso industrial sin reforzamiento,251 y más personas,San Miguel de Allende,Guanajuato,POLIGONO INDUSTRIAL SAN MIGUEL,,WWW.RIEKEPACKAGING.COM,https://www.inegi.org.mx/contenidos/masiva/denue/denue_11_csv.zip,2026-08-26 (DENUE version 2026-05-20),
ROTOPINZAS LEON,ROTOPLAS,326120,"Fabricación de tubería y conexiones, y tubos para embalaje",101 a 250 personas,León,Guanajuato,EJIDO LOS LOPEZ,,WWW.ROTOPLAS.COM.MX,https://www.inegi.org.mx/contenidos/masiva/denue/denue_11_csv.zip,2026-08-26 (DENUE version 2026-05-20),
ROTOPLAS PLANTA LEON,ROTOPLAS,326193,Fabricación de envases y contenedores de plástico para embalaje con y sin reforzamiento,101 a 250 personas,León,Guanajuato,EJIDO LOS LOPEZ,,WWW.ROTOPLAS.COM.MX,https://www.inegi.org.mx/contenidos/masiva/denue/denue_11_csv.zip,2026-08-26 (DENUE version 2026-05-20),
ROYALTY CERAMIC,ROYALTY CERAMIC,327112,Fabricación de muebles de baño,101 a 250 personas,León,Guanajuato,SAN ISIDRO DE LOS SAUCES,,WWW.ROYALTYCERAMIC.COM.MX,https://www.inegi.org.mx/contenidos/masiva/denue/denue_11_csv.zip,2026-08-26 (DENUE version 2026-05-20),
SAINT GOBAIN SEKURIT SENDAI,SAINT GOBAIN MEXICO,327211,Fabricación de vidrio,251 y más personas,Valle de Santiago,Guanajuato,GUANTES,7352060820,,https://www.inegi.org.mx/contenidos/masiva/denue/denue_11_csv.zip,2026-08-26 (DENUE version 2026-05-20),
SALTILLO INTERIOR TRIM,SALTILLO INTERIOR TRIM,326150,Fabricación de espumas y productos de uretano,101 a 250 personas,León,Guanajuato,LOS LÓPEZ,,,https://www.inegi.org.mx/contenidos/masiva/denue/denue_11_csv.zip,2026-08-26 (DENUE version 2026-05-20),
SANIVEX,SANIVEX,327112,Fabricación de muebles de baño,251 y más personas,Apaseo el Grande,Guanajuato,COMPLEJO INDISTRIAL HELVEX,,WWW.SANIVEX.COM.MX,https://www.inegi.org.mx/contenidos/masiva/denue/denue_11_csv.zip,2026-08-26 (DENUE version 2026-05-20),
SANKO GOSEI MEXICO,SANKO GOSEI MEXICO,326192,Fabricación de autopartes de plástico con y sin reforzamiento,251 y más personas,Celaya,Guanajuato,FERROPUERTO,4611719579,,https://www.inegi.org.mx/contenidos/masiva/denue/denue_11_csv.zip,2026-08-26 (DENUE version 2026-05-20),
SCHERDEL WIESAUPLAST DE MEXICO,SCHERDEL WIESAUPLAST DE MEXICO,326192,Fabricación de autopartes de plástico con y sin reforzamiento,251 y más personas,San José Iturbide,Guanajuato,PARQUE OPCION,,WWW.WIESAUPLAST.DU,https://www.inegi.org.mx/contenidos/masiva/denue/denue_11_csv.zip,2026-08-26 (DENUE version 2026-05-20),
SCREEN CREATIONS DE CELAYA,SCREEN CREATIONS DE CELAYA,323119,Impresión de formas continuas y otros impresos,251 y más personas,Celaya,Guanajuato,SANTA MARIA DEL REFUGIO,4611900678,,https://www.inegi.org.mx/contenidos/masiva/denue/denue_11_csv.zip,2026-08-26 (DENUE version 2026-05-20),
SEMILLAS Y AGROPRODUCTOS,SEMILLAS Y AGROPRODUCTOS,325310,Fabricación de fertilizantes,101 a 250 personas,Villagrán,Guanajuato,EMILIANO ZAPATA,,,https://www.inegi.org.mx/contenidos/masiva/denue/denue_11_csv.zip,2026-08-26 (DENUE version 2026-05-20),
SEROC CORRUGADOS,SEROC CORRUGADOS,322131,Fabricación de cartón en plantas integradas,101 a 250 personas,León,Guanajuato,CIUDAD INDUSTRIAL,,WWW.SEROC.COM.MX,https://www.inegi.org.mx/contenidos/masiva/denue/denue_11_csv.zip,2026-08-26 (DENUE version 2026-05-20),
SERVIACERO TUBULARES,SERVIACERO TUBULARES,326120,"Fabricación de tubería y conexiones, y tubos para embalaje",101 a 250 personas,León,Guanajuato,CIUDAD INDUSTRIAL,,,https://www.inegi.org.mx/contenidos/masiva/denue/denue_11_csv.zip,2026-08-26 (DENUE version 2026-05-20),
SERVICIOS VISTAMEX,SERVICIOS VISTAMEX,326194,Fabricación de otros productos de plástico de uso industrial sin reforzamiento,251 y más personas,Apaseo el Grande,Guanajuato,ZONA INDUSTRIAL LA AMISTAD DEL BAJIO,,WWW.SERVICIOSVISTAMEX.COM,https://www.inegi.org.mx/contenidos/masiva/denue/denue_11_csv.zip,2026-08-26 (DENUE version 2026-05-20),
SILPA GROUP DE MEXICO,SILPA GROUP DE MEXICO,326290,Fabricación de otros productos de hule,101 a 250 personas,León,Guanajuato,PRO. NORTE CERRITO DE JEREZ,,,https://www.inegi.org.mx/contenidos/masiva/denue/denue_11_csv.zip,2026-08-26 (DENUE version 2026-05-20),
SMURFIT KAPPA CORRUGADO GUANAJUATO,SMURFIT KAPPA CARTON Y PAPEL DE MEXICO,322210,Fabricación de envases de cartón,251 y más personas,San José Iturbide,Guanajuato,SAN JOSE ITURBIDE,5522711926,WWW.SMURFITKAPPA.COM.MX,https://www.inegi.org.mx/contenidos/masiva/denue/denue_11_csv.zip,2026-08-26 (DENUE version 2026-05-20),
SRG GLOBAL MEXICO,SRG GLOBAL MEXICO S DE RL V,327219,Fabricación de otros productos de vidrio,251 y más personas,Irapuato,Guanajuato,CASTRO DEL RIO,,,https://www.inegi.org.mx/contenidos/masiva/denue/denue_11_csv.zip,2026-08-26 (DENUE version 2026-05-20),
STANDARD PROFIL MEXICO,STANDARD PROFIL MEXICO,326290,Fabricación de otros productos de hule,251 y más personas,Apaseo el Grande,Guanajuato,AMISTAD BAJIO,,WWW.STANDARPROFIL.COM,https://www.inegi.org.mx/contenidos/masiva/denue/denue_11_csv.zip,2026-08-26 (DENUE version 2026-05-20),
STRATTEC SECURITY CORPORATION-ASDM2,ADAC STRATTEC DE MEXICO,326192,Fabricación de autopartes de plástico con y sin reforzamiento,251 y más personas,León,Guanajuato,PARQUE INDUSTRIAL COLINAS DE LEÓN,4641007651,,https://www.inegi.org.mx/contenidos/masiva/denue/denue_11_csv.zip,2026-08-26 (DENUE version 2026-05-20),
SUMMIT PLASTICS GUANAJUATO,SUMMIT PLASTICS GUANAJUATO,326192,Fabricación de autopartes de plástico con y sin reforzamiento,251 y más personas,Silao de la Victoria,Guanajuato,LAS COLINAS,4771293939,,https://www.inegi.org.mx/contenidos/masiva/denue/denue_11_csv.zip,2026-08-26 (DENUE version 2026-05-20),
SUMMIT PLASTICS SILAO,SUMMIT PLASTICS SILAO,326192,Fabricación de autopartes de plástico con y sin reforzamiento,251 y más personas,Silao de la Victoria,Guanajuato,LAS COLINAS,,,https://www.inegi.org.mx/contenidos/masiva/denue/denue_11_csv.zip,2026-08-26 (DENUE version 2026-05-20),
TECESA,TEMPLADOS DEL CENTRO,327219,Fabricación de otros productos de vidrio,251 y más personas,Irapuato,Guanajuato,LA CALERA,,,https://www.inegi.org.mx/contenidos/masiva/denue/denue_11_csv.zip,2026-08-26 (DENUE version 2026-05-20),
TECHNIMARK DEL BAJIO,TECHNIMARK DEL BAJIO,326193,Fabricación de envases y contenedores de plástico para embalaje con y sin reforzamiento,101 a 250 personas,Silao de la Victoria,Guanajuato,PUERTO INTERIOR SILAO,,WWW.TECHNIMARK.COM,https://www.inegi.org.mx/contenidos/masiva/denue/denue_11_csv.zip,2026-08-26 (DENUE version 2026-05-20),
TEGRANT DE MEXICO,TEGRANT DE MEXICO,326140,Fabricación de espumas y productos de poliestireno,101 a 250 personas,Celaya,Guanajuato,CIUDAD INDUSTRIAL,,,https://www.inegi.org.mx/contenidos/masiva/denue/denue_11_csv.zip,2026-08-26 (DENUE version 2026-05-20),
TERMOENVASES EXPANDIBLES,TERMOENVASES EXPANDIBLES,326140,Fabricación de espumas y productos de poliestireno,101 a 250 personas,León,Guanajuato,FRACCIONES DE SANTA LUCÍA,,WWW.GRUPOREYMA.COM.MX,https://www.inegi.org.mx/contenidos/masiva/denue/denue_11_csv.zip,2026-08-26 (DENUE version 2026-05-20),
TERMOFILM Y ESPUMADOS LEON,TERMOFILM Y ESPUMADOS LEON,326140,Fabricación de espumas y productos de poliestireno,251 y más personas,León,Guanajuato,FRACCIONES DE SANTA LUCÍA,,,https://www.inegi.org.mx/contenidos/masiva/denue/denue_11_csv.zip,2026-08-26 (DENUE version 2026-05-20),
TEXTILES AGRICOLAS,TEXTILES AGRICOLAS,326199,Fabricación de otros productos de plástico sin reforzamiento,101 a 250 personas,Celaya,Guanajuato,SAN ISIDRO,,WWW.TEXTILESAGRICOLAS.COM,https://www.inegi.org.mx/contenidos/masiva/denue/denue_11_csv.zip,2026-08-26 (DENUE version 2026-05-20),
TGIMX,TOYODA GOSEI IRAPUATO MEXICO,326192,Fabricación de autopartes de plástico con y sin reforzamiento,251 y más personas,Irapuato,Guanajuato,CASTRO DEL RIO,4625004900,,https://www.inegi.org.mx/contenidos/masiva/denue/denue_11_csv.zip,2026-08-26 (DENUE version 2026-05-20),
TIGERPOLY INDUSTRIA DE MEXICO,TIGERPOLY INDUSTRIA DE MÉXICO,326192,Fabricación de autopartes de plástico con y sin reforzamiento,251 y más personas,Silao de la Victoria,Guanajuato,PUERTO INTERIOR SANTE FE II,,,https://www.inegi.org.mx/contenidos/masiva/denue/denue_11_csv.zip,2026-08-26 (DENUE version 2026-05-20),
TMD,TOLEDO MOLDING DE MEXICO,326192,Fabricación de autopartes de plástico con y sin reforzamiento,101 a 250 personas,Apaseo el Grande,Guanajuato,AMISTAD BAJIO,,WWW.TMDINC.INC,https://www.inegi.org.mx/contenidos/masiva/denue/denue_11_csv.zip,2026-08-26 (DENUE version 2026-05-20),
TOSCANA INDUSTRIAL,TOSCANA INDUSTRIAL,326194,Fabricación de otros productos de plástico de uso industrial sin reforzamiento,101 a 250 personas,León,Guanajuato,VILLA DE LAS FLORES,,,https://www.inegi.org.mx/contenidos/masiva/denue/denue_11_csv.zip,2026-08-26 (DENUE version 2026-05-20),
TRITECH AUTOPARTS MEXICANA,TRITECH AUTOPARTS MEXICANA,326192,Fabricación de autopartes de plástico con y sin reforzamiento,251 y más personas,Silao de la Victoria,Guanajuato,PUERTO INTERIOR,4776826903,,https://www.inegi.org.mx/contenidos/masiva/denue/denue_11_csv.zip,2026-08-26 (DENUE version 2026-05-20),
UREBLOCK,UREBLOCK,326150,Fabricación de espumas y productos de uretano,251 y más personas,San Francisco del Rincón,Guanajuato,PURISIMA DE BUSTOS,,WWW.UREBLOCK.COM.MX,https://www.inegi.org.mx/contenidos/masiva/denue/denue_11_csv.zip,2026-08-26 (DENUE version 2026-05-20),
US FARATHANE,U S FARATHANE,326192,Fabricación de autopartes de plástico con y sin reforzamiento,251 y más personas,Silao de la Victoria,Guanajuato,CHAPINGO,8671261379,WWW.USFARATHANE.COM,https://www.inegi.org.mx/contenidos/masiva/denue/denue_11_csv.zip,2026-08-26 (DENUE version 2026-05-20),
VALGROUP MEX RPET,VALGROUP MEX RPET,325993,Fabricación de resinas de plásticos reciclados,101 a 250 personas,Celaya,Guanajuato,OJO SECO,,VALGROUP.COM,https://www.inegi.org.mx/contenidos/masiva/denue/denue_11_csv.zip,2026-08-26 (DENUE version 2026-05-20),
VIBRANTZ COLORES Y ESMALTES VITREOS SRL DE CV,VIBRANTZ COLORES Y ESMALTES VITREOS,325510,Fabricación de pinturas y recubrimientos,251 y más personas,Villagrán,Guanajuato,RANCHO EL PINTOR,,,https://www.inegi.org.mx/contenidos/masiva/denue/denue_11_csv.zip,2026-08-26 (DENUE version 2026-05-20),
VIPROCOSA,VIGUETAS Y PRODUCTOS DE CONCRETO,327391,Fabricación de productos preesforzados de concreto,101 a 250 personas,León,Guanajuato,SAN PEDRO DE LOS HERNANDEZ,,WWW.VIPROCOSA.COM,https://www.inegi.org.mx/contenidos/masiva/denue/denue_11_csv.zip,2026-08-26 (DENUE version 2026-05-20),
WRSI DE MEXICO WEBASTO,WRSI DE MEXICO,327211,Fabricación de vidrio,251 y más personas,Irapuato,Guanajuato,PARQUE TECNO INDUSTRIAL CASTRO DEL RIO,4621779145,WWW.WEBASTO.COM,https://www.inegi.org.mx/contenidos/masiva/denue/denue_11_csv.zip,2026-08-26 (DENUE version 2026-05-20),
YACHIYO,MOTHERSON YACHIYO MEXICO AUTOMOTIVE,326192,Fabricación de autopartes de plástico con y sin reforzamiento,101 a 250 personas,Apaseo el Grande,Guanajuato,PARQUE LA AMISTAD,,,https://www.inegi.org.mx/contenidos/masiva/denue/denue_11_csv.zip,2026-08-26 (DENUE version 2026-05-20),
YAMADA VISTAMEX,YAMADA VISTAMEX,326193,Fabricación de envases y contenedores de plástico para embalaje con y sin reforzamiento,251 y más personas,Apaseo el Grande,Guanajuato,PARQUE AMISTAD,,WWW.YVMEX.COM,https://www.inegi.org.mx/contenidos/masiva/denue/denue_11_csv.zip,2026-08-26 (DENUE version 2026-05-20),
ZENTRUM,INZENTRUM,326191,Fabricación de productos de plástico para el hogar con y sin reforzamiento,101 a 250 personas,León,Guanajuato,PARQUE ECOLOGICO INDUSTRIAL SANTA LUCIA,,WWW.ZENTRUM.MX,https://www.inegi.org.mx/contenidos/masiva/denue/denue_11_csv.zip,2026-08-26 (DENUE version 2026-05-20),
,,336320,Fabricación de equipo eléctrico y electrónico y sus partes para vehículos automotores,251 y más personas,Apaseo el Grande,Guanajuato,AMISTAD CHUY MARIA,,WWW.BOSCH-SERVICE.COM.MX,https://www.inegi.org.mx/contenidos/masiva/denue/denue_11_csv.zip,2026-08-26 (DENUE version 2026-05-20),
4G INGENIERIA,4G INGENIERIA,337210,Fabricación de muebles de oficina y estantería,251 y más personas,León,Guanajuato,EL RESPLANDOR,,WWW.4GINGENIERIA.COM,https://www.inegi.org.mx/contenidos/masiva/denue/denue_11_csv.zip,2026-08-26 (DENUE version 2026-05-20),
AAM MAQUILADORA DE MEXICO LAS COLINAS METAL FORMING,AAM MAQUILADORA MEXICO,336350,Fabricación de partes de sistemas de transmisión para vehículos automotores,101 a 250 personas,Silao de la Victoria,Guanajuato,PARQUE INDUSTRIAL LAS COLINAS,,AAM.COM,https://www.inegi.org.mx/contenidos/masiva/denue/denue_11_csv.zip,2026-08-26 (DENUE version 2026-05-20),
AAM MAQUILADORA DE MEXICO PLANTA 6,AAM MAQUILADORA MEXICO,336350,Fabricación de partes de sistemas de transmisión para vehículos automotores,251 y más personas,Silao de la Victoria,Guanajuato,PARQUE INDUSTRIAL FIPASI,,AAM.COM,https://www.inegi.org.mx/contenidos/masiva/denue/denue_11_csv.zip,2026-08-26 (DENUE version 2026-05-20),
AAM MAQUILADORA MEXICO,AAM MAQUILADORA MEXICO,336350,Fabricación de partes de sistemas de transmisión para vehículos automotores,251 y más personas,Silao de la Victoria,Guanajuato,PARQUE INDUSTRIAL FIPASI,,AAM.COM,https://www.inegi.org.mx/contenidos/masiva/denue/denue_11_csv.zip,2026-08-26 (DENUE version 2026-05-20),
AAM MAQUILADORA MEXICO SMF,AAM MAQUILADORA MEXICO,336350,Fabricación de partes de sistemas de transmisión para vehículos automotores,251 y más personas,Silao de la Victoria,Guanajuato,LAS COLINAS,,AAM.COM,https://www.inegi.org.mx/contenidos/masiva/denue/denue_11_csv.zip,2026-08-26 (DENUE version 2026-05-20),
ACERLUM METALMECANICA,ACERLUM METALMECANICA,333510,Fabricación de maquinaria y equipo para la industria metalmecánica,101 a 250 personas,Irapuato,Guanajuato,PURISIMA DEL JARDIN,,,https://www.inegi.org.mx/contenidos/masiva/denue/denue_11_csv.zip,2026-08-26 (DENUE version 2026-05-20),
ACEROS TURIA,ACEROS TURIA,332610,"Fabricación de alambre, productos de alambre y resortes",101 a 250 personas,Celaya,Guanajuato,EL PUENTE,5617513831,WWW.ACEROSTURIA.COM,https://www.inegi.org.mx/contenidos/masiva/denue/denue_11_csv.zip,2026-08-26 (DENUE version 2026-05-20),
ACURA,INDUSTRIAL ACURA,332420,Fabricación de tanques metálicos de calibre grueso,101 a 250 personas,Salamanca,Guanajuato,LA ALEGRIA,,,https://www.inegi.org.mx/contenidos/masiva/denue/denue_11_csv.zip,2026-08-26 (DENUE version 2026-05-20),
AISIN AUTOMOTIVE GUANAJUATO,AISIN AUTOMOTIVE GUANAJUATO,336390,Fabricación de otras partes para vehículos automotrices,251 y más personas,Comonfort,Guanajuato,MARABIS (COMONFORT),4121059434,,https://www.inegi.org.mx/contenidos/masiva/denue/denue_11_csv.zip,2026-08-26 (DENUE version 2026-05-20),
AISIN TAKAOKA MEXICO,AISIN TAKAOKA MEXICO,336340,Fabricación de partes de sistemas de frenos para vehículos automotrices,251 y más personas,Irapuato,Guanajuato,CASTRO DEL RIO,4622207948,,https://www.inegi.org.mx/contenidos/masiva/denue/denue_11_csv.zip,2026-08-26 (DENUE version 2026-05-20),
AIV MAFLOW,MAFMEX,333411,Fabricación de equipo de aire acondicionado y calefacción,251 y más personas,Silao de la Victoria,Guanajuato,SANTA FE PUERTO INTERIOR,,,https://www.inegi.org.mx/contenidos/masiva/denue/denue_11_csv.zip,2026-08-26 (DENUE version 2026-05-20),
AKEBONO BRAKE MEXICO,AKEBONO BRAKE MEXICO,336340,Fabricación de partes de sistemas de frenos para vehículos automotrices,101 a 250 personas,Silao de la Victoria,Guanajuato,PUERTO INTERIOR,,WWW.AKEBONOBRAKES.COM,https://www.inegi.org.mx/contenidos/masiva/denue/denue_11_csv.zip,2026-08-26 (DENUE version 2026-05-20),
AKI SEAT MANUFACTURING,AKI SEAT MANUFACTURING,336360,Fabricación de asientos y accesorios interiores para vehículos automotores,251 y más personas,Salamanca,Guanajuato,COMPLEJO INDUSTRIAL SALAMANCA,4423710326,,https://www.inegi.org.mx/contenidos/masiva/denue/denue_11_csv.zip,2026-08-26 (DENUE version 2026-05-20),
ALUCOMEX PLANTA BAJIO,COMPUESTOS TECNOLOGICOS DE MEXICO,331310,Industria básica del aluminio,101 a 250 personas,Irapuato,Guanajuato,APOLO,,WWW.ALUCOMEX.COM,https://www.inegi.org.mx/contenidos/masiva/denue/denue_11_csv.zip,2026-08-26 (DENUE version 2026-05-20),
ANDROID GUANAJUATO,ANDROID DE MEXICO,336330,Fabricación de partes de sistemas de dirección y de suspensión para vehículos automotrices,101 a 250 personas,Silao de la Victoria,Guanajuato,CERRITOS,,,https://www.inegi.org.mx/contenidos/masiva/denue/denue_11_csv.zip,2026-08-26 (DENUE version 2026-05-20),
ARBOMEX,ARBOMEX,336310,Fabricación de motores de gasolina y sus partes para vehículos automotrices,251 y más personas,Celaya,Guanajuato,CIUDAD INDUSTRIAL,4615986500,WWW.ARBOMEX.COM,https://www.inegi.org.mx/contenidos/masiva/denue/denue_11_csv.zip,2026-08-26 (DENUE version 2026-05-20),
ARBOMEX,ARBOMEX,336310,Fabricación de motores de gasolina y sus partes para vehículos automotrices,251 y más personas,Celaya,Guanajuato,CIUDAD INDUSTRIAL,,WWW.ARBOMEX.COM,https://www.inegi.org.mx/contenidos/masiva/denue/denue_11_csv.zip,2026-08-26 (DENUE version 2026-05-20),
ARCELORMITTAL TAILORED BLANKS SILAO,ARCELORMITTAL TAILORED BLANKS SILAO,336370,Fabricación de piezas metálicas troqueladas para vehículos automotrices,101 a 250 personas,Silao de la Victoria,Guanajuato,FIPASI,4721390820,ARCELORMITTAL.COM,https://www.inegi.org.mx/contenidos/masiva/denue/denue_11_csv.zip,2026-08-26 (DENUE version 2026-05-20),
ARNESES ELECTRICOS AUTOMOTRICES,ARNESES ELECTRICOS AUTOMOTRICES,336320,Fabricación de equipo eléctrico y electrónico y sus partes para vehículos automotores,251 y más personas,Ocampo,Guanajuato,DEPORTIVA,,WWW.CONDUMEX.COM,https://www.inegi.org.mx/contenidos/masiva/denue/denue_11_csv.zip,2026-08-26 (DENUE version 2026-05-20),
ARNESES ELECTRICOS AUTOMOTRICES,ARNESES ELECTRICOS AUTOMOTRICES,336320,Fabricación de equipo eléctrico y electrónico y sus partes para vehículos automotores,251 y más personas,San Felipe,Guanajuato,SAN FELIPE,,WWW.CONDUMEX.COM,https://www.inegi.org.mx/contenidos/masiva/denue/denue_11_csv.zip,2026-08-26 (DENUE version 2026-05-20),
ARNESES ELECTRICOS AUTOMOTRICES,ARNESES ELECTRICOS AUTOMOTRICES,336320,Fabricación de equipo eléctrico y electrónico y sus partes para vehículos automotores,251 y más personas,Coroneo,Guanajuato,CENTRO,,WWW.CONDUMEX.COM,https://www.inegi.org.mx/contenidos/masiva/denue/denue_11_csv.zip,2026-08-26 (DENUE version 2026-05-20),
ARNESES ELECTRICOS AUTOMOTRICES,ARNESES ELECTRICOS AUTOMOTRICES,336320,Fabricación de equipo eléctrico y electrónico y sus partes para vehículos automotores,251 y más personas,Silao de la Victoria,Guanajuato,SILAO DE VICTORIA,,WWW.CONDUMEX.COM,https://www.inegi.org.mx/contenidos/masiva/denue/denue_11_csv.zip,2026-08-26 (DENUE version 2026-05-20),
ARNESES ELECTRICOS AUTOMOTRICES,ARNESES ELECTRICOS AUTOMOTRICES,336320,Fabricación de equipo eléctrico y electrónico y sus partes para vehículos automotores,251 y más personas,Manuel Doblado,Guanajuato,MANUEL DOBLADO,,WWW.CONDUMEX.COM,https://www.inegi.org.mx/contenidos/masiva/denue/denue_11_csv.zip,2026-08-26 (DENUE version 2026-05-20),
ARNESES ELECTRICOS AUTOMOTRICES,ARNESES ELECTRICOS AUTOMOTRICES,336320,Fabricación de equipo eléctrico y electrónico y sus partes para vehículos automotores,251 y más personas,Valle de Santiago,Guanajuato,VALLE DE SANTIAGO,,WWW.CONDUMEX.COM,https://www.inegi.org.mx/contenidos/masiva/denue/denue_11_csv.zip,2026-08-26 (DENUE version 2026-05-20),
ARNESES ELECTRICOS AUTOMOTRICES,ARNESES ELECTRICOS AUTOMOTRICES,336320,Fabricación de equipo eléctrico y electrónico y sus partes para vehículos automotores,251 y más personas,San Diego de la Unión,Guanajuato,LA JAULA,,WWW.CONDUMEX.COM,https://www.inegi.org.mx/contenidos/masiva/denue/denue_11_csv.zip,2026-08-26 (DENUE version 2026-05-20),
ARNESES ELECTRICOS AUTOMOTRICES,ARNESES ELECTRICOS AUTOMOTRICES,336320,Fabricación de equipo eléctrico y electrónico y sus partes para vehículos automotores,251 y más personas,Acámbaro,Guanajuato,LOMA BONITA,,WWW.CONDUMEX.COM,https://www.inegi.org.mx/contenidos/masiva/denue/denue_11_csv.zip,2026-08-26 (DENUE version 2026-05-20),
ARNESES ELECTRICOS AUTOMOTRICES,ARNESES ELECTRICOS AUTOMOTRICES,336320,Fabricación de equipo eléctrico y electrónico y sus partes para vehículos automotores,251 y más personas,Victoria,Guanajuato,VICTORIA,,WWW.CONDUMEX.COM,https://www.inegi.org.mx/contenidos/masiva/denue/denue_11_csv.zip,2026-08-26 (DENUE version 2026-05-20),
ARNESES ELECTRICOS AUTOMOTRICES,ARNESES ELECTRICOS AUTOMOTRICES,336320,Fabricación de equipo eléctrico y electrónico y sus partes para vehículos automotores,251 y más personas,Jaral del Progreso,Guanajuato,VICTORIA DE CORTAZAR,,WWW.CONDUMEX.COM,https://www.inegi.org.mx/contenidos/masiva/denue/denue_11_csv.zip,2026-08-26 (DENUE version 2026-05-20),
ARNESES ELECTRICOS AUTOMOTRICES,ARNESES ELECTRICOS AUTOMOTRICES,336320,Fabricación de equipo eléctrico y electrónico y sus partes para vehículos automotores,251 y más personas,Tarandacuao,Guanajuato,LAS LOMAS,,WWW.CONDUMEX.COM,https://www.inegi.org.mx/contenidos/masiva/denue/denue_11_csv.zip,2026-08-26 (DENUE version 2026-05-20),
ARNESES ELECTRICOS AUTOMOTRICES,ARNESES ELECTRICOS AUTOMOTRICES,336320,Fabricación de equipo eléctrico y electrónico y sus partes para vehículos automotores,251 y más personas,Acámbaro,Guanajuato,JERECUARO,,WWW.CONDUMEX.COM,https://www.inegi.org.mx/contenidos/masiva/denue/denue_11_csv.zip,2026-08-26 (DENUE version 2026-05-20),
ARNESES ELECTRICOS AUTOMOTRICES PLANTA VI,ARNESES ELECTRICOS AUTOMOTRICES,336320,Fabricación de equipo eléctrico y electrónico y sus partes para vehículos automotores,251 y más personas,Apaseo el Grande,Guanajuato,ZONA CENTRO,,WWW.CONDUMEX.COM,https://www.inegi.org.mx/contenidos/masiva/denue/denue_11_csv.zip,2026-08-26 (DENUE version 2026-05-20),
ARNESES Y CONEXIONES,ARNESES Y CONEXIONES,336320,Fabricación de equipo eléctrico y electrónico y sus partes para vehículos automotores,251 y más personas,Valle de Santiago,Guanajuato,PARQUE INDUSTRIAL SENDAI,,WWW.OSCAR-ARCOSA.COM,https://www.inegi.org.mx/contenidos/masiva/denue/denue_11_csv.zip,2026-08-26 (DENUE version 2026-05-20),
ASAHI ALUMINIUM MEXICO,ASAHI ALUMINIUM MEXICO,336310,Fabricación de motores de gasolina y sus partes para vehículos automotrices,251 y más personas,Silao de la Victoria,Guanajuato,PUERTO INTERIOR,4771310742,,https://www.inegi.org.mx/contenidos/masiva/denue/denue_11_csv.zip,2026-08-26 (DENUE version 2026-05-20),
ASPINA,ASPINA,333411,Fabricación de equipo de aire acondicionado y calefacción,251 y más personas,Irapuato,Guanajuato,CASTRO DEL RIO PURISIMA DEL PROGRESO,,,https://www.inegi.org.mx/contenidos/masiva/denue/denue_11_csv.zip,2026-08-26 (DENUE version 2026-05-20),
ASTEMO SILAO SA DE CV,ASTEMO SILAO,336330,Fabricación de partes de sistemas de dirección y de suspensión para vehículos automotrices,251 y más personas,Silao de la Victoria,Guanajuato,PUERTO INTERIOR,,,https://www.inegi.org.mx/contenidos/masiva/denue/denue_11_csv.zip,2026-08-26 (DENUE version 2026-05-20),
AUMOVIO MEXICO BODEGA FRESNO,AUMOVIO MEXICO,336320,Fabricación de equipo eléctrico y electrónico y sus partes para vehículos automotores,251 y más personas,Silao de la Victoria,Guanajuato,PARQUE INDUSTRIAL LAS COLINAS,,WWW.AUMOVIO.COM,https://www.inegi.org.mx/contenidos/masiva/denue/denue_11_csv.zip,2026-08-26 (DENUE version 2026-05-20),
AUMOVIO MEXICO MATRIZ,AUMOVIO MEXICO,336320,Fabricación de equipo eléctrico y electrónico y sus partes para vehículos automotores,251 y más personas,Silao de la Victoria,Guanajuato,PARQUE INDUSTRIAL LAS COLINAS,,,https://www.inegi.org.mx/contenidos/masiva/denue/denue_11_csv.zip,2026-08-26 (DENUE version 2026-05-20),
AUMOVIO MEXICO PLANTA,AUMOVIO MEXICO,336320,Fabricación de equipo eléctrico y electrónico y sus partes para vehículos automotores,251 y más personas,Silao de la Victoria,Guanajuato,PARQUE INDUSTRIAL LAS COLINAS,,,https://www.inegi.org.mx/contenidos/masiva/denue/denue_11_csv.zip,2026-08-26 (DENUE version 2026-05-20),
AUTOMATIZACION E INGENIERIA MARSAL,AUTOMATIZACION E INGENIERIA MARSAL,332310,Fabricación de estructuras metálicas,101 a 250 personas,Villagrán,Guanajuato,VILLAGRAM,4614225798,WWW.AUTOMATIZACIONMARSAL.COM,https://www.inegi.org.mx/contenidos/masiva/denue/denue_11_csv.zip,2026-08-26 (DENUE version 2026-05-20),
AVANZAR INTERIOR TECHNOLOGIES DE MEXICO,AVANZAR INTERIOR TECHNOLOGIES DE MEXICO,336360,Fabricación de asientos y accesorios interiores para vehículos automotores,251 y más personas,Apaseo el Grande,Guanajuato,TOYOTA,,,https://www.inegi.org.mx/contenidos/masiva/denue/denue_11_csv.zip,2026-08-26 (DENUE version 2026-05-20),
AY M RING DE MEXICO,AY M RING DE MEXICO,333130,Fabricación de maquinaria y equipo para la industria extractiva,101 a 250 personas,León,Guanajuato,INDUSTRIAL DELTA,,,https://www.inegi.org.mx/contenidos/masiva/denue/denue_11_csv.zip,2026-08-26 (DENUE version 2026-05-20),
BALATRON INDUSTRIAL,BALATRON INDUSTRIAL,335131,Fabricación de focos,101 a 250 personas,Apaseo el Grande,Guanajuato,SAN PEDRO TENANGO EL NUEVO,,WWW.BALATRON.COM,https://www.inegi.org.mx/contenidos/masiva/denue/denue_11_csv.zip,2026-08-26 (DENUE version 2026-05-20),
BAUMANN SPRINGS LEON,BAUMANN SPRINGS LEON,332610,"Fabricación de alambre, productos de alambre y resortes",101 a 250 personas,León,Guanajuato,INDUSTRIAL DELTA,,WWW.BAUMANN-GROUP.COM,https://www.inegi.org.mx/contenidos/masiva/denue/denue_11_csv.zip,2026-08-26 (DENUE version 2026-05-20),
BEAVER TRAILERS DE MEXICO,BEAVER TRAILERS DE MEXICO,336210,Fabricación de carrocerías y remolques,101 a 250 personas,Salamanca,Guanajuato,PROGRESO INDUSTRIAL,,,https://www.inegi.org.mx/contenidos/masiva/denue/denue_11_csv.zip,2026-08-26 (DENUE version 2026-05-20),
BHTC MEXICO,BHTC MEXICO,336320,Fabricación de equipo eléctrico y electrónico y sus partes para vehículos automotores,251 y más personas,San Miguel de Allende,Guanajuato,CORRAL DE PIEDRAS DE ABAJO,,WWW.BHTC.COM,https://www.inegi.org.mx/contenidos/masiva/denue/denue_11_csv.zip,2026-08-26 (DENUE version 2026-05-20),
BILL FORGE DE MEXICO,BILL FORGE DE MEXICO,336350,Fabricación de partes de sistemas de transmisión para vehículos automotores,251 y más personas,Celaya,Guanajuato,SAN ISIDRO DE LA CONCEPCION,,,https://www.inegi.org.mx/contenidos/masiva/denue/denue_11_csv.zip,2026-08-26 (DENUE version 2026-05-20),
BORGWARNER PDS IRAPUATO,BORGWARNER PDS IRAPUATO,336350,Fabricación de partes de sistemas de transmisión para vehículos automotores,251 y más personas,Irapuato,Guanajuato,CASTRO DEL RIO,4621137648,WWW.BORWARNER.COM,https://www.inegi.org.mx/contenidos/masiva/denue/denue_11_csv.zip,2026-08-26 (DENUE version 2026-05-20),
BULK TANK INTERNATIONAL,BULK TANK INTERNATIONAL,336210,Fabricación de carrocerías y remolques,251 y más personas,San José Iturbide,Guanajuato,OPCION NOGALES,,WWW.BULKTANKINTERNATIONAL.COM,https://www.inegi.org.mx/contenidos/masiva/denue/denue_11_csv.zip,2026-08-26 (DENUE version 2026-05-20),
BURNER SYSTEMS INTERNATIONAL DE MEXICO,BURNER SYSTEMS INTERNATIONAL DE MEXICO,335220,Fabricación de aparatos de línea blanca,251 y más personas,Apaseo el Grande,Guanajuato,PARQUE INDUSTIAL APASEO,,WWW.BURNERSYSTEMS.COM,https://www.inegi.org.mx/contenidos/masiva/denue/denue_11_csv.zip,2026-08-26 (DENUE version 2026-05-20),
CARROCERIAS DIVERSAS HALCON,CARROCERIAS DIVERSAS HALCON,336210,Fabricación de carrocerías y remolques,101 a 250 personas,Celaya,Guanajuato,SEGUNDA FRACCION DE CRESPO,,,https://www.inegi.org.mx/contenidos/masiva/denue/denue_11_csv.zip,2026-08-26 (DENUE version 2026-05-20),
CCL CONTAINER,CCL CONTAINER,332430,Fabricación de envases metálicos de calibre ligero,251 y más personas,San José Iturbide,Guanajuato,SAN JERNIMO,,WWW.CCLINDUSTRIES.COM,https://www.inegi.org.mx/contenidos/masiva/denue/denue_11_csv.zip,2026-08-26 (DENUE version 2026-05-20),
CELAY,CELAY,336390,Fabricación de otras partes para vehículos automotrices,251 y más personas,Celaya,Guanajuato,CIUDAD INDUSTRIAL,,WWW.CELAY.COM.MX,https://www.inegi.org.mx/contenidos/masiva/denue/denue_11_csv.zip,2026-08-26 (DENUE version 2026-05-20),
CELAYA REFRIGERADORES,CONTROLADORA MABE,335220,Fabricación de aparatos de línea blanca,251 y más personas,Celaya,Guanajuato,OJO SECO,,,https://www.inegi.org.mx/contenidos/masiva/denue/denue_11_csv.zip,2026-08-26 (DENUE version 2026-05-20),
CENTRO GALVANIZADOR 2000,CENTRO GALVANIZADOR 2000,332810,Recubrimientos y terminados metálicos,101 a 250 personas,Irapuato,Guanajuato,CIUDAD INDUSTRIAL IRAPUATO,,WWW.CG200.COM.MX,https://www.inegi.org.mx/contenidos/masiva/denue/denue_11_csv.zip,2026-08-26 (DENUE version 2026-05-20),
CHIYODA INTEGRE DE MEXICO,CHIYODA INTEGRE DE MEXICO,336360,Fabricación de asientos y accesorios interiores para vehículos automotores,101 a 250 personas,León,Guanajuato,PARQUE INDUSTRIAL COLINAS DE LEÓN,,WWW.CI-MX.COM,https://www.inegi.org.mx/contenidos/masiva/denue/denue_11_csv.zip,2026-08-26 (DENUE version 2026-05-20),
CIE CELAYA,CIE CELAYA,336340,Fabricación de partes de sistemas de frenos para vehículos automotrices,251 y más personas,Celaya,Guanajuato,CIUDAD INDUSTRIAL,,,https://www.inegi.org.mx/contenidos/masiva/denue/denue_11_csv.zip,2026-08-26 (DENUE version 2026-05-20),
CIE CELAYA SAPI DE CB,CIE CELAYA SAPI DE CB,336370,Fabricación de piezas metálicas troqueladas para vehículos automotrices,251 y más personas,Celaya,Guanajuato,CIUDAD INDUSTRIAL,,,https://www.inegi.org.mx/contenidos/masiva/denue/denue_11_csv.zip,2026-08-26 (DENUE version 2026-05-20),
CIKAUTXO DE MEXICO,CIKAUTXO DE MEXICO,339999,Otras industrias manufactureras,251 y más personas,León,Guanajuato,SUR CEMENTOS,,,https://www.inegi.org.mx/contenidos/masiva/denue/denue_11_csv.zip,2026-08-26 (DENUE version 2026-05-20),
CLAUGER DE MEXICO,CLAUGER DE MEXICO,333411,Fabricación de equipo de aire acondicionado y calefacción,101 a 250 personas,Irapuato,Guanajuato,GUANAJUATO PARQUE CENTRAL,,WWW.CLAUGER.MX,https://www.inegi.org.mx/contenidos/masiva/denue/denue_11_csv.zip,2026-08-26 (DENUE version 2026-05-20),
COFICAB LEON,COFICAB LEON,335920,Fabricación de cables de conducción eléctrica,251 y más personas,Silao de la Victoria,Guanajuato,PUERTO INTERIOR,,WWW.COFICAB.COM,https://www.inegi.org.mx/contenidos/masiva/denue/denue_11_csv.zip,2026-08-26 (DENUE version 2026-05-20),
COLLIS DE MEXICO,COLLIS DE MEXICO,335220,Fabricación de aparatos de línea blanca,251 y más personas,Irapuato,Guanajuato,INDUSTRIAL LAS MALVAS,,,https://www.inegi.org.mx/contenidos/masiva/denue/denue_11_csv.zip,2026-08-26 (DENUE version 2026-05-20),
COMERCIALIZADORA ACERLUM,COMERCIALIZADORA ACERLUM,332320,Fabricación de productos de herrería,251 y más personas,Irapuato,Guanajuato,PURÍSIMA DEL JARDÍN,4621850750,WWW.ACERLUM.COM,https://www.inegi.org.mx/contenidos/masiva/denue/denue_11_csv.zip,2026-08-26 (DENUE version 2026-05-20),
COMPAÑIA MANUFACTURERA DE ARTEFACTOS ELECTRICOS,CIA MANUFACTURERA DE ARTEFACTOS ELECTRICOS,335312,Fabricación de equipo y aparatos de distribución de energía eléctrica,251 y más personas,Irapuato,Guanajuato,EL RANCHITO (INDEPENDENCIA),4626262194,GRUPOIG.COM.MX,https://www.inegi.org.mx/contenidos/masiva/denue/denue_11_csv.zip,2026-08-26 (DENUE version 2026-05-20),
CONDUMEX SAN FELIPE,ARNESES ELECTRICOS AUTOMOTRICES,336320,Fabricación de equipo eléctrico y electrónico y sus partes para vehículos automotores,251 y más personas,San Felipe,Guanajuato,CENTRO,,WWW.CONDUMEX.COM,https://www.inegi.org.mx/contenidos/masiva/denue/denue_11_csv.zip,2026-08-26 (DENUE version 2026-05-20),
CONSORCIO INDUSTRIAL MEXICANO DE AUTOPARTES,CONSORCIO INDUSTRIAL MEXICANO DE AUTOPARTES,336360,Fabricación de asientos y accesorios interiores para vehículos automotores,251 y más personas,Silao de la Victoria,Guanajuato,PARQUE INDUSTRIAL Y DE NEGOCIOS LAS COLINAS,,,https://www.inegi.org.mx/contenidos/masiva/denue/denue_11_csv.zip,2026-08-26 (DENUE version 2026-05-20),
CONSTRUCCIONES ELECTROMECANICAS DIPROZEZA,CONSTRUCCIONES ELECTROMECANICAS DIPROZEZA,333999,Fabricación de otra maquinaria y equipo para la industria en general,101 a 250 personas,Celaya,Guanajuato,CIUDADELA,4612524867,WWW.DIPROZEZA,https://www.inegi.org.mx/contenidos/masiva/denue/denue_11_csv.zip,2026-08-26 (DENUE version 2026-05-20),
CONTICON,CONTICON,331420,Laminación secundaria de cobre,101 a 250 personas,Villagrán,Guanajuato,CORREDOR INDUSTRIAL CELAYA-SALAMANCA,,,https://www.inegi.org.mx/contenidos/masiva/denue/denue_11_csv.zip,2026-08-26 (DENUE version 2026-05-20),
COROPLAST CABLE TRADING,COROPLAST CABLE TRADING MEXICO,336320,Fabricación de equipo eléctrico y electrónico y sus partes para vehículos automotores,251 y más personas,Celaya,Guanajuato,EL MARQUES BAJÍO,,,https://www.inegi.org.mx/contenidos/masiva/denue/denue_11_csv.zip,2026-08-26 (DENUE version 2026-05-20),
CORPORACIÓN INDUSTRIAL MULTICO,CORPORACIÓN INDUSTRIAL MULTICO,335312,Fabricación de equipo y aparatos de distribución de energía eléctrica,101 a 250 personas,Pénjamo,Guanajuato,CENTRO,,,https://www.inegi.org.mx/contenidos/masiva/denue/denue_11_csv.zip,2026-08-26 (DENUE version 2026-05-20),
CORPORACIÓN MITSUBA DE MÉXICO,CORPORACION MITSUBA DE MEXICO,336320,Fabricación de equipo eléctrico y electrónico y sus partes para vehículos automotores,251 y más personas,Silao de la Victoria,Guanajuato,PUERTO INTERIOR,,,https://www.inegi.org.mx/contenidos/masiva/denue/denue_11_csv.zip,2026-08-26 (DENUE version 2026-05-20),
CUT AND SEW MANUFACTURING OPERATIONS,CUT AND SEW MANUFACTURING OPERATIONS,337120,"Fabricación de muebles, excepto cocinas integrales, muebles modulares de baño y muebles de oficina y estantería",251 y más personas,Silao de la Victoria,Guanajuato,LA ALDEA,,WWW.ETHANALLEN.COM,https://www.inegi.org.mx/contenidos/masiva/denue/denue_11_csv.zip,2026-08-26 (DENUE version 2026-05-20),
DAIKYONISHIKAWA MEXICANA,DAIKYONISHIKAWA MEXICANA,336390,Fabricación de otras partes para vehículos automotrices,251 y más personas,Salamanca,Guanajuato,COMPLEJO INDUSTRIAL SALAMANCA,,,https://www.inegi.org.mx/contenidos/masiva/denue/denue_11_csv.zip,2026-08-26 (DENUE version 2026-05-20),
DEACERO ACERIA CELAYA,DEACERO,331112,Fabricación de desbastes primarios y ferroaleaciones,251 y más personas,Villagrán,Guanajuato,EL CHINACO,,WWW.DEACERO.COM,https://www.inegi.org.mx/contenidos/masiva/denue/denue_11_csv.zip,2026-08-26 (DENUE version 2026-05-20),
DEACERO INDUSTRIAL LEON 1,DEACERO,332610,"Fabricación de alambre, productos de alambre y resortes",101 a 250 personas,León,Guanajuato,CIUDAD INDUSTRIAL,,WWW.DEACERO.COM,https://www.inegi.org.mx/contenidos/masiva/denue/denue_11_csv.zip,2026-08-26 (DENUE version 2026-05-20),
DEACERO PLANTA LEON,DEACERO,332610,"Fabricación de alambre, productos de alambre y resortes",101 a 250 personas,León,Guanajuato,CIUDAD INDUSTRIAL,,WWW.DEACERO.COM,https://www.inegi.org.mx/contenidos/masiva/denue/denue_11_csv.zip,2026-08-26 (DENUE version 2026-05-20),
DEALBA,BENEFICIADORA DE ALAMBRES Y METALES,332720,"Fabricación de tornillos, tuercas, remaches y similares",101 a 250 personas,Irapuato,Guanajuato,CIUDAD INDUSTRIAL IRAPUATO,,WWW.DEALBA.COM.MX,https://www.inegi.org.mx/contenidos/masiva/denue/denue_11_csv.zip,2026-08-26 (DENUE version 2026-05-20),
DENSO MEXICO,DENSO MEXICO,336390,Fabricación de otras partes para vehículos automotrices,251 y más personas,Irapuato,Guanajuato,CASTRO DEL R O,,,https://www.inegi.org.mx/contenidos/masiva/denue/denue_11_csv.zip,2026-08-26 (DENUE version 2026-05-20),
DENSO MEXICO,DENSO MEXICO,336320,Fabricación de equipo eléctrico y electrónico y sus partes para vehículos automotores,251 y más personas,Silao de la Victoria,Guanajuato,SANTA FE PUERTO INTERIOR,,,https://www.inegi.org.mx/contenidos/masiva/denue/denue_11_csv.zip,2026-08-26 (DENUE version 2026-05-20),
DIECASTING CELAYA,DIECASTING CELAYA,331520,Moldeo por fundición de piezas metálicas no ferrosas,101 a 250 personas,Celaya,Guanajuato,SANTA MARIA DEL REFUGIO,,WWW.DIECASTINGCELAYA.MX,https://www.inegi.org.mx/contenidos/masiva/denue/denue_11_csv.zip,2026-08-26 (DENUE version 2026-05-20),
DONALDSON,DONALDSON,336390,Fabricación de otras partes para vehículos automotrices,101 a 250 personas,León,Guanajuato,PARQUE INDUSTRIAL COLINAS DE LEON,,WWW.DONALDSON.COM,https://www.inegi.org.mx/contenidos/masiva/denue/denue_11_csv.zip,2026-08-26 (DENUE version 2026-05-20),
DRAEXLMAIER COMPONENTS AUTOMOTIVE DE MEXICO,DRAEXLMAIER COMPONENTS AUTOMOTIVE DE MEXICO,336390,Fabricación de otras partes para vehículos automotrices,251 y más personas,San Miguel de Allende,Guanajuato,SAN MIGUEL DE ALLENDE,,WWW.DRAEXLMAIER.COM.MX,https://www.inegi.org.mx/contenidos/masiva/denue/denue_11_csv.zip,2026-08-26 (DENUE version 2026-05-20),
DRAXTON,DRAXTON MEXICO,336340,Fabricación de partes de sistemas de frenos para vehículos automotrices,251 y más personas,Irapuato,Guanajuato,APOLO,,,https://www.inegi.org.mx/contenidos/masiva/denue/denue_11_csv.zip,2026-08-26 (DENUE version 2026-05-20),
EAGLE OTAWA,LEAR MEXICANA TRIM OPERATIONS,336360,Fabricación de asientos y accesorios interiores para vehículos automotores,251 y más personas,León,Guanajuato,SANTA MARIA DE CEMENTOS,4771016044,WWW.LEAR.COP,https://www.inegi.org.mx/contenidos/masiva/denue/denue_11_csv.zip,2026-08-26 (DENUE version 2026-05-20),
ELFER,INDUSTIAS METALICAS ELFER,333920,Fabricación de maquinaria y equipo para levantar y trasladar,101 a 250 personas,Silao de la Victoria,Guanajuato,CERRITOS,,WWW.INDUSTRIASELFER.COM.MX,https://www.inegi.org.mx/contenidos/masiva/denue/denue_11_csv.zip,2026-08-26 (DENUE version 2026-05-20),
ELRAD ELECTRONICS,ELRAD ELECTRONICS,334410,Fabricación de componentes electrónicos,101 a 250 personas,Apaseo el Grande,Guanajuato,AMISTAD CHUY MARIA,,WWW.ELRAD.COM.MX,https://www.inegi.org.mx/contenidos/masiva/denue/denue_11_csv.zip,2026-08-26 (DENUE version 2026-05-20),
EMISA ESTRUCTURAS Y MAQUILAS DE IRAPUATO,ESTRUCTURAS Y MAQUILAS DE IRAPUATO,332310,Fabricación de estructuras metálicas,101 a 250 personas,Irapuato,Guanajuato,CUIDAD INDUSTRIAL,4626225244,,https://www.inegi.org.mx/contenidos/masiva/denue/denue_11_csv.zip,2026-08-26 (DENUE version 2026-05-20),
EMPAKA,EMBALAJE Y DERIVADOS DE LEON,339999,Otras industrias manufactureras,101 a 250 personas,León,Guanajuato,INDUSTRIAL SANTA CROCCE,,WWW.EMPAKA.COM.MX,https://www.inegi.org.mx/contenidos/masiva/denue/denue_11_csv.zip,2026-08-26 (DENUE version 2026-05-20),
EMPRESA DE ANUNCIOS PUBLICITARIOS GRUPO VISION,LUMINOSOS DEL CENTRO,339950,Fabricación de anuncios y señalamientos,101 a 250 personas,León,Guanajuato,DESARROLLO BALEARES,,,https://www.inegi.org.mx/contenidos/masiva/denue/denue_11_csv.zip,2026-08-26 (DENUE version 2026-05-20),
EMPRESAS SUAREZ,EMPRESAS SUAREZ,333910,Fabricación de bombas y sistemas de bombeo,251 y más personas,Celaya,Guanajuato,CIUDAD INDUSTRIAL,,WWW.WARSON.COM,https://www.inegi.org.mx/contenidos/masiva/denue/denue_11_csv.zip,2026-08-26 (DENUE version 2026-05-20),
EQUIPOS PARA REDES ECLECTRICAS DEL CENTRO EPRECSA,EQUIPOS PARA REDES ELECTRICAS DEL CENTRO,335312,Fabricación de equipo y aparatos de distribución de energía eléctrica,101 a 250 personas,Irapuato,Guanajuato,CASTRO DEL RIO,,WWW.EPRECSA.MX,https://www.inegi.org.mx/contenidos/masiva/denue/denue_11_csv.zip,2026-08-26 (DENUE version 2026-05-20),
ESJ,ESJ,332310,Fabricación de estructuras metálicas,251 y más personas,Santa Cruz de Juventino Rosas,Guanajuato,SAN PABLO,,WWW.ESJ.MX,https://www.inegi.org.mx/contenidos/masiva/denue/denue_11_csv.zip,2026-08-26 (DENUE version 2026-05-20),
ESTAMP AUTOMOTIVE MX,ESTAMP AUTOMOTIVE MX,336370,Fabricación de piezas metálicas troqueladas para vehículos automotrices,101 a 250 personas,San Miguel de Allende,Guanajuato,POLIGONO EMPRESARIAL,,,https://www.inegi.org.mx/contenidos/masiva/denue/denue_11_csv.zip,2026-08-26 (DENUE version 2026-05-20),
EVERCAST,EVERCAST,336340,Fabricación de partes de sistemas de frenos para vehículos automotrices,251 y más personas,Irapuato,Guanajuato,APOLO,,,https://www.inegi.org.mx/contenidos/masiva/denue/denue_11_csv.zip,2026-08-26 (DENUE version 2026-05-20),
F&P MFG DE MEXICO,F&P MFG DE MEXICO,336390,Fabricación de otras partes para vehículos automotrices,251 y más personas,Irapuato,Guanajuato,JANAMO,,,https://www.inegi.org.mx/contenidos/masiva/denue/denue_11_csv.zip,2026-08-26 (DENUE version 2026-05-20),
FABRICA DE APARATOS ORTOPEDICOS BOSS LABORATORIES,BOSS LABORATORIES,339111,"Fabricación de equipo no electrónico para uso médico, dental y para laboratorio",101 a 250 personas,León,Guanajuato,DE GUADALUPE,,,https://www.inegi.org.mx/contenidos/masiva/denue/denue_11_csv.zip,2026-08-26 (DENUE version 2026-05-20),
FABRICA DE AUTOPARTES RONGTAI INDUSTRIAL DEVELOPMENT,RONGTAI INDUSTRIAL DEVELOPMENT LEON,336350,Fabricación de partes de sistemas de transmisión para vehículos automotores,251 y más personas,León,Guanajuato,PARQUE INDUSTRIAL COLINAS DE LEÓN,4778208008,,https://www.inegi.org.mx/contenidos/masiva/denue/denue_11_csv.zip,2026-08-26 (DENUE version 2026-05-20),
FABRICA DE HERRAJES PARA CINTURONES METAL PARK,METAL PARK,339992,"Fabricación de cierres, botones y agujas",251 y más personas,León,Guanajuato,PRO. FRACCIONES DE SAN JOSÉ DE LAS PILETAS,,,https://www.inegi.org.mx/contenidos/masiva/denue/denue_11_csv.zip,2026-08-26 (DENUE version 2026-05-20),
FÁBRICA DE MAQUINA Y HERRAMIENTA,FABRICA DE MAQUINA Y HERRAMIENTA,333111,Fabricación de maquinaria y equipo agrícola,101 a 250 personas,Pénjamo,Guanajuato,SANTA ANA PACUECO,,WWW.FAMAQ.COM.MX,https://www.inegi.org.mx/contenidos/masiva/denue/denue_11_csv.zip,2026-08-26 (DENUE version 2026-05-20),
FABRICA DE TORNILLOS KAMAX MEXICO,KAMAX MEXICO,332720,"Fabricación de tornillos, tuercas, remaches y similares",101 a 250 personas,León,Guanajuato,PARQUE INDUSTRIAL COLINAS DE LEÓN,4772250868,WWW.KAMAX.COM,https://www.inegi.org.mx/contenidos/masiva/denue/denue_11_csv.zip,2026-08-26 (DENUE version 2026-05-20),
FAIST ALUCAST,FAIST ALUCAST,331520,Moldeo por fundición de piezas metálicas no ferrosas,251 y más personas,Silao de la Victoria,Guanajuato,PUERTO INTERIOR,4721350600,WWW.FAISTGROUP.COM,https://www.inegi.org.mx/contenidos/masiva/denue/denue_11_csv.zip,2026-08-26 (DENUE version 2026-05-20),
FAURECIA SISTEMAS AUTOMOTRICES DE MEXICO,FAURECIA SISTEMAS AUTOMOTRICES DE MEXICO,336390,Fabricación de otras partes para vehículos automotrices,251 y más personas,San José Iturbide,Guanajuato,PARQUE INDUSTRIAL OPCION,,,https://www.inegi.org.mx/contenidos/masiva/denue/denue_11_csv.zip,2026-08-26 (DENUE version 2026-05-20),
FAURECIA SISTEMAS AUTOMOTRICES DE MEXICO,FAURECIA SISTEMAS AUTOMOTRICES DE MEXICO,336390,Fabricación de otras partes para vehículos automotrices,251 y más personas,Silao de la Victoria,Guanajuato,RECINTO ESTRATEGICO FISCALIZADO,,WWW.FAURECIA.COM,https://www.inegi.org.mx/contenidos/masiva/denue/denue_11_csv.zip,2026-08-26 (DENUE version 2026-05-20),
FIT VOLTAIRA MEXICO,FIT VOLTAIRA MEXICO,336310,Fabricación de motores de gasolina y sus partes para vehículos automotrices,251 y más personas,Comonfort,Guanajuato,EMPALME ESCOBEDO,4611222896,,https://www.inegi.org.mx/contenidos/masiva/denue/denue_11_csv.zip,2026-08-26 (DENUE version 2026-05-20),
FIXIER,FIXIER,339111,"Fabricación de equipo no electrónico para uso médico, dental y para laboratorio",101 a 250 personas,Doctor Mora,Guanajuato,SAN RAFAEL,4191251263,WWW.TRAUFIX.COM,https://www.inegi.org.mx/contenidos/masiva/denue/denue_11_csv.zip,2026-08-26 (DENUE version 2026-05-20),
FLEX N GATE MEXICO,FLEX N GATE MEXICO,336370,Fabricación de piezas metálicas troqueladas para vehículos automotrices,251 y más personas,San José Iturbide,Guanajuato,OPCION,,WWW.FLEX-N-GATE.COM.MX,https://www.inegi.org.mx/contenidos/masiva/denue/denue_11_csv.zip,2026-08-26 (DENUE version 2026-05-20),
FORJAS DE CELAYA,FORJAS DE CELAYA,336310,Fabricación de motores de gasolina y sus partes para vehículos automotrices,101 a 250 personas,Celaya,Guanajuato,ZONA INDUSTRIAL PONIENTE,,,https://www.inegi.org.mx/contenidos/masiva/denue/denue_11_csv.zip,2026-08-26 (DENUE version 2026-05-20),
FORMA AUTOMOTIVE DE MEXICO,FORMA AUTOMOTIVE DE MEXICO,336390,Fabricación de otras partes para vehículos automotrices,251 y más personas,Apaseo el Grande,Guanajuato,PARQUE AUTOMOTRIZ TOYOTA,,,https://www.inegi.org.mx/contenidos/masiva/denue/denue_11_csv.zip,2026-08-26 (DENUE version 2026-05-20),
FREUDENBERG FILTRATION TECHNOLOGIES,FREUDENBERG FILTRATION TECHNOLOGIES,336390,Fabricación de otras partes para vehículos automotrices,101 a 250 personas,Silao de la Victoria,Guanajuato,PUERTO INTERIOR,,WWW.FREUDENBERG-FILTER.COM,https://www.inegi.org.mx/contenidos/masiva/denue/denue_11_csv.zip,2026-08-26 (DENUE version 2026-05-20),
FRIOCIMA,FRIOCIMA,333412,Fabricación de equipo de refrigeración industrial y comercial,101 a 250 personas,Celaya,Guanajuato,EL VERGEL,,WWW.FRIOCIMA.COM,https://www.inegi.org.mx/contenidos/masiva/denue/denue_11_csv.zip,2026-08-26 (DENUE version 2026-05-20),
FUJI OOZX,FUJI OOZX MEXICO,332910,Fabricación de válvulas metálicas,101 a 250 personas,Silao de la Victoria,Guanajuato,MEZQUITE DE SOTELO PLAN DE SOTELO,,,https://www.inegi.org.mx/contenidos/masiva/denue/denue_11_csv.zip,2026-08-26 (DENUE version 2026-05-20),
FUJIKOKI DE MÉXICO,FUJIKOKI DE MÉXICO,333411,Fabricación de equipo de aire acondicionado y calefacción,251 y más personas,Irapuato,Guanajuato,PARQUE TECNOINDUSTRIAL CASTRO DEL RÍO,4621180861,,https://www.inegi.org.mx/contenidos/masiva/denue/denue_11_csv.zip,2026-08-26 (DENUE version 2026-05-20),
FUJIKURA AUTOMOTIVE MEXICO QUERETARO,FUJIKURA AUTOMOTIVE MEXICO QUERETARO,336320,Fabricación de equipo eléctrico y electrónico y sus partes para vehículos automotores,251 y más personas,Salamanca,Guanajuato,VALTIERRILLA,,WWW.FUJIKURAAUTOMOTIVE.COM,https://www.inegi.org.mx/contenidos/masiva/denue/denue_11_csv.zip,2026-08-26 (DENUE version 2026-05-20),
FUMAQ,FUMAQ,336340,Fabricación de partes de sistemas de frenos para vehículos automotrices,101 a 250 personas,Apaseo el Alto,Guanajuato,SAN JUAN DEL LLANITO,,WWW.FUMAQ.COM,https://www.inegi.org.mx/contenidos/masiva/denue/denue_11_csv.zip,2026-08-26 (DENUE version 2026-05-20),
FURUKAWA AUTOMOTIVE SYSTEMS MEXICO,FURUKAWA AUTOMOTIVE SYSTEMS MEXICO,336320,Fabricación de equipo eléctrico y electrónico y sus partes para vehículos automotores,251 y más personas,Valle de Santiago,Guanajuato,SEDAI,,,https://www.inegi.org.mx/contenidos/masiva/denue/denue_11_csv.zip,2026-08-26 (DENUE version 2026-05-20),
G ONE AUTO PARTS DE MÉXICO,G ONE AUTO PARTS DE MÉXICO,336210,Fabricación de carrocerías y remolques,251 y más personas,Apaseo el Grande,Guanajuato,LA AMISTAD BAJIO,,,https://www.inegi.org.mx/contenidos/masiva/denue/denue_11_csv.zip,2026-08-26 (DENUE version 2026-05-20),
G S W DE GUANAJUATO,G S W DE GUANAJUATO,336320,Fabricación de equipo eléctrico y electrónico y sus partes para vehículos automotores,251 y más personas,Dolores Hidalgo Cuna de la Independencia Nacional,Guanajuato,EL JARDIN,8991244094,,https://www.inegi.org.mx/contenidos/masiva/denue/denue_11_csv.zip,2026-08-26 (DENUE version 2026-05-20),
GAT MEXICO,GAT MEXICO,336330,Fabricación de partes de sistemas de dirección y de suspensión para vehículos automotrices,101 a 250 personas,Celaya,Guanajuato,SEGUNDA FRACCION DE CRESPO,,,https://www.inegi.org.mx/contenidos/masiva/denue/denue_11_csv.zip,2026-08-26 (DENUE version 2026-05-20),
GEMOMEX,GEMOMEX,336360,Fabricación de asientos y accesorios interiores para vehículos automotores,101 a 250 personas,Irapuato,Guanajuato,PARQUE TECNO INDUSTRIAL CASTRO DEL RIO,,,https://www.inegi.org.mx/contenidos/masiva/denue/denue_11_csv.zip,2026-08-26 (DENUE version 2026-05-20),
GENERAL MOTORS DE MEXICO,GENERAL MOTORS DE MEXICO,336110,Fabricación de automóviles y camionetas,251 y más personas,Silao de la Victoria,Guanajuato,LOS RODRIGUEZ,,WWW.GM.COM.MX,https://www.inegi.org.mx/contenidos/masiva/denue/denue_11_csv.zip,2026-08-26 (DENUE version 2026-05-20),
GENTHERM DE MEXICO PLANTA CUATRO,GENTHERM DE MEXICO,336360,Fabricación de asientos y accesorios interiores para vehículos automotores,101 a 250 personas,Celaya,Guanajuato,PARQUE INDUSTRIAL AMISTAD SUR,,,https://www.inegi.org.mx/contenidos/masiva/denue/denue_11_csv.zip,2026-08-26 (DENUE version 2026-05-20),
GKN DRIVELINE CELAYA,GKN DRIVELINE CELAYA,336350,Fabricación de partes de sistemas de transmisión para vehículos automotores,251 y más personas,Celaya,Guanajuato,SEGUNDA FRACCION DE CRESPO,,WWW.GKN.COM,https://www.inegi.org.mx/contenidos/masiva/denue/denue_11_csv.zip,2026-08-26 (DENUE version 2026-05-20),
GKN DRIVELINE CELAYA,GKN DRIVELINE CELAYA,336350,Fabricación de partes de sistemas de transmisión para vehículos automotores,251 y más personas,Villagrán,Guanajuato,EL PINTOR,,WWW.GKN.COM,https://www.inegi.org.mx/contenidos/masiva/denue/denue_11_csv.zip,2026-08-26 (DENUE version 2026-05-20),
GKN SINTER METALS MEXICO,GKN SINTER METALS MEXICO,336350,Fabricación de partes de sistemas de transmisión para vehículos automotores,101 a 250 personas,Apaseo el Grande,Guanajuato,AMISTAD CHUY MARIA,,,https://www.inegi.org.mx/contenidos/masiva/denue/denue_11_csv.zip,2026-08-26 (DENUE version 2026-05-20),
GPA ADVANCED MANUFACTURING,GPA ADVANCED MANUFACTURING,332999,Fabricación de otros productos metálicos,251 y más personas,León,Guanajuato,VILLAS DE SAN JUAN I,,,https://www.inegi.org.mx/contenidos/masiva/denue/denue_11_csv.zip,2026-08-26 (DENUE version 2026-05-20),
GRUPO ANTOLIN SILAO,GRUPO ANTOLIN SILAO,336360,Fabricación de asientos y accesorios interiores para vehículos automotores,101 a 250 personas,Silao de la Victoria,Guanajuato,PARQUE FIPASI,,,https://www.inegi.org.mx/contenidos/masiva/denue/denue_11_csv.zip,2026-08-26 (DENUE version 2026-05-20),
GRUPO ETSA,ESPECIALIDADES TERMICAS,332810,Recubrimientos y terminados metálicos,101 a 250 personas,Celaya,Guanajuato,CIUDAD INDUSTRIAL,,WWW.ESPECIALIDADESTERMICAS.COM,https://www.inegi.org.mx/contenidos/masiva/denue/denue_11_csv.zip,2026-08-26 (DENUE version 2026-05-20),
GRUPO ETSA,ESPECIALIDADES TERMICAS,332810,Recubrimientos y terminados metálicos,101 a 250 personas,Celaya,Guanajuato,CIUDAD INDUSTRIAL,,WWW.ESPECIALIDADETERMICAS.COM,https://www.inegi.org.mx/contenidos/masiva/denue/denue_11_csv.zip,2026-08-26 (DENUE version 2026-05-20),
GRUPO YAZAKI PLANTA LEON,GRUPO YAZAKI,336320,Fabricación de equipo eléctrico y electrónico y sus partes para vehículos automotores,251 y más personas,León,Guanajuato,EL BAJIO 1,8181344800,WWW.YAZAKI.GRUPO.COM,https://www.inegi.org.mx/contenidos/masiva/denue/denue_11_csv.zip,2026-08-26 (DENUE version 2026-05-20),
GTEKT MEXICO CORP G-MEX,GTEKT MEXICO CORP,336350,Fabricación de partes de sistemas de transmisión para vehículos automotores,101 a 250 personas,Irapuato,Guanajuato,COLINAS DEL RINCON,4623696945,,https://www.inegi.org.mx/contenidos/masiva/denue/denue_11_csv.zip,2026-08-26 (DENUE version 2026-05-20),
HAL ALUMINUM MEXICO,HAL ALUMINUM MEXICO,336310,Fabricación de motores de gasolina y sus partes para vehículos automotrices,251 y más personas,Silao de la Victoria,Guanajuato,PUERTO INTERIOR,4721338449,,https://www.inegi.org.mx/contenidos/masiva/denue/denue_11_csv.zip,2026-08-26 (DENUE version 2026-05-20),
HAL ALUMINUM MEXICO,HAL ALUMINUM MEXICO,336350,Fabricación de partes de sistemas de transmisión para vehículos automotores,251 y más personas,Silao de la Victoria,Guanajuato,PUERTO INTERIOR,,WWW.HALMEX.COM,https://www.inegi.org.mx/contenidos/masiva/denue/denue_11_csv.zip,2026-08-26 (DENUE version 2026-05-20),
HANWA,HANWA STEEL SERVICE MEXICANA,331220,Fabricación de otros productos de hierro y acero,251 y más personas,Apaseo el Grande,Guanajuato,LA AMISTAD,,WWW.HANWA.COM,https://www.inegi.org.mx/contenidos/masiva/denue/denue_11_csv.zip,2026-08-26 (DENUE version 2026-05-20),
HARTING,HARTING MEXICO MANUFACTURING,334410,Fabricación de componentes electrónicos,101 a 250 personas,Silao de la Victoria,Guanajuato,PUERTO INTERIOR,,WWW.HARTING.COM,https://www.inegi.org.mx/contenidos/masiva/denue/denue_11_csv.zip,2026-08-26 (DENUE version 2026-05-20),
HEBILLAS Y HERRAJES FINOS DE LEON,HEBILLAS Y HERRAJES FINOS DE LEON,339992,"Fabricación de cierres, botones y agujas",101 a 250 personas,León,Guanajuato,INDUSTRIAL DELTA,,,https://www.inegi.org.mx/contenidos/masiva/denue/denue_11_csv.zip,2026-08-26 (DENUE version 2026-05-20),
HELLA AUTOMOTIVE MEXICO,HELLA AUTOMOTIVE MEXICO,336320,Fabricación de equipo eléctrico y electrónico y sus partes para vehículos automotores,251 y más personas,San José Iturbide,Guanajuato,PARQUE OPCION,,HTTPS://WWW.HELLA.COM,https://www.inegi.org.mx/contenidos/masiva/denue/denue_11_csv.zip,2026-08-26 (DENUE version 2026-05-20),
HELLA AUTOMOTIVE MEXICO,HELLA AUTOMOTIVE MEXICO,336320,Fabricación de equipo eléctrico y electrónico y sus partes para vehículos automotores,251 y más personas,Irapuato,Guanajuato,EL JANAMO,,WWW.HELLAMEX.COM,https://www.inegi.org.mx/contenidos/masiva/denue/denue_11_csv.zip,2026-08-26 (DENUE version 2026-05-20),
HELLA AUTOMOTIVE MEXICO,HELLA AUTOMOTIVE MEXICO,336320,Fabricación de equipo eléctrico y electrónico y sus partes para vehículos automotores,251 y más personas,Apaseo el Grande,Guanajuato,AMEXE,,HTTPS://WWW.HELLA.COM,https://www.inegi.org.mx/contenidos/masiva/denue/denue_11_csv.zip,2026-08-26 (DENUE version 2026-05-20),
HELVEX,HELVEX,332910,Fabricación de válvulas metálicas,251 y más personas,Apaseo el Grande,Guanajuato,LOCALIDAD ECONOMICA 7004,,WWW.HELVEX.COM,https://www.inegi.org.mx/contenidos/masiva/denue/denue_11_csv.zip,2026-08-26 (DENUE version 2026-05-20),
HIHO WHEEL MEXICO,HIHO WHEEL MEXICO,336390,Fabricación de otras partes para vehículos automotrices,251 y más personas,Apaseo el Grande,Guanajuato,SAN JOSE AGUA AZUL,,WWW.HIHOMEXICO.COM.MX,https://www.inegi.org.mx/contenidos/masiva/denue/denue_11_csv.zip,2026-08-26 (DENUE version 2026-05-20),
HIROTEC MEXICO SILAO,HIROTEC MEXICO,336370,Fabricación de piezas metálicas troqueladas para vehículos automotrices,251 y más personas,Silao de la Victoria,Guanajuato,FIPASI,,,https://www.inegi.org.mx/contenidos/masiva/denue/denue_11_csv.zip,2026-08-26 (DENUE version 2026-05-20),
HIROTEC TOOLING DE MEXICO,HIROTEC TOOLING DE MEXICO,333999,Fabricación de otra maquinaria y equipo para la industria en general,101 a 250 personas,Silao de la Victoria,Guanajuato,PUERTO INTERIOR SANTA FE II,4721034076,WWW.HIROTECTOOLING.COM,https://www.inegi.org.mx/contenidos/masiva/denue/denue_11_csv.zip,2026-08-26 (DENUE version 2026-05-20),
HIRSCHANN AUTOMOTIVE MEXICO,HIRSCHMANN AUTOMOTIVE MEXICO,336320,Fabricación de equipo eléctrico y electrónico y sus partes para vehículos automotores,251 y más personas,San Miguel de Allende,Guanajuato,POLIGONO SAN MIGUEL DE ALLENDE,,,https://www.inegi.org.mx/contenidos/masiva/denue/denue_11_csv.zip,2026-08-26 (DENUE version 2026-05-20),
HIRSCHMANN AUTOMOTIVE,HIRSCHMANN AUTOMOTIVE,336320,Fabricación de equipo eléctrico y electrónico y sus partes para vehículos automotores,251 y más personas,San Miguel de Allende,Guanajuato,POLIGONO EMPRESARIAL DE SAN MIGUEL DE ALLENDE,,WWW.HIRSCHMANN-AUTOMOTIVE.COM,https://www.inegi.org.mx/contenidos/masiva/denue/denue_11_csv.zip,2026-08-26 (DENUE version 2026-05-20),
HIRUTA,HIRUTA MEXICO,336340,Fabricación de partes de sistemas de frenos para vehículos automotrices,251 y más personas,Silao de la Victoria,Guanajuato,PUERTO INTERIOR SANTA FE I,,,https://www.inegi.org.mx/contenidos/masiva/denue/denue_11_csv.zip,2026-08-26 (DENUE version 2026-05-20),
HONDA CELAYA,HONDA DE MEXICO,336110,Fabricación de automóviles y camionetas,251 y más personas,Celaya,Guanajuato,PLANTA AUTOMOTRIZ,,WWW.HONDA.COM.MX,https://www.inegi.org.mx/contenidos/masiva/denue/denue_11_csv.zip,2026-08-26 (DENUE version 2026-05-20),
HOPE INDUSTRIES DE MEXICO,HOPE INDUSTRIES DE MEXICO,336360,Fabricación de asientos y accesorios interiores para vehículos automotores,251 y más personas,León,Guanajuato,PRO. FRACCIONES DE CAÑADA DE ALFARO,4777034354,,https://www.inegi.org.mx/contenidos/masiva/denue/denue_11_csv.zip,2026-08-26 (DENUE version 2026-05-20),
IKD FAEZA,IKD FAEZA,336370,Fabricación de piezas metálicas troqueladas para vehículos automotrices,251 y más personas,Irapuato,Guanajuato,PARQUE TECNO INDUSTRIAL CASTRO DEL RIO,4621558708,,https://www.inegi.org.mx/contenidos/masiva/denue/denue_11_csv.zip,2026-08-26 (DENUE version 2026-05-20),
IMASEN MÉXICO TECHNOLOGY,IMASEN MEXICO TECHNOLOGY,336360,Fabricación de asientos y accesorios interiores para vehículos automotores,101 a 250 personas,Irapuato,Guanajuato,CENTRO INDUSTRIAL GUANAJUATO,4626214115,WWW.IMASEN.CO.JP,https://www.inegi.org.mx/contenidos/masiva/denue/denue_11_csv.zip,2026-08-26 (DENUE version 2026-05-20),
IMEM TRANSFORMADORES INTERNACIONALES,IMEM TRANSFORMADORES INTERNACIONALES,335312,Fabricación de equipo y aparatos de distribución de energía eléctrica,101 a 250 personas,Apaseo el Grande,Guanajuato,RANCHO NUEVO,,WWW.TRANSFORMADORELECTRICO.COM,https://www.inegi.org.mx/contenidos/masiva/denue/denue_11_csv.zip,2026-08-26 (DENUE version 2026-05-20),
INALFA ROOF SYSTEMS DE MÉXICO,INALFA ROOF SYSTEMS DE MEXICO,336390,Fabricación de otras partes para vehículos automotrices,251 y más personas,Irapuato,Guanajuato,PARQUE TECNOINDUSTRIAL CASTRO DEL RIO,,WWW.INALFA-ROOFSYSTEMS.COM,https://www.inegi.org.mx/contenidos/masiva/denue/denue_11_csv.zip,2026-08-26 (DENUE version 2026-05-20),
INDUSTRIAS ACROS WHIRLPOOL,INDUSTRIAS ACROS WHIRLPOOL,335220,Fabricación de aparatos de línea blanca,251 y más personas,Celaya,Guanajuato,LA PROVIDENCIA,,WWW.WHIRLPOOL.MX,https://www.inegi.org.mx/contenidos/masiva/denue/denue_11_csv.zip,2026-08-26 (DENUE version 2026-05-20),
INDUSTRIAS NORAMEX,INDUSTRIAS NORAMEX,333242,Fabricación de maquinaria y equipo para la industria del hule y del plástico,101 a 250 personas,León,Guanajuato,PRO. FRACCIONES DE SAN CARLOS,,,https://www.inegi.org.mx/contenidos/masiva/denue/denue_11_csv.zip,2026-08-26 (DENUE version 2026-05-20),
INMETMATIC,INMETMATIC,336370,Fabricación de piezas metálicas troqueladas para vehículos automotrices,251 y más personas,San José Iturbide,Guanajuato,OPCION,,WWW.MULTIMATIC.COM,https://www.inegi.org.mx/contenidos/masiva/denue/denue_11_csv.zip,2026-08-26 (DENUE version 2026-05-20),
INTEVA MEXICO,INTEVA MEXICO,336360,Fabricación de asientos y accesorios interiores para vehículos automotores,251 y más personas,Silao de la Victoria,Guanajuato,PUERTO INTERIOR,,,https://www.inegi.org.mx/contenidos/masiva/denue/denue_11_csv.zip,2026-08-26 (DENUE version 2026-05-20),
ISS MÉXICO MANUFACTURING,ISS MEXICO MANUFACTURING,336350,Fabricación de partes de sistemas de transmisión para vehículos automotores,101 a 250 personas,Irapuato,Guanajuato,CASTRO DEL RIO,,,https://www.inegi.org.mx/contenidos/masiva/denue/denue_11_csv.zip,2026-08-26 (DENUE version 2026-05-20),
ITECH ECOENERGIAS,ITECH ECOENERGIAS,332810,Recubrimientos y terminados metálicos,101 a 250 personas,Celaya,Guanajuato,SAN ISIDRO CRESPO,,,https://www.inegi.org.mx/contenidos/masiva/denue/denue_11_csv.zip,2026-08-26 (DENUE version 2026-05-20),
ITT MOTION TECHNOLOGIES MÉXICO,ITT MOTION TECHNOLOGIES MEXICO,336390,Fabricación de otras partes para vehículos automotrices,251 y más personas,Silao de la Victoria,Guanajuato,PUERTO INTERIOR,,,https://www.inegi.org.mx/contenidos/masiva/denue/denue_11_csv.zip,2026-08-26 (DENUE version 2026-05-20),
J CLIMA SISTEMAS MEXICO,J CLIMA SISTEMAS MEXICO,336390,Fabricación de otras partes para vehículos automotrices,101 a 250 personas,Salamanca,Guanajuato,COMPLEJO INDUSTRIAL SALAMANCA,,,https://www.inegi.org.mx/contenidos/masiva/denue/denue_11_csv.zip,2026-08-26 (DENUE version 2026-05-20),
JOHNAN,JOHNAN DE MEXICO,336390,Fabricación de otras partes para vehículos automotrices,101 a 250 personas,Silao de la Victoria,Guanajuato,LAS COLINAS,,,https://www.inegi.org.mx/contenidos/masiva/denue/denue_11_csv.zip,2026-08-26 (DENUE version 2026-05-20),
K TECH INDUSTRIAL MEXICO,K TECH INDUSTRIAL MEXICO,336390,Fabricación de otras partes para vehículos automotrices,251 y más personas,Silao de la Victoria,Guanajuato,PUERTO INTERIOR,,,https://www.inegi.org.mx/contenidos/masiva/denue/denue_11_csv.zip,2026-08-26 (DENUE version 2026-05-20),
KAUTEX TEXTRON DE MEXICO,KAUTEX TEXTRON DE MEXICO,336370,Fabricación de piezas metálicas troqueladas para vehículos automotrices,101 a 250 personas,Silao de la Victoria,Guanajuato,SANTA FE 2,,WWW.KAUTEXTEXTRON.COM,https://www.inegi.org.mx/contenidos/masiva/denue/denue_11_csv.zip,2026-08-26 (DENUE version 2026-05-20),
KAWADA MX,KAWADA MX,336390,Fabricación de otras partes para vehículos automotrices,101 a 250 personas,Silao de la Victoria,Guanajuato,PUERTO INTERIOR,4772084420,WWW.MXKAWADA.COM,https://www.inegi.org.mx/contenidos/masiva/denue/denue_11_csv.zip,2026-08-26 (DENUE version 2026-05-20),
KOLBENSCHMIDT DE MEXICO,KOLBENSCHMIDT DE MEXICO,336310,Fabricación de motores de gasolina y sus partes para vehículos automotrices,251 y más personas,Celaya,Guanajuato,ARBOLEDAS DE SAN RAFAEL,4613907553,,https://www.inegi.org.mx/contenidos/masiva/denue/denue_11_csv.zip,2026-08-26 (DENUE version 2026-05-20),
KOSTAL MEXICANA,KOSTAL MEXICANA,336320,Fabricación de equipo eléctrico y electrónico y sus partes para vehículos automotores,251 y más personas,Acámbaro,Guanajuato,LOMA BONITA II,,WWW.KOSTAL-KONTAKT-SYSTEME.COM,https://www.inegi.org.mx/contenidos/masiva/denue/denue_11_csv.zip,2026-08-26 (DENUE version 2026-05-20),
KROMBERG & SCHUBERT MEXICO LE IRAPUATO 75,KROMBERG & SCHUBERT MEXICO LE,336320,Fabricación de equipo eléctrico y electrónico y sus partes para vehículos automotores,251 y más personas,Irapuato,Guanajuato,CASTRO DEL RIO,,WWW.KROMBERG-SCHUBERT.COM,https://www.inegi.org.mx/contenidos/masiva/denue/denue_11_csv.zip,2026-08-26 (DENUE version 2026-05-20),
KROMBERG & SCHUBERT MEXICO LE SAN FRANCISCO 66,KROMBERG & SCHUBERT MEXICO LE,336320,Fabricación de equipo eléctrico y electrónico y sus partes para vehículos automotores,251 y más personas,San Francisco del Rincón,Guanajuato,COLINAS DEL RINCÓN,,WWW.KROMBERG-SCHUBERT.COM,https://www.inegi.org.mx/contenidos/masiva/denue/denue_11_csv.zip,2026-08-26 (DENUE version 2026-05-20),
KS GLEITLAGER DE MEXICO,KS GLEITAGER DE MEXICO,336330,Fabricación de partes de sistemas de dirección y de suspensión para vehículos automotrices,101 a 250 personas,Celaya,Guanajuato,2A FRACCION DE CRESPO,,WWW.TEAMPORTAL.KUS.COM,https://www.inegi.org.mx/contenidos/masiva/denue/denue_11_csv.zip,2026-08-26 (DENUE version 2026-05-20),
KUO MOTOR,KUO MOTOR,336310,Fabricación de motores de gasolina y sus partes para vehículos automotrices,251 y más personas,Celaya,Guanajuato,SEGUNDA FRACCIÓN DE CRESPO,,,https://www.inegi.org.mx/contenidos/masiva/denue/denue_11_csv.zip,2026-08-26 (DENUE version 2026-05-20),
KYB MEXICO,KYB MEXICO,336390,Fabricación de otras partes para vehículos automotrices,251 y más personas,Silao de la Victoria,Guanajuato,PUERTO INTERIOR SILAO,,,https://www.inegi.org.mx/contenidos/masiva/denue/denue_11_csv.zip,2026-08-26 (DENUE version 2026-05-20),
KYOHO TOYOTSU MEXICO,KYOHO TOYOTSU MEXICO,336370,Fabricación de piezas metálicas troqueladas para vehículos automotrices,251 y más personas,Apaseo el Grande,Guanajuato,PARQUE AUTOMOTRIZ TOYOTA,,,https://www.inegi.org.mx/contenidos/masiva/denue/denue_11_csv.zip,2026-08-26 (DENUE version 2026-05-20),
L&V5 MEXICO,L&V5 MEXICO,336320,Fabricación de equipo eléctrico y electrónico y sus partes para vehículos automotores,251 y más personas,Silao de la Victoria,Guanajuato,PARQUE INDUSTRIAL PANAN,,,https://www.inegi.org.mx/contenidos/masiva/denue/denue_11_csv.zip,2026-08-26 (DENUE version 2026-05-20),
LEAR CORPORATION PLANTA LEON,LEAR MEXICAN TRIM OPERATIONS,336360,Fabricación de asientos y accesorios interiores para vehículos automotores,251 y más personas,León,Guanajuato,SAN JOSE DE CEMENTOS,,,https://www.inegi.org.mx/contenidos/masiva/denue/denue_11_csv.zip,2026-08-26 (DENUE version 2026-05-20),
LEAR SAN FELIPE,LEAR MEXICAN TRIM OPERATIONS,336360,Fabricación de asientos y accesorios interiores para vehículos automotores,251 y más personas,San Felipe,Guanajuato,PROGRESIVA GUANAJUATO,,WWW.LEAR.COM,https://www.inegi.org.mx/contenidos/masiva/denue/denue_11_csv.zip,2026-08-26 (DENUE version 2026-05-20),
LEAR SILAO,LEAR CORPORATION MEXICO,336360,Fabricación de asientos y accesorios interiores para vehículos automotores,251 y más personas,Silao de la Victoria,Guanajuato,Y DE NEGOCIOS LAS COLINAS,,WWW.LEAR.COM,https://www.inegi.org.mx/contenidos/masiva/denue/denue_11_csv.zip,2026-08-26 (DENUE version 2026-05-20),
LEGGETT & PLATT AUTOMOTIVE,L&V 5 MEXICO,336320,Fabricación de equipo eléctrico y electrónico y sus partes para vehículos automotores,251 y más personas,Silao de la Victoria,Guanajuato,PANAN 1,4721339102,,https://www.inegi.org.mx/contenidos/masiva/denue/denue_11_csv.zip,2026-08-26 (DENUE version 2026-05-20),
LEONI CABLE,LEONI CABLE,336320,Fabricación de equipo eléctrico y electrónico y sus partes para vehículos automotores,101 a 250 personas,Apaseo el Grande,Guanajuato,AMISTAD BAJ?O,,WWW.LEONI-CABLE.COM,https://www.inegi.org.mx/contenidos/masiva/denue/denue_11_csv.zip,2026-08-26 (DENUE version 2026-05-20),
MACAUTO MEXICO,MACAUTO MEXICO,336360,Fabricación de asientos y accesorios interiores para vehículos automotores,101 a 250 personas,León,Guanajuato,SAN JOSE DE CEMENTOS,,WWW.MACAUTO-GROUP.COM,https://www.inegi.org.mx/contenidos/masiva/denue/denue_11_csv.zip,2026-08-26 (DENUE version 2026-05-20),
MAGNA,SAN LUIS METAL FORMING,332320,Fabricación de productos de herrería,251 y más personas,Silao de la Victoria,Guanajuato,PUERTO INTERIOR,,,https://www.inegi.org.mx/contenidos/masiva/denue/denue_11_csv.zip,2026-08-26 (DENUE version 2026-05-20),
MAGNA AUTOMOTIVE SYSTEM,SAN LUIS METAL FORMING,336370,Fabricación de piezas metálicas troqueladas para vehículos automotrices,101 a 250 personas,Silao de la Victoria,Guanajuato,PUERTO INTERIOR,,,https://www.inegi.org.mx/contenidos/masiva/denue/denue_11_csv.zip,2026-08-26 (DENUE version 2026-05-20),
MAHLE SILAO,MAHLE BEHR RIO BRAVO,336310,Fabricación de motores de gasolina y sus partes para vehículos automotrices,251 y más personas,Silao de la Victoria,Guanajuato,LAS COLINAS,,,https://www.inegi.org.mx/contenidos/masiva/denue/denue_11_csv.zip,2026-08-26 (DENUE version 2026-05-20),
MAHLE SISTEMAS DE FILTRACION DE MEXICO,MAHLE SISTEMAS DE FILTRACION DE MEXICO,336390,Fabricación de otras partes para vehículos automotrices,251 y más personas,Apaseo el Grande,Guanajuato,PARQUE INDUSTRIAL AMISTAD BAJIO,,WWW.MAHLE.COM,https://www.inegi.org.mx/contenidos/masiva/denue/denue_11_csv.zip,2026-08-26 (DENUE version 2026-05-20),
MAILHOT DE MEXICO,MAILHOT DE MEXICO,333920,Fabricación de maquinaria y equipo para levantar y trasladar,101 a 250 personas,Silao de la Victoria,Guanajuato,SANTA FE PUERTO INTERIOR,,,https://www.inegi.org.mx/contenidos/masiva/denue/denue_11_csv.zip,2026-08-26 (DENUE version 2026-05-20),
MANUFACTURA DE TUBO DE ACERO PARA EL RAMO AUTOMOTRIZ NIPPON STEEL,NIPPON STEEL PIPE MEXICO,336370,Fabricación de piezas metálicas troqueladas para vehículos automotrices,251 y más personas,Silao de la Victoria,Guanajuato,PUERTO INTERIOR,,WWW.NIPPON.COM,https://www.inegi.org.mx/contenidos/masiva/denue/denue_11_csv.zip,2026-08-26 (DENUE version 2026-05-20),
MANUFACTURAS DIVERSAS,MANUFACTURAS DIVERSAS,339999,Otras industrias manufactureras,251 y más personas,León,Guanajuato,EL DORADO,,,https://www.inegi.org.mx/contenidos/masiva/denue/denue_11_csv.zip,2026-08-26 (DENUE version 2026-05-20),
MANUFACTURAS ESPECIALIZADAS METALICAS PARA LA INDUSTRIA DE LA CONSTRUCCION,MANUFACTURAS ESPECIALIZADAS METALICAS PARA LA INDUSTRIA DE LA CONSTRUCCION,337120,"Fabricación de muebles, excepto cocinas integrales, muebles modulares de baño y muebles de oficina y estantería",101 a 250 personas,Irapuato,Guanajuato,SAN MIGUELITO,,WWW.ECOESTUFA.COM,https://www.inegi.org.mx/contenidos/masiva/denue/denue_11_csv.zip,2026-08-26 (DENUE version 2026-05-20),
MANUFACTURERA CONECEL,MANUFACTURERA CONECEL,335999,Fabricación de otros productos eléctricos,101 a 250 personas,Celaya,Guanajuato,CIUDAD INDUSTRIAL,,,https://www.inegi.org.mx/contenidos/masiva/denue/denue_11_csv.zip,2026-08-26 (DENUE version 2026-05-20),
MAQUINADO DE PIEZAS PARA MAQUINARIA Y EQUIPO EN GENERAL SIN NOMBRE,,332710,Maquinado de piezas metálicas para maquinaria y equipo en general,251 y más personas,Apaseo el Grande,Guanajuato,AMISTAD CHUY MARIA,,WWW.PROMEBA.MX,https://www.inegi.org.mx/contenidos/masiva/denue/denue_11_csv.zip,2026-08-26 (DENUE version 2026-05-20),
MAQUINADOS DE PRECISION DE MEXICO,MAQUINADOS DE PRECISION DE MEXICO,336370,Fabricación de piezas metálicas troqueladas para vehículos automotrices,251 y más personas,Celaya,Guanajuato,EL VERGEL,,,https://www.inegi.org.mx/contenidos/masiva/denue/denue_11_csv.zip,2026-08-26 (DENUE version 2026-05-20),
MARQUARDT MEXICO,MARQUARDT MEXICO,334410,Fabricación de componentes electrónicos,251 y más personas,Irapuato,Guanajuato,PARQUE TECNOINDUSTRIAL CASTRO DEL RÍO,4621320835,WWW.MARQUARDT.DE,https://www.inegi.org.mx/contenidos/masiva/denue/denue_11_csv.zip,2026-08-26 (DENUE version 2026-05-20),
MARTINREA SILAO PLANTA 1,MARTINREA DEVELOPMENTS DE MEXICO,336370,Fabricación de piezas metálicas troqueladas para vehículos automotrices,251 y más personas,Silao de la Victoria,Guanajuato,PUERTO INTERIOR,,,https://www.inegi.org.mx/contenidos/masiva/denue/denue_11_csv.zip,2026-08-26 (DENUE version 2026-05-20),
MARTINREA SILAO PLANTA2,MARTINREA DEVELOPMENTS DE MEXICO,336370,Fabricación de piezas metálicas troqueladas para vehículos automotrices,101 a 250 personas,Silao de la Victoria,Guanajuato,PUERTO INTERIOR,,,https://www.inegi.org.mx/contenidos/masiva/denue/denue_11_csv.zip,2026-08-26 (DENUE version 2026-05-20),
MAZDA MOTOR MANUFACTURING DE MEXICO,MAZDA MOTOR MANUFACTURING DE MEXICO,336110,Fabricación de automóviles y camionetas,251 y más personas,Salamanca,Guanajuato,COMPLEJO INDUSTRIAL SALAMANCA,,,https://www.inegi.org.mx/contenidos/masiva/denue/denue_11_csv.zip,2026-08-26 (DENUE version 2026-05-20),
MD ELEKTRONIK DE MEXICO,MD ELEKTRONIK DE MEXICO,335920,Fabricación de cables de conducción eléctrica,251 y más personas,León,Guanajuato,PARQUE INDUSTRIAL COLINAS DE LEÓN,,WWW.MD-ELEKTRONIK.COM,https://www.inegi.org.mx/contenidos/masiva/denue/denue_11_csv.zip,2026-08-26 (DENUE version 2026-05-20),
MERIT TECHNOLOGIES,MERIT TECHNOLOGIES DE MEXICO WORLD WIDE,336370,Fabricación de piezas metálicas troqueladas para vehículos automotrices,101 a 250 personas,San José Iturbide,Guanajuato,PARQUE OPCION NOGALES,,,https://www.inegi.org.mx/contenidos/masiva/denue/denue_11_csv.zip,2026-08-26 (DENUE version 2026-05-20),
METAL ONE STEEL SERVICE DE MEXICO,METAL ONE STEEL SERVICE DE MEXICO,332999,Fabricación de otros productos metálicos,251 y más personas,Apaseo el Grande,Guanajuato,PARQUE INDUSTRIAL AMISTAD BAJIO,,,https://www.inegi.org.mx/contenidos/masiva/denue/denue_11_csv.zip,2026-08-26 (DENUE version 2026-05-20),
METALFRIO SOLUTIONS MEXICO,METALFRIO SOLUTIONS MEXICO,333412,Fabricación de equipo de refrigeración industrial y comercial,251 y más personas,Celaya,Guanajuato,CIUDAD INDUSTRIAL,,WWW.METALFRIO.COM.MX,https://www.inegi.org.mx/contenidos/masiva/denue/denue_11_csv.zip,2026-08-26 (DENUE version 2026-05-20),
MIDORI AUTO LEATHER MEXICANA,MIDORI AUTO LEATHER MEXICANA,336360,Fabricación de asientos y accesorios interiores para vehículos automotores,251 y más personas,León,Guanajuato,ARROYO HONDO,,WWW.MIDORIAUTOLEATHER.MX,https://www.inegi.org.mx/contenidos/masiva/denue/denue_11_csv.zip,2026-08-26 (DENUE version 2026-05-20),
MIDORI AUTO LEATHER MEXICANA,MIDORI AUTO LEATHER MEXICANA,336360,Fabricación de asientos y accesorios interiores para vehículos automotores,251 y más personas,León,Guanajuato,BOSQUES DEL REFUGIO,,WWW.MIDORIAUTOLEATHER.MX,https://www.inegi.org.mx/contenidos/masiva/denue/denue_11_csv.zip,2026-08-26 (DENUE version 2026-05-20),
MINEBEA ACCESOLUTIONS MEXICO,MINEBEA ACCESOLUTIONS MEXICO,336390,Fabricación de otras partes para vehículos automotrices,251 y más personas,Silao de la Victoria,Guanajuato,PUERTO INTERIOR,4774331133,,https://www.inegi.org.mx/contenidos/masiva/denue/denue_11_csv.zip,2026-08-26 (DENUE version 2026-05-20),
MINO,MINO INDUSTRY MEXICO,336370,Fabricación de piezas metálicas troqueladas para vehículos automotrices,251 y más personas,León,Guanajuato,PARQUE INDUSTRIAL COLINAS DE LEÓN,4774019234,WWW.MNO.COM,https://www.inegi.org.mx/contenidos/masiva/denue/denue_11_csv.zip,2026-08-26 (DENUE version 2026-05-20),
MISA NATIONAL METAL PROCESSING,MISA NATIONAL METAL PROCESSING,332810,Recubrimientos y terminados metálicos,101 a 250 personas,San José Iturbide,Guanajuato,PARQUE OPCION,4421904190,WWW.MISA-NATIONALMATERIAL.COM,https://www.inegi.org.mx/contenidos/masiva/denue/denue_11_csv.zip,2026-08-26 (DENUE version 2026-05-20),
MITSUI KINZOKU ACT MEXICANA,MITSUI KINZOKU ACT MEXICANA,332510,Fabricación de herrajes y cerraduras,251 y más personas,Silao de la Victoria,Guanajuato,LAS COLINAS,,,https://www.inegi.org.mx/contenidos/masiva/denue/denue_11_csv.zip,2026-08-26 (DENUE version 2026-05-20),
MONROE MEXICO,MONROE MEXICO,336330,Fabricación de partes de sistemas de dirección y de suspensión para vehículos automotrices,251 y más personas,Celaya,Guanajuato,CIUDAD INDUSTRIAL,,,https://www.inegi.org.mx/contenidos/masiva/denue/denue_11_csv.zip,2026-08-26 (DENUE version 2026-05-20),
MUBEA DE MEXICO,MUBEA DE MEXICO,336330,Fabricación de partes de sistemas de dirección y de suspensión para vehículos automotrices,251 y más personas,Apaseo el Grande,Guanajuato,LA AMISTAD CHUY MARIA,,,https://www.inegi.org.mx/contenidos/masiva/denue/denue_11_csv.zip,2026-08-26 (DENUE version 2026-05-20),
MX ESTRUCTURAS,MX ESTRUCTURAS,332310,Fabricación de estructuras metálicas,101 a 250 personas,León,Guanajuato,SAN JUAN DE OTATES,,,https://www.inegi.org.mx/contenidos/masiva/denue/denue_11_csv.zip,2026-08-26 (DENUE version 2026-05-20),
NACIONAL DE COBRE,NACIONAL DE COBRE,331420,Laminación secundaria de cobre,251 y más personas,Villagrán,Guanajuato,NINGUNO,,WWW.NACOBRE.COM.MX,https://www.inegi.org.mx/contenidos/masiva/denue/denue_11_csv.zip,2026-08-26 (DENUE version 2026-05-20),
NEDEC MEXICO,NEDEC MEXICO,331520,Moldeo por fundición de piezas metálicas no ferrosas,251 y más personas,San José Iturbide,Guanajuato,OPCION,5521989597,WWW.NEDEC.COM.MX,https://www.inegi.org.mx/contenidos/masiva/denue/denue_11_csv.zip,2026-08-26 (DENUE version 2026-05-20),
NEO ALIMINIO,NEO ALUMINIO,331310,Industria básica del aluminio,251 y más personas,San José Iturbide,Guanajuato,JESUS MARIA DE ABAJO,5513845363,WWW.EXMET.COM,https://www.inegi.org.mx/contenidos/masiva/denue/denue_11_csv.zip,2026-08-26 (DENUE version 2026-05-20),
NHK SPRING MÉXICO,NHK SPRING MEXICO,336330,Fabricación de partes de sistemas de dirección y de suspensión para vehículos automotrices,251 y más personas,Irapuato,Guanajuato,PARQUE TECNOINDUSTRIAL CASTRO DEL RIO,4621898108,WWW.NHKSPG.CO.JP,https://www.inegi.org.mx/contenidos/masiva/denue/denue_11_csv.zip,2026-08-26 (DENUE version 2026-05-20),
NIDEC MOBILITY MEXICO,NIDEC MOBILITY MEXICO,336320,Fabricación de equipo eléctrico y electrónico y sus partes para vehículos automotores,251 y más personas,Silao de la Victoria,Guanajuato,Y DE NEGOCIOS LAS COLINAS,,,https://www.inegi.org.mx/contenidos/masiva/denue/denue_11_csv.zip,2026-08-26 (DENUE version 2026-05-20),
NORMAN MEXICO,NORMAN MEXICO COMPANY LIMITED,337920,Fabricación de persianas y cortineros,251 y más personas,León,Guanajuato,PILBA,,,https://www.inegi.org.mx/contenidos/masiva/denue/denue_11_csv.zip,2026-08-26 (DENUE version 2026-05-20),
NSK,NSK BEARINGS MANUFACTURING MEXICO,332710,Maquinado de piezas metálicas para maquinaria y equipo en general,101 a 250 personas,Silao de la Victoria,Guanajuato,PUERTO INTERIOR,4721039452,,https://www.inegi.org.mx/contenidos/masiva/denue/denue_11_csv.zip,2026-08-26 (DENUE version 2026-05-20),
NSK WARNER MEXICO,NSK WARNER MEXICO,336350,Fabricación de partes de sistemas de transmisión para vehículos automotores,101 a 250 personas,Silao de la Victoria,Guanajuato,PUERTO INTERIOR,,,https://www.inegi.org.mx/contenidos/masiva/denue/denue_11_csv.zip,2026-08-26 (DENUE version 2026-05-20),
NUCOR JFE STEEL MEXICO,NUCOR JFE STEEL MEXICO,336210,Fabricación de carrocerías y remolques,101 a 250 personas,Silao de la Victoria,Guanajuato,FIPASI,,,https://www.inegi.org.mx/contenidos/masiva/denue/denue_11_csv.zip,2026-08-26 (DENUE version 2026-05-20),
NUKABE MEXICANA,NUKABE MEXICANA,332710,Maquinado de piezas metálicas para maquinaria y equipo en general,251 y más personas,Irapuato,Guanajuato,PARQUE TECNO INDUSTRIAL CASTRO DEL RIO,,,https://www.inegi.org.mx/contenidos/masiva/denue/denue_11_csv.zip,2026-08-26 (DENUE version 2026-05-20),
OKAWA MEXICANA,OKAWA MEXICANA,336390,Fabricación de otras partes para vehículos automotrices,101 a 250 personas,Irapuato,Guanajuato,PARQUE TECNO INDUSTRIAL CASTRO DEL RIO,,WWW.OKAWA.COM,https://www.inegi.org.mx/contenidos/masiva/denue/denue_11_csv.zip,2026-08-26 (DENUE version 2026-05-20),
OSG ROYCO GTC,OSG ROYCO,332211,Fabricación de herramientas de mano metálicas sin motor,101 a 250 personas,Silao de la Victoria,Guanajuato,SANTA FE III,,WWW.OSGROYCO.COM,https://www.inegi.org.mx/contenidos/masiva/denue/denue_11_csv.zip,2026-08-26 (DENUE version 2026-05-20),
OSHKOSH,OSHKOSH EQUIPMENT MANUFACTURING,333920,Fabricación de maquinaria y equipo para levantar y trasladar,251 y más personas,León,Guanajuato,PARQUE INDUSTRIAL COLINAS DE LEÓN,,,https://www.inegi.org.mx/contenidos/masiva/denue/denue_11_csv.zip,2026-08-26 (DENUE version 2026-05-20),
PAIGE ELECTRIC DE MEXICO,PAIGE ELECTRIC DE MEXICO,335920,Fabricación de cables de conducción eléctrica,101 a 250 personas,Silao de la Victoria,Guanajuato,SANTA FE 1 PUERTO INTERIOR,,,https://www.inegi.org.mx/contenidos/masiva/denue/denue_11_csv.zip,2026-08-26 (DENUE version 2026-05-20),
PANELFISA MEXICO,PANELFISA - MEX,332720,"Fabricación de tornillos, tuercas, remaches y similares",101 a 250 personas,Celaya,Guanajuato,CIUDAD INDUSTRIAL,4612523594,WWW.PANELFISA.COM,https://www.inegi.org.mx/contenidos/masiva/denue/denue_11_csv.zip,2026-08-26 (DENUE version 2026-05-20),
PARKER TRUTEC MEXICANA,PARKER TRUTEC MEXICANA,332810,Recubrimientos y terminados metálicos,101 a 250 personas,Irapuato,Guanajuato,PARQUE TECNO INDUSTRIAL CASTRO DEL RIO,,,https://www.inegi.org.mx/contenidos/masiva/denue/denue_11_csv.zip,2026-08-26 (DENUE version 2026-05-20),
PEC,PEC DE MEXICO,336360,Fabricación de asientos y accesorios interiores para vehículos automotores,251 y más personas,Silao de la Victoria,Guanajuato,PUERTO INTERIOR,,,https://www.inegi.org.mx/contenidos/masiva/denue/denue_11_csv.zip,2026-08-26 (DENUE version 2026-05-20),
PIERBURG PUMP TECHNOLOGY MEXICO,PIERBURG PUMP TECHNOLOGY MEXICO,336310,Fabricación de motores de gasolina y sus partes para vehículos automotrices,101 a 250 personas,Celaya,Guanajuato,SEGUNDA FRACCION DE CRESPO,,WWW.TEAMPORTAL.KUS.COM,https://www.inegi.org.mx/contenidos/masiva/denue/denue_11_csv.zip,2026-08-26 (DENUE version 2026-05-20),
PINTURA ESTAMPADO Y MONTAJE,PINTURA ESTAMPADO Y MONTAJE,336210,Fabricación de carrocerías y remolques,251 y más personas,Celaya,Guanajuato,ZONA INDUSTRIAL PONIENTE,,WWW.CIEAUTOMOTIVE.COM,https://www.inegi.org.mx/contenidos/masiva/denue/denue_11_csv.zip,2026-08-26 (DENUE version 2026-05-20),
PLANTA CELAYA,ARCELORMITTAL MEXICO,331220,Fabricación de otros productos de hierro y acero,101 a 250 personas,Villagrán,Guanajuato,EL CHINACO,,,https://www.inegi.org.mx/contenidos/masiva/denue/denue_11_csv.zip,2026-08-26 (DENUE version 2026-05-20),
PLANTA CELAYA JOHNSON CONTROLS ENTERPRISES MEXICO,JOHNSON CONTROLS ENTERPRISES MEXICO,335910,Fabricación de acumuladores y pilas,251 y más personas,Celaya,Guanajuato,CIUDAD INDUSTRIAL,,WWW.JOHNSONCONTROLS.COM,https://www.inegi.org.mx/contenidos/masiva/denue/denue_11_csv.zip,2026-08-26 (DENUE version 2026-05-20),
PLANTA DE MOTORES,FORD MOTOR COMPANY,335311,Fabricación de motores y generadores eléctricos,251 y más personas,Irapuato,Guanajuato,PARQUE TECNO INDUSTRIAL CASTRO DEL RIO,5585812578,WWW.FORD.MX,https://www.inegi.org.mx/contenidos/masiva/denue/denue_11_csv.zip,2026-08-26 (DENUE version 2026-05-20),
PLAY CLUB,PLAY CLUB,339930,Fabricación de juguetes,101 a 250 personas,Silao de la Victoria,Guanajuato,PUERTO INTERIOR,,WWW.PLAYCLUB.COM,https://www.inegi.org.mx/contenidos/masiva/denue/denue_11_csv.zip,2026-08-26 (DENUE version 2026-05-20),
POSCO,POSCO MPPC,332810,Recubrimientos y terminados metálicos,101 a 250 personas,Celaya,Guanajuato,SEGUNDA FRACCION DE CRESPO,,WWW.POSCOMPPC.COM.MX,https://www.inegi.org.mx/contenidos/masiva/denue/denue_11_csv.zip,2026-08-26 (DENUE version 2026-05-20),EXCLUIDO_ANEXO_A
POSCO MVWPC,POSCO MVWPC,331220,Fabricación de otros productos de hierro y acero,101 a 250 personas,Villagrán,Guanajuato,PINTOR,,,https://www.inegi.org.mx/contenidos/masiva/denue/denue_11_csv.zip,2026-08-26 (DENUE version 2026-05-20),
PRETTL ELECTRIC DEL BAJÍO,PRETTL ELECTRIC DEL BAJÍO,336320,Fabricación de equipo eléctrico y electrónico y sus partes para vehículos automotores,251 y más personas,Comonfort,Guanajuato,COMONFORT,4611050455,WWW.PRETTL-SWH.COM,https://www.inegi.org.mx/contenidos/masiva/denue/denue_11_csv.zip,2026-08-26 (DENUE version 2026-05-20),
PROCTER & GAMBLE MILENIO,PROCTER & GAMBLE MANUFACTURING MEXICO,332211,Fabricación de herramientas de mano metálicas sin motor,251 y más personas,Irapuato,Guanajuato,LA SOLEDAD,,WWW.LATAM.PG.COM,https://www.inegi.org.mx/contenidos/masiva/denue/denue_11_csv.zip,2026-08-26 (DENUE version 2026-05-20),
PRODUCTOS DE PARAFINA LA SOLEDAD,PRODUCTOS DE PARAFINA LA SOLEDAD,339994,Fabricación de velas y veladoras,251 y más personas,Irapuato,Guanajuato,DE SAN VICENTE,4622863320,WWW.LASOLEDAD.COM,https://www.inegi.org.mx/contenidos/masiva/denue/denue_11_csv.zip,2026-08-26 (DENUE version 2026-05-20),
PROMOTORA DE MANUFACTURAS,PROMOTORA DE MANUFACTURAS,336360,Fabricación de asientos y accesorios interiores para vehículos automotores,251 y más personas,Silao de la Victoria,Guanajuato,COLONIA JUÁREZ,,WWW.HFI-INC.COM.MX,https://www.inegi.org.mx/contenidos/masiva/denue/denue_11_csv.zip,2026-08-26 (DENUE version 2026-05-20),
RC TOOLS,RC TOOLS,333242,Fabricación de maquinaria y equipo para la industria del hule y del plástico,101 a 250 personas,Celaya,Guanajuato,CIUDAD INDUSTRIAL,,WWW.RCTOOLS.COM.MX,https://www.inegi.org.mx/contenidos/masiva/denue/denue_11_csv.zip,2026-08-26 (DENUE version 2026-05-20),
RINAT,SOCCER ESPECIALISTA EN ARQUEROS,339920,Fabricación de artículos deportivos,101 a 250 personas,León,Guanajuato,EL COECILLO,,WWW.RINATSPORT.COM,https://www.inegi.org.mx/contenidos/masiva/denue/denue_11_csv.zip,2026-08-26 (DENUE version 2026-05-20),
ROKI MEXICO,ROKI MEXICO,336390,Fabricación de otras partes para vehículos automotrices,251 y más personas,Silao de la Victoria,Guanajuato,PUERTO INTERIOR,,,https://www.inegi.org.mx/contenidos/masiva/denue/denue_11_csv.zip,2026-08-26 (DENUE version 2026-05-20),
RPK MEXICO,RPK MEXICO,332610,"Fabricación de alambre, productos de alambre y resortes",101 a 250 personas,Celaya,Guanajuato,CIUDAD INDUSTRIAL,,,https://www.inegi.org.mx/contenidos/masiva/denue/denue_11_csv.zip,2026-08-26 (DENUE version 2026-05-20),
RSB,RSB TRANSMISSIONS DE MEXICO,333610,"Fabricación de motores de combustión interna, turbinas y transmisiones",101 a 250 personas,Silao de la Victoria,Guanajuato,LAS COLINAS,,,https://www.inegi.org.mx/contenidos/masiva/denue/denue_11_csv.zip,2026-08-26 (DENUE version 2026-05-20),
RYOBI,RDCM,331520,Moldeo por fundición de piezas metálicas no ferrosas,251 y más personas,Irapuato,Guanajuato,PARQUE TECNOINDUSTRIAL CASTRO DEL RIO,,WWW.RYOBIDIECASTING.COM,https://www.inegi.org.mx/contenidos/masiva/denue/denue_11_csv.zip,2026-08-26 (DENUE version 2026-05-20),
SAGA TEKKOHSHO MEXICANA,SAGA TEKKOHSHO MEXICANA,332720,"Fabricación de tornillos, tuercas, remaches y similares",101 a 250 personas,Irapuato,Guanajuato,PARQUE TECNOINDUSTRIAL CASTRO DEL RÍO,4622207924,WWW.SAGAMEXICANA.COM,https://www.inegi.org.mx/contenidos/masiva/denue/denue_11_csv.zip,2026-08-26 (DENUE version 2026-05-20),
SAMOT INDUSTRIA MECANICA,SAMOT INDUSTRIA MECANICA,336370,Fabricación de piezas metálicas troqueladas para vehículos automotrices,101 a 250 personas,Silao de la Victoria,Guanajuato,PUERTO INTERIOR,,,https://www.inegi.org.mx/contenidos/masiva/denue/denue_11_csv.zip,2026-08-26 (DENUE version 2026-05-20),
SAMTECH,SAMTECH AUTOMOTIVE MEXICO,336350,Fabricación de partes de sistemas de transmisión para vehículos automotores,101 a 250 personas,León,Guanajuato,PILBA,,SANTECHMX.COM,https://www.inegi.org.mx/contenidos/masiva/denue/denue_11_csv.zip,2026-08-26 (DENUE version 2026-05-20),
SANAC PRECISION MEXICO,SANAC PRECISION MEXICO,336390,Fabricación de otras partes para vehículos automotrices,101 a 250 personas,Silao de la Victoria,Guanajuato,PUERTO INTERIOR,,,https://www.inegi.org.mx/contenidos/masiva/denue/denue_11_csv.zip,2026-08-26 (DENUE version 2026-05-20),
SANDHAR,SANDHAR TECHNOLOGIES DE MEXICO,332110,Fabricación de productos metálicos forjados y troquelados,101 a 250 personas,San José Iturbide,Guanajuato,OPCION,,,https://www.inegi.org.mx/contenidos/masiva/denue/denue_11_csv.zip,2026-08-26 (DENUE version 2026-05-20),
SANGO AUTO PARTS MEXICO,SANGO AUTOPARTS MEXICO,336390,Fabricación de otras partes para vehículos automotrices,101 a 250 personas,Valle de Santiago,Guanajuato,SENDAI,4561396822,,https://www.inegi.org.mx/contenidos/masiva/denue/denue_11_csv.zip,2026-08-26 (DENUE version 2026-05-20),
SANNOHASHI MANUFACTURING MEXICO,SANNOHASHI MANUFACTURING MEXICO,332710,Maquinado de piezas metálicas para maquinaria y equipo en general,101 a 250 personas,Silao de la Victoria,Guanajuato,PUERTO INTERIOR,,,https://www.inegi.org.mx/contenidos/masiva/denue/denue_11_csv.zip,2026-08-26 (DENUE version 2026-05-20),
SANOH INDUSTRIAL DE MEXICO,SANOH INDUSTRIAL DE MEXICO,336340,Fabricación de partes de sistemas de frenos para vehículos automotrices,251 y más personas,Apaseo el Grande,Guanajuato,PARQUE INDUSTRIAL ADVANCE,,WWW.SANOH.COM.MX,https://www.inegi.org.mx/contenidos/masiva/denue/denue_11_csv.zip,2026-08-26 (DENUE version 2026-05-20),
SANOH INDUSTRIAL DE MEXICO,SANOH INDUSTRIAL DE MEXICO,336390,Fabricación de otras partes para vehículos automotrices,101 a 250 personas,Irapuato,Guanajuato,PARQUE TECNOINDUSTRIAL CASTRO DEL RIO,,,https://www.inegi.org.mx/contenidos/masiva/denue/denue_11_csv.zip,2026-08-26 (DENUE version 2026-05-20),
SANWA PACKING INDUSTRY MEXICO,SANWA PACKING INDUSTRY MEXICO,336390,Fabricación de otras partes para vehículos automotrices,101 a 250 personas,Irapuato,Guanajuato,CASTRO DEL RIO,,,https://www.inegi.org.mx/contenidos/masiva/denue/denue_11_csv.zip,2026-08-26 (DENUE version 2026-05-20),
SANYO SPECIAL STEEL MANUFACTURING DE MEXICO,SANYO SPECIAL STELL MANUFACTURIN DE MEXICO,332991,Fabricación de baleros y rodamientos,101 a 250 personas,Abasolo,Guanajuato,PARQUE INDUSTRIAL MARAVIS ABASOLO,,,https://www.inegi.org.mx/contenidos/masiva/denue/denue_11_csv.zip,2026-08-26 (DENUE version 2026-05-20),
SARRELMEX,SARRELMEX,332810,Recubrimientos y terminados metálicos,101 a 250 personas,Apaseo el Grande,Guanajuato,COLINAS DE APASEO,,WWW.SARREL.COM,https://www.inegi.org.mx/contenidos/masiva/denue/denue_11_csv.zip,2026-08-26 (DENUE version 2026-05-20),
SCHAEFFLER MÉXICO,SCHAEFFLER MEXICO,332991,Fabricación de baleros y rodamientos,251 y más personas,Irapuato,Guanajuato,PARQUE TECNOINDUSTRIAL CASTRO DEL RIO,,WWW.SCHAEFFLERIRAPUATO.COM,https://www.inegi.org.mx/contenidos/masiva/denue/denue_11_csv.zip,2026-08-26 (DENUE version 2026-05-20),
SCHERDEL DE MEXICO,SCHERDEL DE MEXICO,336340,Fabricación de partes de sistemas de frenos para vehículos automotrices,251 y más personas,Silao de la Victoria,Guanajuato,PUERTO INTERIOR,,WWW.SCHERDEL.COM,https://www.inegi.org.mx/contenidos/masiva/denue/denue_11_csv.zip,2026-08-26 (DENUE version 2026-05-20),
SEAH PRECISION MEXICO,SEAH PRECISION MEXICO,333412,Fabricación de equipo de refrigeración industrial y comercial,101 a 250 personas,Celaya,Guanajuato,EL MARQUES BAJIO,4422097950,,https://www.inegi.org.mx/contenidos/masiva/denue/denue_11_csv.zip,2026-08-26 (DENUE version 2026-05-20),
SEIREN,SEIREN VISCOTEC MEXICO,336360,Fabricación de asientos y accesorios interiores para vehículos automotores,251 y más personas,Abasolo,Guanajuato,MARABIS ABASOLO,,,https://www.inegi.org.mx/contenidos/masiva/denue/denue_11_csv.zip,2026-08-26 (DENUE version 2026-05-20),
SEPHNOS,SEPHNOS,333112,Fabricación de maquinaria y equipo pecuario,101 a 250 personas,Celaya,Guanajuato,CIUDAD INDUSTRIAL,,,https://www.inegi.org.mx/contenidos/masiva/denue/denue_11_csv.zip,2026-08-26 (DENUE version 2026-05-20),
SERVIACERO ELECTROFORJADOS,SERVIACERO ELECTROFORJADOS,332310,Fabricación de estructuras metálicas,101 a 250 personas,León,Guanajuato,ESTA DENTRO DEL CIRCUITO OLEDUCTO,,,https://www.inegi.org.mx/contenidos/masiva/denue/denue_11_csv.zip,2026-08-26 (DENUE version 2026-05-20),
SERVIACERO ORBIS,STEELPAC DE MEXICO,333920,Fabricación de maquinaria y equipo para levantar y trasladar,251 y más personas,León,Guanajuato,CIUDAD INDUSTRIAL,,,https://www.inegi.org.mx/contenidos/masiva/denue/denue_11_csv.zip,2026-08-26 (DENUE version 2026-05-20),
SETEX AUTOMOTIVE MÉXICO,SETEX AUTOMOTIVE MÉXICO,336360,Fabricación de asientos y accesorios interiores para vehículos automotores,251 y más personas,Apaseo el Grande,Guanajuato,AMISTAD BAJIO,,,https://www.inegi.org.mx/contenidos/masiva/denue/denue_11_csv.zip,2026-08-26 (DENUE version 2026-05-20),
SIIOSA,SERVICIO DE INGENIERIA INDUSTRIAL Y OUTSOURCING,336370,Fabricación de piezas metálicas troqueladas para vehículos automotrices,251 y más personas,Celaya,Guanajuato,CIUDAD INDUSTRIAL,,WWW.SIIOSA.COM,https://www.inegi.org.mx/contenidos/masiva/denue/denue_11_csv.zip,2026-08-26 (DENUE version 2026-05-20),
SISTEMAS MECATRONICOS INTICA,SISTEMAS MECATRONICOS INTICA,334220,"Fabricación de equipo de transmisión y recepción de señales de radio y televisión, y equipo de comunicación inalámbrico",101 a 250 personas,Silao de la Victoria,Guanajuato,PUERTO INTERIOR SANTA FE,,,https://www.inegi.org.mx/contenidos/masiva/denue/denue_11_csv.zip,2026-08-26 (DENUE version 2026-05-20),
SJMFLEX DE MEXICO,SJMFLEX DE MEXICO,336390,Fabricación de otras partes para vehículos automotrices,101 a 250 personas,Silao de la Victoria,Guanajuato,PARQUE INDUSTRIAL SANTA FE I I I,,,https://www.inegi.org.mx/contenidos/masiva/denue/denue_11_csv.zip,2026-08-26 (DENUE version 2026-05-20),
SK TEC MEXICANA,SK TEC MEXICANA,336370,Fabricación de piezas metálicas troqueladas para vehículos automotrices,101 a 250 personas,Irapuato,Guanajuato,PARQUE TECNO INDUSTRIAL CASTRO DEL RIO,,WWW.SKTEC.COM.MX,https://www.inegi.org.mx/contenidos/masiva/denue/denue_11_csv.zip,2026-08-26 (DENUE version 2026-05-20),
SPEQTRUM AEROSPACE,SPEQTRUM AEROSPACE,336410,Fabricación de equipo aeroespacial,101 a 250 personas,Celaya,Guanajuato,CIUDAD INDUSTRIAL,,WWW.SPEQTRUMAEROSPACE.COM,https://www.inegi.org.mx/contenidos/masiva/denue/denue_11_csv.zip,2026-08-26 (DENUE version 2026-05-20),
SRG GLOBAL MEXICO,SRG GLOBAL MÉXICO,332810,Recubrimientos y terminados metálicos,251 y más personas,Irapuato,Guanajuato,PARQUE TECNOINDUSTRIAL CASTRO DEL RÍO,4622104622,WWW.SRGGLOBALINK.COM,https://www.inegi.org.mx/contenidos/masiva/denue/denue_11_csv.zip,2026-08-26 (DENUE version 2026-05-20),
STANT,STANT MANUFACTURA DE MEXICO,336390,Fabricación de otras partes para vehículos automotrices,251 y más personas,San Miguel de Allende,Guanajuato,CORRAL DE PIEDRAS,,,https://www.inegi.org.mx/contenidos/masiva/denue/denue_11_csv.zip,2026-08-26 (DENUE version 2026-05-20),
STREIT MEXICO,STREIT MEXICO,333610,"Fabricación de motores de combustión interna, turbinas y transmisiones",251 y más personas,Comonfort,Guanajuato,MARABIS COMONFORT,,WWW.GROUPE-STREIT.COM,https://www.inegi.org.mx/contenidos/masiva/denue/denue_11_csv.zip,2026-08-26 (DENUE version 2026-05-20),
SUMINOE TEXTILE DE MÉXICO,SUMINOE TEXTILE DE MÉXICO,336360,Fabricación de asientos y accesorios interiores para vehículos automotores,251 y más personas,Irapuato,Guanajuato,PARQUE TECNO INDUSTRIAL CASTRO DEL RIO,,WWW.SUMINOE.COM.MX,https://www.inegi.org.mx/contenidos/masiva/denue/denue_11_csv.zip,2026-08-26 (DENUE version 2026-05-20),
TAIGENE MEXICO,TAIGENE MEXICO,336330,Fabricación de partes de sistemas de dirección y de suspensión para vehículos automotrices,251 y más personas,León,Guanajuato,PARQUE INDUSTRIAL COLINAS DE LEÓN,4792268973,,https://www.inegi.org.mx/contenidos/masiva/denue/denue_11_csv.zip,2026-08-26 (DENUE version 2026-05-20),
TECHEMET,TECHNICAL CHEMICAL AND METALURGICAL GROUP,336210,Fabricación de carrocerías y remolques,251 y más personas,Irapuato,Guanajuato,SMART,,,https://www.inegi.org.mx/contenidos/masiva/denue/denue_11_csv.zip,2026-08-26 (DENUE version 2026-05-20),
TEKFOR MEXICO,TEKFOR MEXICO,336350,Fabricación de partes de sistemas de transmisión para vehículos automotores,101 a 250 personas,Irapuato,Guanajuato,PARQUE TECNO INDUSTRIAL CASTRO DEL RIO,,WWW.AMTEK.COM,https://www.inegi.org.mx/contenidos/masiva/denue/denue_11_csv.zip,2026-08-26 (DENUE version 2026-05-20),
THK RHYTHM MEXICANA,THK RHYTHM MEXICANA,336370,Fabricación de piezas metálicas troqueladas para vehículos automotrices,101 a 250 personas,Silao de la Victoria,Guanajuato,PUERTO INTERIOR,,,https://www.inegi.org.mx/contenidos/masiva/denue/denue_11_csv.zip,2026-08-26 (DENUE version 2026-05-20),
THYSSENKRUPP COMPONENTS TECHNOLOGY DE MEXICO,THYSSENKRUPP COMPONENTS TECHNOLOGY DE MEXICO,336330,Fabricación de partes de sistemas de dirección y de suspensión para vehículos automotrices,251 y más personas,San Miguel de Allende,Guanajuato,POLIGONO EMPRESARIAL,,WWW.THYSSENKRUPP.COM,https://www.inegi.org.mx/contenidos/masiva/denue/denue_11_csv.zip,2026-08-26 (DENUE version 2026-05-20),
THYSSENKRUPP COMPONENTS TECHNOLOGY DE MEXICO,THYSSENKRUPP COMPONENTS TECHNOLOGY DE MEXICO,336310,Fabricación de motores de gasolina y sus partes para vehículos automotrices,251 y más personas,San Miguel de Allende,Guanajuato,POLIGONO EMPRESARIAL,,WWW.THYSSENKRUPP.COM,https://www.inegi.org.mx/contenidos/masiva/denue/denue_11_csv.zip,2026-08-26 (DENUE version 2026-05-20),
THYSSENKRUPP MATERIALS DE MEXICO PLANTA SILAO,THYSSENKRUPP MATERIALS DE MEXICO,331220,Fabricación de otros productos de hierro y acero,251 y más personas,Silao de la Victoria,Guanajuato,FIPASI,,,https://www.inegi.org.mx/contenidos/masiva/denue/denue_11_csv.zip,2026-08-26 (DENUE version 2026-05-20),
TIMKEN MEXICO RODAMIENTOS,TIMKEN MEXICO RODAMIENTOS,332991,Fabricación de baleros y rodamientos,251 y más personas,San José Iturbide,Guanajuato,PARQUE OPCION NOGALES,,WWW.TIMKEN.COM,https://www.inegi.org.mx/contenidos/masiva/denue/denue_11_csv.zip,2026-08-26 (DENUE version 2026-05-20),
TOPURA FASTENER DE MÉXICO,TOPURA FASTENER DE MEXICO,332720,"Fabricación de tornillos, tuercas, remaches y similares",101 a 250 personas,Irapuato,Guanajuato,PARQUE TECNO INDUSTRIAL CASTRO DEL RIO,,WWW.NHK,https://www.inegi.org.mx/contenidos/masiva/denue/denue_11_csv.zip,2026-08-26 (DENUE version 2026-05-20),
TOPY MW,TOPY MW MANUFACTURING MEXICO,336390,Fabricación de otras partes para vehículos automotrices,101 a 250 personas,Silao de la Victoria,Guanajuato,PUERTO INTERIOR,,,https://www.inegi.org.mx/contenidos/masiva/denue/denue_11_csv.zip,2026-08-26 (DENUE version 2026-05-20),
TOYOTA MOTOR MANUFACTURING DE GUANAJUATO,TOYOTA MOTOR MANUFACTURUNG DE GUANAJUATO,336110,Fabricación de automóviles y camionetas,251 y más personas,Apaseo el Grande,Guanajuato,CALERAS DE AMECHE,,WWW.TOYOTAGUANAJUATO.COM.MX,https://www.inegi.org.mx/contenidos/masiva/denue/denue_11_csv.zip,2026-08-26 (DENUE version 2026-05-20),
TP&M TEXTILES Y PROCESOS DE MEXICO,TP&M,336360,Fabricación de asientos y accesorios interiores para vehículos automotores,101 a 250 personas,Irapuato,Guanajuato,PLAN GUANAJUATO,4621409843,WWW.TPM.COM.MX,https://www.inegi.org.mx/contenidos/masiva/denue/denue_11_csv.zip,2026-08-26 (DENUE version 2026-05-20),
TQ 1 DE MEXICO,TQ 1 DE MEXICO,336360,Fabricación de asientos y accesorios interiores para vehículos automotores,251 y más personas,Purísima del Rincón,Guanajuato,EL RATÓN,,WWW.TIMLE.COM.MX,https://www.inegi.org.mx/contenidos/masiva/denue/denue_11_csv.zip,2026-08-26 (DENUE version 2026-05-20),
TS TECH,TS TECH MANUFACTURING DE MÉXICO,336360,Fabricación de asientos y accesorios interiores para vehículos automotores,251 y más personas,Irapuato,Guanajuato,PARQUE TECNOINDUSTRIAL CASTRO DEL RÍO,4622364325,WWW.TSTCO.MX,https://www.inegi.org.mx/contenidos/masiva/denue/denue_11_csv.zip,2026-08-26 (DENUE version 2026-05-20),
TSM DE CELAYA,TSM DE CELAYA,336330,Fabricación de partes de sistemas de dirección y de suspensión para vehículos automotrices,101 a 250 personas,Celaya,Guanajuato,BARRIO DE TIERRA BLANCA ORIENTE,4661262107,WWW.TSMDECELAYA.COM.MX,https://www.inegi.org.mx/contenidos/masiva/denue/denue_11_csv.zip,2026-08-26 (DENUE version 2026-05-20),
TSUBAKIMOTO AUTOMOTIVE MEXICO,TSUBAKIMOTO AUTOMOTIVE MEXICO,336350,Fabricación de partes de sistemas de transmisión para vehículos automotores,101 a 250 personas,Silao de la Victoria,Guanajuato,PUERTO INTERIOR,4773949929,WWW.TSUBAKOMOTO.COM.MX,https://www.inegi.org.mx/contenidos/masiva/denue/denue_11_csv.zip,2026-08-26 (DENUE version 2026-05-20),
UACJ GROUP,UACJ METAL COMPONENTS CENTRAL MEXICO,336370,Fabricación de piezas metálicas troqueladas para vehículos automotrices,101 a 250 personas,Irapuato,Guanajuato,PARQUE TECNO INDUSTRIAL CASTRO DEL RIO,4627891772,UMC.UACJ-GROUP.COM,https://www.inegi.org.mx/contenidos/masiva/denue/denue_11_csv.zip,2026-08-26 (DENUE version 2026-05-20),
UGN DE MEXICO,UGN DE MEXICO,336360,Fabricación de asientos y accesorios interiores para vehículos automotores,251 y más personas,Silao de la Victoria,Guanajuato,PUERTO INTERIOR,,,https://www.inegi.org.mx/contenidos/masiva/denue/denue_11_csv.zip,2026-08-26 (DENUE version 2026-05-20),
USHIN MINEBEAMITSUMI,USHIN AUTOPARTS MEXICO,336390,Fabricación de otras partes para vehículos automotrices,251 y más personas,Irapuato,Guanajuato,CENTRO INDUSTRIAL,4623463577,WWW.USHIN/LPT.COM,https://www.inegi.org.mx/contenidos/masiva/denue/denue_11_csv.zip,2026-08-26 (DENUE version 2026-05-20),
USUI INTERNATIONAL MANUFACTURING MEXICO,USUI INTERNATIONAL MANUFACTURING MEXICO,331210,Fabricación de tubos y postes de hierro y acero,251 y más personas,Silao de la Victoria,Guanajuato,PUERTO INTERIOR,,,https://www.inegi.org.mx/contenidos/masiva/denue/denue_11_csv.zip,2026-08-26 (DENUE version 2026-05-20),
VCST DE MEXICO,VCST DE MEXICO,332710,Maquinado de piezas metálicas para maquinaria y equipo en general,251 y más personas,León,Guanajuato,LOS LÓPEZ,,WWW.VCSTDEMEXICO.COM,https://www.inegi.org.mx/contenidos/masiva/denue/denue_11_csv.zip,2026-08-26 (DENUE version 2026-05-20),
VOLKSWAGEN MOTORES Y COMPONENTES,VOLKSWAGEN DE MEXICO,336310,Fabricación de motores de gasolina y sus partes para vehículos automotrices,251 y más personas,Silao de la Victoria,Guanajuato,SANTA FE PUERTO INTERIOR,,,https://www.inegi.org.mx/contenidos/masiva/denue/denue_11_csv.zip,2026-08-26 (DENUE version 2026-05-20),
WALDASCHAFF AUTOMOTIVE MEXICO,WALDASCHAFF AUTOMATIVE MEXICO,336370,Fabricación de piezas metálicas troqueladas para vehículos automotrices,251 y más personas,León,Guanajuato,PARQUE INDUSTRIAL VIMSA,,,https://www.inegi.org.mx/contenidos/masiva/denue/denue_11_csv.zip,2026-08-26 (DENUE version 2026-05-20),
WALORMEX,WALORMEX,336370,Fabricación de piezas metálicas troqueladas para vehículos automotrices,101 a 250 personas,Irapuato,Guanajuato,CENTRO INDUSTRIAL DE GUANAJUATO,,WWW.WALOR.COM,https://www.inegi.org.mx/contenidos/masiva/denue/denue_11_csv.zip,2026-08-26 (DENUE version 2026-05-20),
WASION,WASION,334519,"Fabricación de otros instrumentos de medición, control, navegación, y equipo médico electrónico",251 y más personas,Silao de la Victoria,Guanajuato,PUERTO INTERIOR,,WWW.WASION.MX,https://www.inegi.org.mx/contenidos/masiva/denue/denue_11_csv.zip,2026-08-26 (DENUE version 2026-05-20),
WEWIRE ACAMBARO MEXICO,WEWIRE ACAMBARO MEXICO,336320,Fabricación de equipo eléctrico y electrónico y sus partes para vehículos automotores,251 y más personas,Acámbaro,Guanajuato,ACAMABRO,,,https://www.inegi.org.mx/contenidos/masiva/denue/denue_11_csv.zip,2026-08-26 (DENUE version 2026-05-20),
WHIRLPOOL INTERNACIONAL,WHIRLPOOL INTERNACIONAL,335220,Fabricación de aparatos de línea blanca,251 y más personas,Celaya,Guanajuato,INDUSTRIAL PONIENTE,,WWW.WHIRLPOOL.MX,https://www.inegi.org.mx/contenidos/masiva/denue/denue_11_csv.zip,2026-08-26 (DENUE version 2026-05-20),
WHITEHALL INDUSTRIES DE MEXICO,WHITEHALL INDUSTRIES DE MEXICO,336390,Fabricación de otras partes para vehículos automotrices,251 y más personas,San Miguel de Allende,Guanajuato,PALMITA DE LANDETA,,,https://www.inegi.org.mx/contenidos/masiva/denue/denue_11_csv.zip,2026-08-26 (DENUE version 2026-05-20),
WITZENMANN METAL PRODUCTS MEXICO,WITZENMANN METAL PRODUCTS MEXICO,332999,Fabricación de otros productos metálicos,101 a 250 personas,Apaseo el Grande,Guanajuato,PARQUE INDUSTRIAL AMISTAD BAJIO,4613003100,WWW.WITZENMANN.COM.MX,https://www.inegi.org.mx/contenidos/masiva/denue/denue_11_csv.zip,2026-08-26 (DENUE version 2026-05-20),
WRSI DE MEXICO CHARGING SYSTEMS SHELF HOLDING 3,WRSI DE MEXICO CHARGING SYSTEMS SHELF HOLDING 3,335910,Fabricación de acumuladores y pilas,101 a 250 personas,Guanajuato,Guanajuato,VYNMSA GUANAJUATO INDUSTRIAL PARK,,,https://www.inegi.org.mx/contenidos/masiva/denue/denue_11_csv.zip,2026-08-26 (DENUE version 2026-05-20),
WURTH ELEKTRONIK MEXICO,WURTH ELEKTRONIK MEXICO,336320,Fabricación de equipo eléctrico y electrónico y sus partes para vehículos automotores,101 a 250 personas,Irapuato,Guanajuato,PARQUE TECNO INDUSTRIAL CASTRO DEL RIO,,,https://www.inegi.org.mx/contenidos/masiva/denue/denue_11_csv.zip,2026-08-26 (DENUE version 2026-05-20),
YKK MEXICANA,YKK MEXICANA,339992,"Fabricación de cierres, botones y agujas",251 y más personas,Irapuato,Guanajuato,LAS MALVAS REVOLUCION,,WWW.YKK-MEXICANA.COM,https://www.inegi.org.mx/contenidos/masiva/denue/denue_11_csv.zip,2026-08-26 (DENUE version 2026-05-20),
YOROZU AUTOMOTIVE GUANAJUATO DE MEXICO,YOROZU AUTOMOTIVE GUANAJUATO DE MEXICO,336330,Fabricación de partes de sistemas de dirección y de suspensión para vehículos automotrices,251 y más personas,Apaseo el Grande,Guanajuato,AMISTAD BAJIO,,,https://www.inegi.org.mx/contenidos/masiva/denue/denue_11_csv.zip,2026-08-26 (DENUE version 2026-05-20),
Y-TEC KEYLEX MEXICO,Y-TEC KEYLEX MEXICO,336390,Fabricación de otras partes para vehículos automotrices,251 y más personas,Salamanca,Guanajuato,COMPLEJO INDUSTRIAL SALAMANCA,,WWW.YKM.COM.MX,https://www.inegi.org.mx/contenidos/masiva/denue/denue_11_csv.zip,2026-08-26 (DENUE version 2026-05-20),
YUTAKA TECHONOLOGIES DE MÉXICO,YUTAKA TECHONOLOGIES DE MÉXICO,336390,Fabricación de otras partes para vehículos automotrices,251 y más personas,Apaseo el Grande,Guanajuato,LA AMISTAD BAJIO,,,https://www.inegi.org.mx/contenidos/masiva/denue/denue_11_csv.zip,2026-08-26 (DENUE version 2026-05-20),
ZKW MEXICO,ZKW MEXICO,336320,Fabricación de equipo eléctrico y electrónico y sus partes para vehículos automotores,251 y más personas,Silao de la Victoria,Guanajuato,PARQUE INDUSTRIAL SANTA FE,,WWW.ZKW-GROUP.COM,https://www.inegi.org.mx/contenidos/masiva/denue/denue_11_csv.zip,2026-08-26 (DENUE version 2026-05-20),
ACABADORA DE PRENDAS DE SAN JUAN,KALTEX APPAREL,315229,Confección en serie de otra ropa exterior de materiales textiles,251 y más personas,San Juan del Río,Querétaro,NUEVO ESPIRITU SANTO,,,https://www.inegi.org.mx/contenidos/masiva/denue/denue_22_csv.zip,2026-08-26 (DENUE version 2026-05-20),
ALIMENTOS BALANCEADOS Y SERVICIOS INTEGRADOS 2070,ALIMENTOS BALANCEADOS Y SERVICIOS INTEGRADOS 2070,311213,Elaboración de harina de maíz,101 a 250 personas,San Juan del Río,Querétaro,SANTA CRUZ NIETO,,WWW.ABSI2070.COM.MX,https://www.inegi.org.mx/contenidos/masiva/denue/denue_22_csv.zip,2026-08-26 (DENUE version 2026-05-20),
ALIMENTOS CAROL,ALIMENTOS CAROL,311513,Elaboración de derivados y fermentos lácteos,101 a 250 personas,El Marqués,Querétaro,GENERAL LÁZARO CÁRDENAS EL COLORADO,4422215264,WWW.ALIMENTOSCAROL.COM,https://www.inegi.org.mx/contenidos/masiva/denue/denue_22_csv.zip,2026-08-26 (DENUE version 2026-05-20),
B & B APPAREL,B & B APPAREL,315223,Confección en serie de uniformes,251 y más personas,El Marqués,Querétaro,BERNARDO QUINTANA,,WWW.APPAREL.COM,https://www.inegi.org.mx/contenidos/masiva/denue/denue_22_csv.zip,2026-08-26 (DENUE version 2026-05-20),
BEBIDAS INTERNACIONALES BEPENSA CEDIS QUERETARO,BEBIDAS INTERNACIONALES BEPENSA,312149,Elaboración de otras bebidas destiladas,101 a 250 personas,Querétaro,Querétaro,BENITO JUÁREZ,8007120500,WWW.CARIBECOLLER.COM,https://www.inegi.org.mx/contenidos/masiva/denue/denue_22_csv.zip,2026-08-26 (DENUE version 2026-05-20),
BYDSA SAN JUAN DEL RÍO,BOTANAS Y DERIVADOS,311910,Elaboración de botanas,101 a 250 personas,San Juan del Río,Querétaro,VALLE DE ORO,,,https://www.inegi.org.mx/contenidos/masiva/denue/denue_22_csv.zip,2026-08-26 (DENUE version 2026-05-20),
CAMPI PLANTA LA PERLA,CAMPI ALIMENTOS,311110,Elaboración de alimentos para animales,101 a 250 personas,Colón,Querétaro,LA PERLA,,,https://www.inegi.org.mx/contenidos/masiva/denue/denue_22_csv.zip,2026-08-26 (DENUE version 2026-05-20),
CONFECCIONES AMEALCO,KALTEX APPAREL,315229,Confección en serie de otra ropa exterior de materiales textiles,251 y más personas,Amealco de Bonfil,Querétaro,AMEALCO,,,https://www.inegi.org.mx/contenidos/masiva/denue/denue_22_csv.zip,2026-08-26 (DENUE version 2026-05-20),
CREMERIA LAS PALMAS,CREMERIA LAS PALMAS,311513,Elaboración de derivados y fermentos lácteos,101 a 250 personas,Pedro Escobedo,Querétaro,CENTRO,4482750019,,https://www.inegi.org.mx/contenidos/masiva/denue/denue_22_csv.zip,2026-08-26 (DENUE version 2026-05-20),
DISTRIBUIDORA DE CARNE DEL BAJIO,DISTRIBUIDORA DE CARNE DEL BAJIO,311611,"Matanza de ganado, aves y otros animales comestibles",251 y más personas,Ezequiel Montes,Querétaro,LA REDONDA,,,https://www.inegi.org.mx/contenidos/masiva/denue/denue_22_csv.zip,2026-08-26 (DENUE version 2026-05-20),
DISTRIBUIDORA ELWAY,DISTRIBUIDORA ELWAY,314911,Confección de costales,101 a 250 personas,San Juan del Río,Querétaro,NUEVO PARQUE INDUSTRIAL,,WWW.DELWAY.COM.MX,https://www.inegi.org.mx/contenidos/masiva/denue/denue_22_csv.zip,2026-08-26 (DENUE version 2026-05-20),
EFFEM MEXICO INC Y COMPAÑIA,EFFEM MEXICO INC Y COMPAÑIA,311110,Elaboración de alimentos para animales,251 y más personas,El Marqués,Querétaro,MARS MEXICO,,WWW.MARS.COM,https://www.inegi.org.mx/contenidos/masiva/denue/denue_22_csv.zip,2026-08-26 (DENUE version 2026-05-20),
ENVASADORA DE AGUAS EN MEXICO QUERETARO PLANTA,ENVASADORA DE AGUAS EN MEXICO,312112,Purificación y embotellado de agua,101 a 250 personas,Querétaro,Querétaro,LOS MOLINOS,,WWW.BONAFONT.COM.MX,https://www.inegi.org.mx/contenidos/masiva/denue/denue_22_csv.zip,2026-08-26 (DENUE version 2026-05-20),
ERYF,ERYF,315222,Confección en serie de camisas,101 a 250 personas,San Juan del Río,Querétaro,CENTRO,4423896610,,https://www.inegi.org.mx/contenidos/masiva/denue/denue_22_csv.zip,2026-08-26 (DENUE version 2026-05-20),
EURO NUTEC PREMIX,EURO NUTEC PREMIX,311110,Elaboración de alimentos para animales,101 a 250 personas,El Marqués,Querétaro,BERNARDO QUINTANA,,WWW.GPONUTEC.COM,https://www.inegi.org.mx/contenidos/masiva/denue/denue_22_csv.zip,2026-08-26 (DENUE version 2026-05-20),
FREIXENET DE MEXICO,FREIXENET DE MEXICO,312131,Elaboración de bebidas alcohólicas a base de uva,101 a 250 personas,Ezequiel Montes,Querétaro,LOS PEREZ,4271611521,WWW.FREIXENETMEXICO.COM,https://www.inegi.org.mx/contenidos/masiva/denue/denue_22_csv.zip,2026-08-26 (DENUE version 2026-05-20),
GERBER QUERETARO,NESTLE MEXICO,311423,Conservación de guisos y otros alimentos preparados por procesos distintos a la congelación,251 y más personas,Querétaro,Querétaro,SAN PABLO,,WWW.NESTLE.COM.MX,https://www.inegi.org.mx/contenidos/masiva/denue/denue_22_csv.zip,2026-08-26 (DENUE version 2026-05-20),
INDUSTRIA ENVASADORA DE QUERETARO,INDUSTRIA ENVASADORA DE QUERETARO,312111,Elaboración de refrescos y otras bebidas no alcohólicas,251 y más personas,Querétaro,Querétaro,OBRERA,,WWW.IEQSA.COM.MX,https://www.inegi.org.mx/contenidos/masiva/denue/denue_22_csv.zip,2026-08-26 (DENUE version 2026-05-20),
INGREDION MEXICO,INGREDION MEXICO,311221,Elaboración de féculas y otros almidones y sus derivados,251 y más personas,San Juan del Río,Querétaro,VALLE DE ORO,,WWW.INGREDION.COM/NA/ES-MX/,https://www.inegi.org.mx/contenidos/masiva/denue/denue_22_csv.zip,2026-08-26 (DENUE version 2026-05-20),
INTERDELI,INTERDELI,311513,Elaboración de derivados y fermentos lácteos,251 y más personas,El Marqués,Querétaro,EL MARQUES,,WWW.INTERDELI.COM.MX,https://www.inegi.org.mx/contenidos/masiva/denue/denue_22_csv.zip,2026-08-26 (DENUE version 2026-05-20),
J H MILLS,J H MILLS SA,315121,Fabricación de calcetines y medias de tejido de punto,101 a 250 personas,San Juan del Río,Querétaro,LOMA LINDA,4271085948,,https://www.inegi.org.mx/contenidos/masiva/denue/denue_22_csv.zip,2026-08-26 (DENUE version 2026-05-20),
JUNGHANNS,MAFIN,312112,Purificación y embotellado de agua,101 a 250 personas,Querétaro,Querétaro,BENITO JUAREZ,,WWW.JUNGHANNS.LIFE,https://www.inegi.org.mx/contenidos/masiva/denue/denue_22_csv.zip,2026-08-26 (DENUE version 2026-05-20),
KALTEX HOME,KALTEX HOME,314120,"Confección de cortinas, blancos y similares",101 a 250 personas,San Juan del Río,Querétaro,DEL ESPIRITU SANTO,,,https://www.inegi.org.mx/contenidos/masiva/denue/denue_22_csv.zip,2026-08-26 (DENUE version 2026-05-20),
KELLOGG DE MEXICO,KELLOGG DE MEXICO,311230,Elaboración de cereales para el desayuno,251 y más personas,Querétaro,Querétaro,SAN ANTONIO DE LA PUNTA,4425771789,WWW.KELLLANOVA.COM,https://www.inegi.org.mx/contenidos/masiva/denue/denue_22_csv.zip,2026-08-26 (DENUE version 2026-05-20),
KERRY INGREDIENTS DE MEXICO,KERRY INGREDIENTS DE MEXICO,311940,Elaboración de condimentos y aderezos,251 y más personas,San Juan del Río,Querétaro,SAN JUAN,,WWW.KERRYMEXICO.COM,https://www.inegi.org.mx/contenidos/masiva/denue/denue_22_csv.zip,2026-08-26 (DENUE version 2026-05-20),
LECHE ARACELI,PRODUCTOS ARACELI,311511,Elaboración de leche líquida,101 a 250 personas,El Marqués,Querétaro,LA PIEDAD,,,https://www.inegi.org.mx/contenidos/masiva/denue/denue_22_csv.zip,2026-08-26 (DENUE version 2026-05-20),
LECHE ARACELI,PRODUCTOS ARACELI,311511,Elaboración de leche líquida,251 y más personas,El Marqués,Querétaro,LA PIEDAD,,WWW.PRODUCTOSARACELI.MX,https://www.inegi.org.mx/contenidos/masiva/denue/denue_22_csv.zip,2026-08-26 (DENUE version 2026-05-20),
LECHE PARA EL BIENESTAR GERENCIA ESTATAL QUERÉTARO,LECHE PARA EL BIENESTAR,311512,"Elaboración de leche en polvo, condensada y evaporada",101 a 250 personas,Querétaro,Querétaro,BENITO JUÁREZ,,WWW.GOB.MX/LECHEPARAELBIENESTAR,https://www.inegi.org.mx/contenidos/masiva/denue/denue_22_csv.zip,2026-08-26 (DENUE version 2026-05-20),
LYNCOTT ALIMENTARIA,LYNCOTT ALIMENTARIA,311513,Elaboración de derivados y fermentos lácteos,251 y más personas,El Marqués,Querétaro,EL MARQUES,,WWW.LYNCOTT.COM.MX,https://www.inegi.org.mx/contenidos/masiva/denue/denue_22_csv.zip,2026-08-26 (DENUE version 2026-05-20),
MANUFACTURAS KALTEX,MANUFACTURAS KALTEX,313210,Fabricación de telas anchas de tejido de trama,251 y más personas,San Juan del Río,Querétaro,LA CONCEPCION,,WWW.KALTEX.COM.MX,https://www.inegi.org.mx/contenidos/masiva/denue/denue_22_csv.zip,2026-08-26 (DENUE version 2026-05-20),
NATURAL DE ALIMENTOS,NATURAL DE ALIMENTOS,311513,Elaboración de derivados y fermentos lácteos,251 y más personas,San Juan del Río,Querétaro,EL ROSARIO,,WWW.NATURADEALIMENTOS.COM,https://www.inegi.org.mx/contenidos/masiva/denue/denue_22_csv.zip,2026-08-26 (DENUE version 2026-05-20),
NUEVA TECNOLOGIA EN ALIMENTACION,NUEVA TECNOLOGIA EN ALIMENTACION,311110,Elaboración de alimentos para animales,251 y más personas,El Marqués,Querétaro,BERNARDO QUINTANA,,WWW.GPONUTEC.COM,https://www.inegi.org.mx/contenidos/masiva/denue/denue_22_csv.zip,2026-08-26 (DENUE version 2026-05-20),
NUTRYPLUS,NUTRYPLUS,311999,Elaboración de otros alimentos,101 a 250 personas,Querétaro,Querétaro,SAN ANTONIO DE LA PUNTA,,WWW.NUTRYPLUS.COM,https://www.inegi.org.mx/contenidos/masiva/denue/denue_22_csv.zip,2026-08-26 (DENUE version 2026-05-20),
OSHAS FASHION,OSHAS FASHION,315221,Confección en serie de ropa interior y de dormir,101 a 250 personas,Cadereyta de Montes,Querétaro,LOS VÁZQUEZ,,WWW.OSHAS.COM,https://www.inegi.org.mx/contenidos/masiva/denue/denue_22_csv.zip,2026-08-26 (DENUE version 2026-05-20),
PASTELERIA ANTARES,PRODUCTOS FINOS EN REPOSTERIA,311812,Panificación tradicional,101 a 250 personas,Querétaro,Querétaro,RESIDENCIAL LAS FUENTES,,WWW.ANTARESPASTELERIA.COM,https://www.inegi.org.mx/contenidos/masiva/denue/denue_22_csv.zip,2026-08-26 (DENUE version 2026-05-20),
PLANTA PROCESO LOS CUES,PILGRIM S PRIDE,311412,Congelación de guisos y otros alimentos preparados,251 y más personas,El Marqués,Querétaro,EL MARQUES,,WWW.PILGRIMS.COM,https://www.inegi.org.mx/contenidos/masiva/denue/denue_22_csv.zip,2026-08-26 (DENUE version 2026-05-20),
PLANTA QUERETARO,DISTRIBUIDORA MOYEL,315123,Fabricación de ropa exterior de tejido de punto,251 y más personas,San Juan del Río,Querétaro,LA LLAVE,,WWW.MOYEL.COM.MX,https://www.inegi.org.mx/contenidos/masiva/denue/denue_22_csv.zip,2026-08-26 (DENUE version 2026-05-20),
PLANTA QUERETARO,EMBOTELLADORA MEXICANA DE BEBIDAS REFRESCANTES,312111,Elaboración de refrescos y otras bebidas no alcohólicas,251 y más personas,Querétaro,Querétaro,SAN ANTONIO DE LA PUNTA,,WWW.COCA-COLA.COM.MX,https://www.inegi.org.mx/contenidos/masiva/denue/denue_22_csv.zip,2026-08-26 (DENUE version 2026-05-20),
PLANTA SAN JUAN DEL RIO,EMBOTELLADORA MEXICANA DE BEBIDAS REFRESCANTES,312111,Elaboración de refrescos y otras bebidas no alcohólicas,101 a 250 personas,San Juan del Río,Querétaro,VALLE DE ORO,,WWW.COCA-COLA.COM.MX,https://www.inegi.org.mx/contenidos/masiva/denue/denue_22_csv.zip,2026-08-26 (DENUE version 2026-05-20),
POLLO DE QUERETARO,POLLO DE QUERETARO,311612,"Corte y empacado de carne de ganado, aves y otros animales comestibles",251 y más personas,Colón,Querétaro,GALERAS,,WWW.POLLOQRO.COM.MX,https://www.inegi.org.mx/contenidos/masiva/denue/denue_22_csv.zip,2026-08-26 (DENUE version 2026-05-20),
PRISMA,INDUSTRIALIZADORA QUERETANA DE HIELO,312113,Elaboración de hielo,101 a 250 personas,Querétaro,Querétaro,CASA BLANCA,,WWW.HIELOPRISMA.COM.MX,https://www.inegi.org.mx/contenidos/masiva/denue/denue_22_csv.zip,2026-08-26 (DENUE version 2026-05-20),
PROCESADORA DE ALIMENTOS MEXICANOS,PROCESADORA DE ALIMENTOS MEXICANOS,311999,Elaboración de otros alimentos,101 a 250 personas,Corregidora,Querétaro,INDUSTRIAL BALVANERA,4422250962,,https://www.inegi.org.mx/contenidos/masiva/denue/denue_22_csv.zip,2026-08-26 (DENUE version 2026-05-20),
PRODEA,PRODEA,311991,Elaboración de gelatinas y otros postres en polvo,251 y más personas,San Juan del Río,Querétaro,NUEVO PARQUE INDUSTRIAL,,,https://www.inegi.org.mx/contenidos/masiva/denue/denue_22_csv.zip,2026-08-26 (DENUE version 2026-05-20),
PRODUCTOS ALIMENTARIOS EL PLAN,PRODUCTOS ALIMENTARIOS EL PLAN,311930,"Elaboración de concentrados, polvos, jarabes y esencias de sabor para bebidas",101 a 250 personas,El Marqués,Querétaro,EX HACIENDA NAVAJA,5529003079,WWW.NIUCO.COM.MX,https://www.inegi.org.mx/contenidos/masiva/denue/denue_22_csv.zip,2026-08-26 (DENUE version 2026-05-20),
PRODUCTOS ALIMENTICIOS Y DIETETICOS RELAMPAGO,PRODUCTOS ALIMENTICIOS Y DIETETICOS RELAMPAGO,311991,Elaboración de gelatinas y otros postres en polvo,251 y más personas,El Marqués,Querétaro,BERNARDO QUINTANA,4425929625,WWW.DEGARI.COM.MX,https://www.inegi.org.mx/contenidos/masiva/denue/denue_22_csv.zip,2026-08-26 (DENUE version 2026-05-20),
PRODUCTOS DE MAIZ OCHOA,PRODUCTOS DE MAIZ OCHOA,311830,Elaboración de tortillas de maíz y molienda de nixtamal,101 a 250 personas,Querétaro,Querétaro,BENITO JUAREZ,,WWW.PRODUCTOSOCHOA.COM.MX,https://www.inegi.org.mx/contenidos/masiva/denue/denue_22_csv.zip,2026-08-26 (DENUE version 2026-05-20),
PROVEEDORES DE INGENIERIA ALIMENTARIA,PROVEEDORES DE INGENIERIA ALIMENTARIA,311940,Elaboración de condimentos y aderezos,251 y más personas,El Marqués,Querétaro,BERNARDO QUINTANA,8112539990,PIASA.COM,https://www.inegi.org.mx/contenidos/masiva/denue/denue_22_csv.zip,2026-08-26 (DENUE version 2026-05-20),
QUALTIA ALIMENTOS OPERACIONES PLANTA CORREGIDORA,QUALTIA ALIMENTOS OPERACIONES,311513,Elaboración de derivados y fermentos lácteos,251 y más personas,Corregidora,Querétaro,AGROINDUSTRIAL BALVANERA EL PUEBLITO,,WWW.QUALTIA.COM.MX,https://www.inegi.org.mx/contenidos/masiva/denue/denue_22_csv.zip,2026-08-26 (DENUE version 2026-05-20),
QUERETARO CARNATION,NESTLE MEXICO,311512,"Elaboración de leche en polvo, condensada y evaporada",251 y más personas,Querétaro,Querétaro,5 DE FEBRERO,,WWW.NESTLE.COM.MX,https://www.inegi.org.mx/contenidos/masiva/denue/denue_22_csv.zip,2026-08-26 (DENUE version 2026-05-20),
RASTRO MUNICIPAL DE QUERETARO TIF 412,MUNICIPIO DE QUERETARO,311611,"Matanza de ganado, aves y otros animales comestibles",101 a 250 personas,Querétaro,Querétaro,SAN JOSE EL ALTO,,WWW.MUNICIPIODEQUERETARO.GOB.MX,https://www.inegi.org.mx/contenidos/masiva/denue/denue_22_csv.zip,2026-08-26 (DENUE version 2026-05-20),
RIFEL,GRUPO PAN DE PALA,311811,Panificación industrial,251 y más personas,El Marqués,Querétaro,FINSA,,WWW.RIFEL.COM.MX,https://www.inegi.org.mx/contenidos/masiva/denue/denue_22_csv.zip,2026-08-26 (DENUE version 2026-05-20),
RIFEL,GRUPO PAN DE PALA,311811,Panificación industrial,251 y más personas,Querétaro,Querétaro,CENTRO SUR,,WWW.RIFEL.COM.MX,https://www.inegi.org.mx/contenidos/masiva/denue/denue_22_csv.zip,2026-08-26 (DENUE version 2026-05-20),
SABER Y SABOR,SABER Y SABOR,311513,Elaboración de derivados y fermentos lácteos,101 a 250 personas,Colón,Querétaro,LA HONDONADA,4424468000,WWW.FLORDEALFALFA.COM.MX,https://www.inegi.org.mx/contenidos/masiva/denue/denue_22_csv.zip,2026-08-26 (DENUE version 2026-05-20),
SEWING APPAREL CO,SEWING APPAREL CO,315229,Confección en serie de otra ropa exterior de materiales textiles,101 a 250 personas,Ezequiel Montes,Querétaro,ZONA CENTRO,4411165508,,https://www.inegi.org.mx/contenidos/masiva/denue/denue_22_csv.zip,2026-08-26 (DENUE version 2026-05-20),
SOCIEDAD COOPERATIVA TRABAJADORES DE PASCUAL PLANTA SAN JUAN DEL RIO,SOCIEDAD COOPERATIVA TRABAJADORES DE PASCUAL,312111,Elaboración de refrescos y otras bebidas no alcohólicas,251 y más personas,San Juan del Río,Querétaro,VALLE DE ORO,,WWW.PASCUAL.COM.MX,https://www.inegi.org.mx/contenidos/masiva/denue/denue_22_csv.zip,2026-08-26 (DENUE version 2026-05-20),
SYLPACK,SYLPACK ALIMENTOS,311340,"Elaboración de dulces, chicles y productos de confitería que no sean de chocolate",101 a 250 personas,El Marqués,Querétaro,BERNARDO QUINTANA,,SYLPACK.COM.MX,https://www.inegi.org.mx/contenidos/masiva/denue/denue_22_csv.zip,2026-08-26 (DENUE version 2026-05-20),
ULTRAFIBRAS DE MEXICO,ULTRAFIBRAS DE MEXICO,313230,Fabricación de telas no tejidas (comprimidas),101 a 250 personas,San Juan del Río,Querétaro,SAN JUAN,,WWW.ULTRAFIBRAS.COM,https://www.inegi.org.mx/contenidos/masiva/denue/denue_22_csv.zip,2026-08-26 (DENUE version 2026-05-20),
VIÑEDOS LA REDONDA,VIÑEDOS LA REDONDA,312131,Elaboración de bebidas alcohólicas a base de uva,101 a 250 personas,Ezequiel Montes,Querétaro,LA REDONDA,,,https://www.inegi.org.mx/contenidos/masiva/denue/denue_22_csv.zip,2026-08-26 (DENUE version 2026-05-20),
ABC TECHNOLOGIES,ABC TECHNOLOGIES WMG MEXICO,326192,Fabricación de autopartes de plástico con y sin reforzamiento,101 a 250 personas,Colón,Querétaro,AEROTECH QUERETARO,,,https://www.inegi.org.mx/contenidos/masiva/denue/denue_22_csv.zip,2026-08-26 (DENUE version 2026-05-20),
ACEWAY DE MEXICO,ACEWAY DE MEXICO,326192,Fabricación de autopartes de plástico con y sin reforzamiento,251 y más personas,El Marqués,Querétaro,PARQUE TECNOLOGICO INNOVACION,4424780699,WWW.ACEWAY.MX,https://www.inegi.org.mx/contenidos/masiva/denue/denue_22_csv.zip,2026-08-26 (DENUE version 2026-05-20),
ADITIVOS MEXICANOS,ADITIVOS MEXICANOS,324191,Fabricación de aceites y grasas lubricantes,101 a 250 personas,San Juan del Río,Querétaro,NUEVO PARQUE INDUSTRIAL SAN JUAN DEL RIO,,,https://www.inegi.org.mx/contenidos/masiva/denue/denue_22_csv.zip,2026-08-26 (DENUE version 2026-05-20),
ADVAL TECH MEXICO,ADVAL TECH MEXICO,326192,Fabricación de autopartes de plástico con y sin reforzamiento,101 a 250 personas,El Marqués,Querétaro,EL MARQUES,4425926263,WWW.ADVALTECH.COM,https://www.inegi.org.mx/contenidos/masiva/denue/denue_22_csv.zip,2026-08-26 (DENUE version 2026-05-20),
AGROGEN,AGROGEN,325310,Fabricación de fertilizantes,251 y más personas,Querétaro,Querétaro,TLACOTE EL BAJO,,WWW.AGROGEN.COM.MX,https://www.inegi.org.mx/contenidos/masiva/denue/denue_22_csv.zip,2026-08-26 (DENUE version 2026-05-20),
ALBEA PACKAGING MEXICO,ALBEA PACKAGING MEXICO,326193,Fabricación de envases y contenedores de plástico para embalaje con y sin reforzamiento,101 a 250 personas,Querétaro,Querétaro,QUERETARO,4423471884,WWW.ALBEA-GROUP.COM,https://www.inegi.org.mx/contenidos/masiva/denue/denue_22_csv.zip,2026-08-26 (DENUE version 2026-05-20),
ALTCAM MÉXICO,ALTCAM MEXICO,326192,Fabricación de autopartes de plástico con y sin reforzamiento,101 a 250 personas,Querétaro,Querétaro,QUERETARO,4423604019,WWW.ALTCAM.COM,https://www.inegi.org.mx/contenidos/masiva/denue/denue_22_csv.zip,2026-08-26 (DENUE version 2026-05-20),
APTAR QUERETARO,APTAR QUERETARO,326194,Fabricación de otros productos de plástico de uso industrial sin reforzamiento,251 y más personas,El Marqués,Querétaro,EL MARQUES,,WWW.APTAR.COM,https://www.inegi.org.mx/contenidos/masiva/denue/denue_22_csv.zip,2026-08-26 (DENUE version 2026-05-20),
ARTIGRAF,ARTIGRAF,322210,Fabricación de envases de cartón,101 a 250 personas,San Juan del Río,Querétaro,SAN FRANCISCO,,,https://www.inegi.org.mx/contenidos/masiva/denue/denue_22_csv.zip,2026-08-26 (DENUE version 2026-05-20),
ARTLUX,ARTLUX,324191,Fabricación de aceites y grasas lubricantes,101 a 250 personas,Querétaro,Querétaro,BENITO JUAREZ,,WWW.ARTLUX.COM.MX,https://www.inegi.org.mx/contenidos/masiva/denue/denue_22_csv.zip,2026-08-26 (DENUE version 2026-05-20),
ASPEL MOLDING DE MEXICO,ASPEL MOLDING DE MEXICO,326192,Fabricación de autopartes de plástico con y sin reforzamiento,101 a 250 personas,El Marqués,Querétaro,EL MARQUES,4448051492,,https://www.inegi.org.mx/contenidos/masiva/denue/denue_22_csv.zip,2026-08-26 (DENUE version 2026-05-20),
AVERY DENNISON,AVERY DENNISON,322220,Fabricación de bolsas de papel y productos celulósicos recubiertos y tratados,101 a 250 personas,Querétaro,Querétaro,PARQUE INDUSTRIAL QUERETARO,,AVERYDENNISON.COM,https://www.inegi.org.mx/contenidos/masiva/denue/denue_22_csv.zip,2026-08-26 (DENUE version 2026-05-20),
AVERY DENNISON COVERTED PRODUCTS DE MEXICO,AVERY DENNISON CONVERTED PRODUCTS DE MEXICO,323119,Impresión de formas continuas y otros impresos,251 y más personas,Querétaro,Querétaro,QUERETARO,,AVERYDENNISON.COM,https://www.inegi.org.mx/contenidos/masiva/denue/denue_22_csv.zip,2026-08-26 (DENUE version 2026-05-20),
B PACK,B PACK,323119,Impresión de formas continuas y otros impresos,101 a 250 personas,Querétaro,Querétaro,OBRERA,4461196724,WWW.BPACK.MX,https://www.inegi.org.mx/contenidos/masiva/denue/denue_22_csv.zip,2026-08-26 (DENUE version 2026-05-20),
BARCA DE MEXICO,BARCA DE MEXICO,322210,Fabricación de envases de cartón,101 a 250 personas,El Marqués,Querétaro,PUERTA QUERETARO,,WWW.BARCADEMEXICO.COM,https://www.inegi.org.mx/contenidos/masiva/denue/denue_22_csv.zip,2026-08-26 (DENUE version 2026-05-20),
BARCA DE MEXICO,BARCA DE MEXICO,322210,Fabricación de envases de cartón,251 y más personas,San Juan del Río,Querétaro,PASO DE MATA,,,https://www.inegi.org.mx/contenidos/masiva/denue/denue_22_csv.zip,2026-08-26 (DENUE version 2026-05-20),
BEAUTYGE MEXICO,BEAUTYGE MEXICO,325620,"Fabricación de cosméticos, perfumes y otras preparaciones de tocador",251 y más personas,Corregidora,Querétaro,INDUSTRIAL BALVANERA,,,https://www.inegi.org.mx/contenidos/masiva/denue/denue_22_csv.zip,2026-08-26 (DENUE version 2026-05-20),
BIO PAPPEL SCRIBE SAN JUAN DEL RIO (BAJIO),BIO PAPPEL SCRIBE,322122,Fabricación de papel a partir de pulpa,251 y más personas,San Juan del Río,Querétaro,SAN CAYETANO,,WWW.BIOPAPPEL.COM,https://www.inegi.org.mx/contenidos/masiva/denue/denue_22_csv.zip,2026-08-26 (DENUE version 2026-05-20),
BOLSAS PLASTICAS DE QUERETARO,BOLSAS PLASTICAS DE QUERETARO,326110,Fabricación de bolsas y películas de plástico flexible,101 a 250 personas,Huimilpan,Querétaro,LOS CUES,,,https://www.inegi.org.mx/contenidos/masiva/denue/denue_22_csv.zip,2026-08-26 (DENUE version 2026-05-20),
BRASIMEX MADERAS Y EMBALAJES,BRASIMEX MADERAS Y EMBALAJES,321920,Fabricación de productos para embalaje y envases de madera,101 a 250 personas,Querétaro,Querétaro,SANTA ROSA JAUREGUI,,,https://www.inegi.org.mx/contenidos/masiva/denue/denue_22_csv.zip,2026-08-26 (DENUE version 2026-05-20),
CALENDARIOS LANDIN,PROMOCIONES GRAFICAS MEXICANAS,323119,Impresión de formas continuas y otros impresos,101 a 250 personas,Querétaro,Querétaro,JURICA,,WWW.CALENDARIOSLANDIN.COM,https://www.inegi.org.mx/contenidos/masiva/denue/denue_22_csv.zip,2026-08-26 (DENUE version 2026-05-20),
CARTON CORRUGADO DEL CENTRO,CARTON CORRUGADO DEL CENTRO,322210,Fabricación de envases de cartón,101 a 250 personas,El Marqués,Querétaro,FINSA,,WWW.CCDC.COM.MX,https://www.inegi.org.mx/contenidos/masiva/denue/denue_22_csv.zip,2026-08-26 (DENUE version 2026-05-20),
CARTONES PONDEROSA,CARTONES PONDEROSA,322132,Fabricación de cartón y cartoncillo a partir de pulpa,251 y más personas,San Juan del Río,Querétaro,VALLE DE ORO,4272686673,WWW.CARTONESPONDEROSA.COM.MX,https://www.inegi.org.mx/contenidos/masiva/denue/denue_22_csv.zip,2026-08-26 (DENUE version 2026-05-20),
CENTRO INTERNACIONAL DE COSMIATRIA,CENTRO INTERNACIONAL DE COSMIATRIA,325412,Fabricación de preparaciones farmacéuticas,101 a 250 personas,San Juan del Río,Querétaro,SAN JUAN DEL RIO,5555501400,WWW.FARMAPIEL.COM,https://www.inegi.org.mx/contenidos/masiva/denue/denue_22_csv.zip,2026-08-26 (DENUE version 2026-05-20),
CENTURY MOLD MEXICO,CENTURY MOLD MEXICO,326192,Fabricación de autopartes de plástico con y sin reforzamiento,101 a 250 personas,El Marqués,Querétaro,EL MARQUES,,WWW.CENTURYMOLD.COM,https://www.inegi.org.mx/contenidos/masiva/denue/denue_22_csv.zip,2026-08-26 (DENUE version 2026-05-20),
CHEONG WOON MEXICO,CHOENG WONG MEXICO,326194,Fabricación de otros productos de plástico de uso industrial sin reforzamiento,251 y más personas,Querétaro,Querétaro,PARQUE INDUSTRIAL QUERETARO,,WWW.CHWOON.COM.MX,https://www.inegi.org.mx/contenidos/masiva/denue/denue_22_csv.zip,2026-08-26 (DENUE version 2026-05-20),
COLEP,COLEP,325620,"Fabricación de cosméticos, perfumes y otras preparaciones de tocador",101 a 250 personas,Querétaro,Querétaro,QUERETARO,,WWW.COLEPCP.COM,https://www.inegi.org.mx/contenidos/masiva/denue/denue_22_csv.zip,2026-08-26 (DENUE version 2026-05-20),
COMISION NACIONAL DE LIBROS DE TEXTO GRATUITO,COMISION NACIONAL DE LIBROS DE TEXTO GRATUITOS,323111,"Impresión de libros, periódicos y revistas",101 a 250 personas,El Marqués,Querétaro,BERNARDO QUINTANA,,,https://www.inegi.org.mx/contenidos/masiva/denue/denue_22_csv.zip,2026-08-26 (DENUE version 2026-05-20),
COMISION NACIONAL DE LIBROS DE TEXTO GRATUITOS,COMISION NACIONAL DE LIBROS DE TEXTO GRATUITOS,323111,"Impresión de libros, periódicos y revistas",101 a 250 personas,El Marqués,Querétaro,BERNARDO QUINTANA,,,https://www.inegi.org.mx/contenidos/masiva/denue/denue_22_csv.zip,2026-08-26 (DENUE version 2026-05-20),
COMPAÑIA INDUSTRIAL CERILLERA,COMPAÑIA INDUSTRIAL CERILLERA,325991,Fabricación de cerillos,101 a 250 personas,San Juan del Río,Querétaro,EL CHAPARRO,,,https://www.inegi.org.mx/contenidos/masiva/denue/denue_22_csv.zip,2026-08-26 (DENUE version 2026-05-20),
CORGRATE FIBERGLASS SYSTEMS,CORGRATE FIBERGLASS SYSTEMS,326198,Fabricación de otros productos de plástico con reforzamiento,251 y más personas,El Marqués,Querétaro,BERNARDO QUINTANA,5561655573,,https://www.inegi.org.mx/contenidos/masiva/denue/denue_22_csv.zip,2026-08-26 (DENUE version 2026-05-20),
CORRUGADOS DE BAJA CALIFORNIA QUERETARO HC PLANTA,CORRUGADOS DE BAJA CALIFORNIA,322210,Fabricación de envases de cartón,101 a 250 personas,Querétaro,Querétaro,PARQUE INDUSTRIAL QUERETARO,,WWW.SMURFITWESTROCK.COM,https://www.inegi.org.mx/contenidos/masiva/denue/denue_22_csv.zip,2026-08-26 (DENUE version 2026-05-20),
CRISTACURVA,PROCESADORA DE JALISCO,327216,Fabricación de artículos de vidrio de uso industrial y comercial,251 y más personas,San Juan del Río,Querétaro,SAN JUAN,4271129114,WWW.CRISTACURVA.COM,https://www.inegi.org.mx/contenidos/masiva/denue/denue_22_csv.zip,2026-08-26 (DENUE version 2026-05-20),
DAEYEONG MEXICO,DAEYEONG MEXICO,326194,Fabricación de otros productos de plástico de uso industrial sin reforzamiento,251 y más personas,Querétaro,Querétaro,QUERETARO,,WWW.DAEYEONG.CO.KR,https://www.inegi.org.mx/contenidos/masiva/denue/denue_22_csv.zip,2026-08-26 (DENUE version 2026-05-20),
DD &D SOLUTIONS,GROUP,326193,Fabricación de envases y contenedores de plástico para embalaje con y sin reforzamiento,101 a 250 personas,San Juan del Río,Querétaro,SAN JUAN,4271395501,,https://www.inegi.org.mx/contenidos/masiva/denue/denue_22_csv.zip,2026-08-26 (DENUE version 2026-05-20),
DELISOURCE ALIMENTOS,MINSA ALIMENTOS,325412,Fabricación de preparaciones farmacéuticas,101 a 250 personas,El Marqués,Querétaro,PARQUE INDUSTRIAL EL MARQUES,,WWW.DELISOURCE.COM.MX,https://www.inegi.org.mx/contenidos/masiva/denue/denue_22_csv.zip,2026-08-26 (DENUE version 2026-05-20),
DISTRIBUIDORA COMERCIAL JAFRA,DISTRIBUIDORA COMERCIAL JAFRA,325620,"Fabricación de cosméticos, perfumes y otras preparaciones de tocador",251 y más personas,Querétaro,Querétaro,PARQUE INDUSTRIAL QUERETARO,4422076323,,https://www.inegi.org.mx/contenidos/masiva/denue/denue_22_csv.zip,2026-08-26 (DENUE version 2026-05-20),
DONGA HWASUNG MEXICO,DONGA HWASUNG MEXICO,326194,Fabricación de otros productos de plástico de uso industrial sin reforzamiento,251 y más personas,Querétaro,Querétaro,QUERETARO,4421872522,,https://www.inegi.org.mx/contenidos/masiva/denue/denue_22_csv.zip,2026-08-26 (DENUE version 2026-05-20),
DOOREMALEN INDUSTRIES MEXICO,DOOREMALEN INDUSTRIES MEXICO,326192,Fabricación de autopartes de plástico con y sin reforzamiento,101 a 250 personas,Querétaro,Querétaro,PARQUE INDUSTRIAL QUERETARO,4428387000,WWW.ROMPAGROUP.COM,https://www.inegi.org.mx/contenidos/masiva/denue/denue_22_csv.zip,2026-08-26 (DENUE version 2026-05-20),
DR ENC,DR ENC,326194,Fabricación de otros productos de plástico de uso industrial sin reforzamiento,251 y más personas,Querétaro,Querétaro,POLIGONO EMPRESARIAL SANTA ROSA,4424143280,,https://www.inegi.org.mx/contenidos/masiva/denue/denue_22_csv.zip,2026-08-26 (DENUE version 2026-05-20),
DWK,DWK LIFE SCIENCES,327216,Fabricación de artículos de vidrio de uso industrial y comercial,101 a 250 personas,Querétaro,Querétaro,BENITO JUAREZ,,,https://www.inegi.org.mx/contenidos/masiva/denue/denue_22_csv.zip,2026-08-26 (DENUE version 2026-05-20),
DYA MANUFACTURA,DYA MANUFACTURAS,325610,"Fabricación de jabones, limpiadores y dentífricos",251 y más personas,San Juan del Río,Querétaro,NUEVO PARQUE INDUSTRIAL,,WWW.DYAMANUFACTURAS.MX,https://www.inegi.org.mx/contenidos/masiva/denue/denue_22_csv.zip,2026-08-26 (DENUE version 2026-05-20),
EISSMANN AUTOMOTIVE QUERETARO,EISSMANN AUTOMOTIVE QUERETARO,326192,Fabricación de autopartes de plástico con y sin reforzamiento,101 a 250 personas,Querétaro,Querétaro,QUERETARO II,,WWW.EISSMANN.COM,https://www.inegi.org.mx/contenidos/masiva/denue/denue_22_csv.zip,2026-08-26 (DENUE version 2026-05-20),
ELASTOMEROS DE QUERETARO,ELASTOMEROS DE QUERETARO,326290,Fabricación de otros productos de hule,101 a 250 personas,El Marqués,Querétaro,EL COLORADO,,WWW.ELASTOMEROS.MX,https://www.inegi.org.mx/contenidos/masiva/denue/denue_22_csv.zip,2026-08-26 (DENUE version 2026-05-20),
ELASTOMEROS DE QUERETARO,ELASTOMEROS DE QUERETARO,326290,Fabricación de otros productos de hule,101 a 250 personas,Querétaro,Querétaro,HERCULES,4422230023,WWW.ELASTOMEROS.MX,https://www.inegi.org.mx/contenidos/masiva/denue/denue_22_csv.zip,2026-08-26 (DENUE version 2026-05-20),
EMBBA,EMBBA CORRUGADOS,322210,Fabricación de envases de cartón,251 y más personas,Pedro Escobedo,Querétaro,LA VENTA DE AJUCHITLANCITO,,WWW.EMBBA.COM,https://www.inegi.org.mx/contenidos/masiva/denue/denue_22_csv.zip,2026-08-26 (DENUE version 2026-05-20),
EMPAQUES MODERNOS QUERETARO,EMPAQUES MODERNOS QUERETARO,322210,Fabricación de envases de cartón,251 y más personas,Querétaro,Querétaro,CARRIILO PUERTO,4425926441,WWW.WEATROCK.COM,https://www.inegi.org.mx/contenidos/masiva/denue/denue_22_csv.zip,2026-08-26 (DENUE version 2026-05-20),
EMSUR MEXICO,EMSUR MEXICO,326110,Fabricación de bolsas y películas de plástico flexible,101 a 250 personas,El Marqués,Querétaro,FINSA,,WWW.EMSUR.COM,https://www.inegi.org.mx/contenidos/masiva/denue/denue_22_csv.zip,2026-08-26 (DENUE version 2026-05-20),
ERREKA MEX,ERREKA MEX,326192,Fabricación de autopartes de plástico con y sin reforzamiento,101 a 250 personas,El Marqués,Querétaro,FINSA,,WWW.ERREKA.COM,https://www.inegi.org.mx/contenidos/masiva/denue/denue_22_csv.zip,2026-08-26 (DENUE version 2026-05-20),
EXO-S INDUSTRIAS,EXO-S INDUSTRIAS,326192,Fabricación de autopartes de plástico con y sin reforzamiento,251 y más personas,San Juan del Río,Querétaro,VALLE DE ORO,,WWW.EXO-S.COM,https://www.inegi.org.mx/contenidos/masiva/denue/denue_22_csv.zip,2026-08-26 (DENUE version 2026-05-20),
F & H FIBRA,F & H FIBRA S.D.R.L. DE C.V,325220,Fabricación de fibras químicas,101 a 250 personas,Colón,Querétaro,AJUCHITLAN,,FHFIBRA.COM,https://www.inegi.org.mx/contenidos/masiva/denue/denue_22_csv.zip,2026-08-26 (DENUE version 2026-05-20),
FABRICACION DE PRODUCTOS DERIVADOS DE PAPEL MULTIPAP,MULTIPAP MOLDEADO,322299,Fabricación de otros productos de cartón y papel,251 y más personas,San Juan del Río,Querétaro,NUEVO PARQUE INDUSTRIAL,4271651762,WWW.MULTIPAP.MX,https://www.inegi.org.mx/contenidos/masiva/denue/denue_22_csv.zip,2026-08-26 (DENUE version 2026-05-20),
FANOSA QUERETARO,FANOSA,326140,Fabricación de espumas y productos de poliestireno,101 a 250 personas,El Marqués,Querétaro,EL MARQUEZ,,WWW.FANOSA.COM,https://www.inegi.org.mx/contenidos/masiva/denue/denue_22_csv.zip,2026-08-26 (DENUE version 2026-05-20),
FERRANDIZ,FERRANDIZ,323119,Impresión de formas continuas y otros impresos,101 a 250 personas,El Marqués,Querétaro,EL MARQUÉS,,,https://www.inegi.org.mx/contenidos/masiva/denue/denue_22_csv.zip,2026-08-26 (DENUE version 2026-05-20),
FOAM FABRICATORS MEXICO,FOAM FABRICATORS MEXICO,326140,Fabricación de espumas y productos de poliestireno,101 a 250 personas,Querétaro,Querétaro,QUERETARO,,,https://www.inegi.org.mx/contenidos/masiva/denue/denue_22_csv.zip,2026-08-26 (DENUE version 2026-05-20),
FREUDENBERG NOK SEALING TECHNOLOGIES DE MEXICO,FREUDENBERG NOK SEALING TECHNOLOGIES DE MEXICO,326290,Fabricación de otros productos de hule,251 y más personas,El Marqués,Querétaro,EL MÁRQUES,,WWW.FNST.COM,https://www.inegi.org.mx/contenidos/masiva/denue/denue_22_csv.zip,2026-08-26 (DENUE version 2026-05-20),
GERRESHEIMER QUERETARO,GERRESHEIMER QUERETARO,327213,Fabricación de envases y ampolletas de vidrio,251 y más personas,Querétaro,Querétaro,BENITO JUAREZ,4421230911,WWW.GERRESHEIMER.COM.MX,https://www.inegi.org.mx/contenidos/masiva/denue/denue_22_csv.zip,2026-08-26 (DENUE version 2026-05-20),
GIVAUDAN DE MEXICO,GIVAUDAN DE MEXICO,325190,Fabricación de otros productos químicos básicos orgánicos,101 a 250 personas,Pedro Escobedo,Querétaro,QUINTANARES,,WWW.GIVAUDAN.COM,https://www.inegi.org.mx/contenidos/masiva/denue/denue_22_csv.zip,2026-08-26 (DENUE version 2026-05-20),
GLASSER,GLASSER,327219,Fabricación de otros productos de vidrio,101 a 250 personas,El Marqués,Querétaro,FINSA,,WWW.GLASSER.COM.MX,https://www.inegi.org.mx/contenidos/masiva/denue/denue_22_csv.zip,2026-08-26 (DENUE version 2026-05-20),
GLOPLAS,GLOPLAS,326193,Fabricación de envases y contenedores de plástico para embalaje con y sin reforzamiento,101 a 250 personas,San Juan del Río,Querétaro,SAN JUAN DEL RIO,,,https://www.inegi.org.mx/contenidos/masiva/denue/denue_22_csv.zip,2026-08-26 (DENUE version 2026-05-20),
GRAPHIC PACKAGING INTERNATIONAL OPERADORA DE MEXICO,GRAPHIC PACKAGING INTERNATIONAL OPERADORA DE MEXICO,322210,Fabricación de envases de cartón,101 a 250 personas,Querétaro,Querétaro,SAN ANTONIO DE LA PUNTA,,WWW.GRAPHICPKG.COM,https://www.inegi.org.mx/contenidos/masiva/denue/denue_22_csv.zip,2026-08-26 (DENUE version 2026-05-20),
GRUPO ABC DE MEXICO,GRUPO ABC DE MEXICO,326192,Fabricación de autopartes de plástico con y sin reforzamiento,251 y más personas,San Juan del Río,Querétaro,NUEVO PARQUE INDUSTRIAL,,,https://www.inegi.org.mx/contenidos/masiva/denue/denue_22_csv.zip,2026-08-26 (DENUE version 2026-05-20),
GRUPO ABC DE MEXICO PLANTA IV,GRUPO ABC DE MEXICO,326192,Fabricación de autopartes de plástico con y sin reforzamiento,251 y más personas,Querétaro,Querétaro,PARQUE INDUSTRIAL QUERETARO,4271523139,,https://www.inegi.org.mx/contenidos/masiva/denue/denue_22_csv.zip,2026-08-26 (DENUE version 2026-05-20),
GRUPO ABC DE MEXICO PLANTA SANJUAN DEL RIO NO 2,GRUPO ABC DE MEXICO,326192,Fabricación de autopartes de plástico con y sin reforzamiento,251 y más personas,San Juan del Río,Querétaro,NUEVO PARQUE INDUSTRIAL,4423767422,,https://www.inegi.org.mx/contenidos/masiva/denue/denue_22_csv.zip,2026-08-26 (DENUE version 2026-05-20),
GRUPO GRÁFICO SAN JUAN,GRUPO GRAFICO SAN JUAN,323119,Impresión de formas continuas y otros impresos,101 a 250 personas,San Juan del Río,Querétaro,VALLE DE ORO,,WWW.GGSJ.COM.MX,https://www.inegi.org.mx/contenidos/masiva/denue/denue_22_csv.zip,2026-08-26 (DENUE version 2026-05-20),
GRUPO INDUSTRIAL DEL PARQUE,GRUPO INDUSTRIAL DEL PARQUE,325211,Fabricación de resinas sintéticas,251 y más personas,San Juan del Río,Querétaro,SAN JUAN,,,https://www.inegi.org.mx/contenidos/masiva/denue/denue_22_csv.zip,2026-08-26 (DENUE version 2026-05-20),
GRUPO INDUSTRIAL DEL PARQUE,DALEGIP MEXICO,325211,Fabricación de resinas sintéticas,101 a 250 personas,San Juan del Río,Querétaro,PARQUE INDUSTRIAL NUEVO SAN JUAN,,WWW.DALEGIP.COM,https://www.inegi.org.mx/contenidos/masiva/denue/denue_22_csv.zip,2026-08-26 (DENUE version 2026-05-20),
GUARDIAN INDUSTRIES VP,GUARDIAN INDUSTRIES VP,327211,Fabricación de vidrio,101 a 250 personas,El Marqués,Querétaro,GUARDIAN INDUSRIES VP,,WWW.GUARDIANGLASS.COM,https://www.inegi.org.mx/contenidos/masiva/denue/denue_22_csv.zip,2026-08-26 (DENUE version 2026-05-20),
HANMAC MEXICO,HANMAC MEXICO,326194,Fabricación de otros productos de plástico de uso industrial sin reforzamiento,251 y más personas,Querétaro,Querétaro,PARQUE INDUSTRIAL QUERETARO,9381039041,,https://www.inegi.org.mx/contenidos/masiva/denue/denue_22_csv.zip,2026-08-26 (DENUE version 2026-05-20),
HEXPOL COMPOUNDING QUERETARO,HEXPOL COMPOUNDING QUERETARO,325212,Fabricación de hules sintéticos,101 a 250 personas,Querétaro,Querétaro,QUERETARO,4421730871,WWW.HEXPOL.COM,https://www.inegi.org.mx/contenidos/masiva/denue/denue_22_csv.zip,2026-08-26 (DENUE version 2026-05-20),
ILPEA,ILPEA,326194,Fabricación de otros productos de plástico de uso industrial sin reforzamiento,251 y más personas,Querétaro,Querétaro,PARQUE INDUSTRIAL AMECHE,,WWW.ILPEA.COM,https://www.inegi.org.mx/contenidos/masiva/denue/denue_22_csv.zip,2026-08-26 (DENUE version 2026-05-20),
IMS GEAR S,IMS GEAR,326192,Fabricación de autopartes de plástico con y sin reforzamiento,251 y más personas,El Marqués,Querétaro,EL MARQUES,,,https://www.inegi.org.mx/contenidos/masiva/denue/denue_22_csv.zip,2026-08-26 (DENUE version 2026-05-20),
INDORAMA VENTURES POLYMERS MEXICO FIBRAS TECNICAS,INDORAMA VENTURES POLYMERS MEXICO,325220,Fabricación de fibras químicas,251 y más personas,Querétaro,Querétaro,BENITO JUAREZ,,WWW.INDORAMAVENTURES.COM,https://www.inegi.org.mx/contenidos/masiva/denue/denue_22_csv.zip,2026-08-26 (DENUE version 2026-05-20),
INDORAMA VENTURES POLYMERS MEXICO PET,INDORAMA VENTURES POLYMERS MEXICO,325211,Fabricación de resinas sintéticas,251 y más personas,Querétaro,Querétaro,BENITO JUAREZ,,WWW.INDORAMAVENTURES.COM,https://www.inegi.org.mx/contenidos/masiva/denue/denue_22_csv.zip,2026-08-26 (DENUE version 2026-05-20),
INDUSTRIA PLASTICA DE QUERETARO,INDUSTRIA PLASTICA DE QUERETARO,326194,Fabricación de otros productos de plástico de uso industrial sin reforzamiento,101 a 250 personas,Querétaro,Querétaro,BENITO JUAREZ,,WWW.IPQPLASTICS.COM.MX,https://www.inegi.org.mx/contenidos/masiva/denue/denue_22_csv.zip,2026-08-26 (DENUE version 2026-05-20),
INDUSTRIAL CORONA DE MEXICO,INDUSTRIAL CORONA DE MEXICO,326192,Fabricación de autopartes de plástico con y sin reforzamiento,251 y más personas,San Juan del Río,Querétaro,VALLE DE ORO,5548278094,WWW.ICORONA.COM,https://www.inegi.org.mx/contenidos/masiva/denue/denue_22_csv.zip,2026-08-26 (DENUE version 2026-05-20),
INDUSTRIAS CAMCA,INDUSTRIAS CAMCA,326194,Fabricación de otros productos de plástico de uso industrial sin reforzamiento,101 a 250 personas,El Marqués,Querétaro,BERNARDO QUINTANA,,WWW.CAMCA.COM.MX,https://www.inegi.org.mx/contenidos/masiva/denue/denue_22_csv.zip,2026-08-26 (DENUE version 2026-05-20),
INDUSTRIAS CAZEL,INDUSTRIAS CAZEL,326192,Fabricación de autopartes de plástico con y sin reforzamiento,101 a 250 personas,Querétaro,Querétaro,QUERETARO,,WWW.CAZEL.MX.COM,https://www.inegi.org.mx/contenidos/masiva/denue/denue_22_csv.zip,2026-08-26 (DENUE version 2026-05-20),
INDUSTRIAS FERROPLASTICAS,INDUSTRIAS FERROPLASTICAS,326193,Fabricación de envases y contenedores de plástico para embalaje con y sin reforzamiento,251 y más personas,Corregidora,Querétaro,INDUSTRIAL BALVANERA,4423209378,WWW.FERROPLASTICAS.COM,https://www.inegi.org.mx/contenidos/masiva/denue/denue_22_csv.zip,2026-08-26 (DENUE version 2026-05-20),
INGENIERIA EN ESPUMAS,INGENIERIA EN ESPUMAS,326150,Fabricación de espumas y productos de uretano,101 a 250 personas,El Marqués,Querétaro,AGROINDUSTRIAL LA CRUZ CARRETERA,,,https://www.inegi.org.mx/contenidos/masiva/denue/denue_22_csv.zip,2026-08-26 (DENUE version 2026-05-20),
INNOVARR,INNOVARR,326194,Fabricación de otros productos de plástico de uso industrial sin reforzamiento,101 a 250 personas,Querétaro,Querétaro,POLIGONO EMPRESARIAL SANTA ROSA JAUREGUI,,WWW.INNOVARR.COM,https://www.inegi.org.mx/contenidos/masiva/denue/denue_22_csv.zip,2026-08-26 (DENUE version 2026-05-20),
INOAC SISTEMAS EXTERIORES,INOAC SISTEMAS EXTERIORES,326192,Fabricación de autopartes de plástico con y sin reforzamiento,251 y más personas,San Juan del Río,Querétaro,NUEVO PARQUE INDUSTRIAL,4271680601,,https://www.inegi.org.mx/contenidos/masiva/denue/denue_22_csv.zip,2026-08-26 (DENUE version 2026-05-20),
INTERPLAS MEXICO,INTERPLAS MEXICO,326110,Fabricación de bolsas y películas de plástico flexible,251 y más personas,San Juan del Río,Querétaro,SAN PEDRO AHUACATLAN,,WWW.INTERPLASMEXICO.COM.MX,https://www.inegi.org.mx/contenidos/masiva/denue/denue_22_csv.zip,2026-08-26 (DENUE version 2026-05-20),
IRRITEC,IRRITEC MEXICO SISTEMAS DE RIEGO,326220,Fabricación de bandas y mangueras de hule y de plástico,101 a 250 personas,Querétaro,Querétaro,QUERETARO,,,https://www.inegi.org.mx/contenidos/masiva/denue/denue_22_csv.zip,2026-08-26 (DENUE version 2026-05-20),
ITASA,ITASA AMERICAS,325520,Fabricación de adhesivos,101 a 250 personas,El Marqués,Querétaro,TECNOLOGICO INNOVACION,4421447775,WWW.ITASA.ES,https://www.inegi.org.mx/contenidos/masiva/denue/denue_22_csv.zip,2026-08-26 (DENUE version 2026-05-20),
ITW POLY MEX,ITW POLY MEX,324191,Fabricación de aceites y grasas lubricantes,101 a 250 personas,El Marqués,Querétaro,BERNARDO QUINTANA,,,https://www.inegi.org.mx/contenidos/masiva/denue/denue_22_csv.zip,2026-08-26 (DENUE version 2026-05-20),
JY& C TECH MEXICO,JY& C TECH MEXICO,326194,Fabricación de otros productos de plástico de uso industrial sin reforzamiento,101 a 250 personas,Querétaro,Querétaro,QUERETARO,4423762038,,https://www.inegi.org.mx/contenidos/masiva/denue/denue_22_csv.zip,2026-08-26 (DENUE version 2026-05-20),
KCU MEXICO,KCU MEXICO,326192,Fabricación de autopartes de plástico con y sin reforzamiento,101 a 250 personas,Querétaro,Querétaro,POLIGONO EMPRESARIAL STA ROSA JAUREGUI,,,https://www.inegi.org.mx/contenidos/masiva/denue/denue_22_csv.zip,2026-08-26 (DENUE version 2026-05-20),
KH MEXICO,KH MEXICO,326192,Fabricación de autopartes de plástico con y sin reforzamiento,251 y más personas,Querétaro,Querétaro,QUERETARO,4425950688,WWW.KH-MEXICO.COM,https://www.inegi.org.mx/contenidos/masiva/denue/denue_22_csv.zip,2026-08-26 (DENUE version 2026-05-20),
KI MEXICO,KI MEXICO,326194,Fabricación de otros productos de plástico de uso industrial sin reforzamiento,101 a 250 personas,El Marqués,Querétaro,EL MARQUES,,WWW.KIINSDUSTRIES.COM,https://www.inegi.org.mx/contenidos/masiva/denue/denue_22_csv.zip,2026-08-26 (DENUE version 2026-05-20),
KI MEXICO,KI MEXICO,326194,Fabricación de otros productos de plástico de uso industrial sin reforzamiento,251 y más personas,Querétaro,Querétaro,BENITO JUAREZ,,WWW.KIINDUSTRIES.COM,https://www.inegi.org.mx/contenidos/masiva/denue/denue_22_csv.zip,2026-08-26 (DENUE version 2026-05-20),
KIMBERLY CLARK DE MEXICO PLANTA BAJIO,KIMBERLY CLARK DE MEXICO,322122,Fabricación de papel a partir de pulpa,251 y más personas,San Juan del Río,Querétaro,SAN CAYETANO,,WWW.KIMBERLY-CLARK.COM.MX,https://www.inegi.org.mx/contenidos/masiva/denue/denue_22_csv.zip,2026-08-26 (DENUE version 2026-05-20),
KOPPERT MEXICO,KOPPERT MEXICO,325320,"Fabricación de pesticidas y otros agroquímicos, excepto fertilizantes",101 a 250 personas,El Marqués,Querétaro,EL MARQUES,4426078074,WWW.KOPPERT.MX,https://www.inegi.org.mx/contenidos/masiva/denue/denue_22_csv.zip,2026-08-26 (DENUE version 2026-05-20),
LABORATORIOS ARANDA,LABORATORIOS ARANDA,325412,Fabricación de preparaciones farmacéuticas,101 a 250 personas,Querétaro,Querétaro,FELIPE CARRILLO PUERTO,4425036101,WWW.ARANDALAB.COM.MX,https://www.inegi.org.mx/contenidos/masiva/denue/denue_22_csv.zip,2026-08-26 (DENUE version 2026-05-20),
LABORATORIOS COLUMBIA,LABORATORIOS COLUMBIA,325412,Fabricación de preparaciones farmacéuticas,251 y más personas,San Juan del Río,Querétaro,SAN JUAN DEL RIO,,WWW.GCOLUMBIA.COM,https://www.inegi.org.mx/contenidos/masiva/denue/denue_22_csv.zip,2026-08-26 (DENUE version 2026-05-20),
LB PALLETS & CRATES DEL POTOSI,LB PALLETS & CRATES DEL POTOSI,321920,Fabricación de productos para embalaje y envases de madera,101 a 250 personas,Querétaro,Querétaro,QUERETARO,,,https://www.inegi.org.mx/contenidos/masiva/denue/denue_22_csv.zip,2026-08-26 (DENUE version 2026-05-20),
LOSIFRA,LOSIFRA,321920,Fabricación de productos para embalaje y envases de madera,251 y más personas,El Marqués,Querétaro,BERNARDO QUINTANA,,WWW.LOSIFRA.COM,https://www.inegi.org.mx/contenidos/masiva/denue/denue_22_csv.zip,2026-08-26 (DENUE version 2026-05-20),
LUBRICANTES FUCHS DE MEXICO,LUBRICANTES FUCHS DE MEXICO,324191,Fabricación de aceites y grasas lubricantes,101 a 250 personas,Querétaro,Querétaro,JURICA,,WWW.FUCHS.MX,https://www.inegi.org.mx/contenidos/masiva/denue/denue_22_csv.zip,2026-08-26 (DENUE version 2026-05-20),
MAGNA ASSEMBLY SYSTEMS DE MEXICO,MAGNA ASSEMBLY SYSTEMS DE MEXICO,326192,Fabricación de autopartes de plástico con y sin reforzamiento,251 y más personas,Colón,Querétaro,GALERAS,,WWW.MAGNA.COM,https://www.inegi.org.mx/contenidos/masiva/denue/denue_22_csv.zip,2026-08-26 (DENUE version 2026-05-20),
MANUFACTURAS SONOCO,MANUFACTURAS SONOCO,322210,Fabricación de envases de cartón,101 a 250 personas,San Juan del Río,Querétaro,SAN PEDRO AHUACATLAN,,WWW.SONOCODEMEXICO.COM.MX,https://www.inegi.org.mx/contenidos/masiva/denue/denue_22_csv.zip,2026-08-26 (DENUE version 2026-05-20),
MATERIAL Y EQUIPO ELECTRICO DE QUERETARO,MATERIAL Y EQUIPO ELECTRICO DE QUERETARO,327391,Fabricación de productos preesforzados de concreto,101 a 250 personas,San Juan del Río,Querétaro,SAN PEDRO AHUACATLAN,,,https://www.inegi.org.mx/contenidos/masiva/denue/denue_22_csv.zip,2026-08-26 (DENUE version 2026-05-20),
MATERIAL Y EQUIPO LECTRICO DE QUERETARO,MATERIAL Y EQUIPO ELECTRICO DE QUERETARO,327391,Fabricación de productos preesforzados de concreto,101 a 250 personas,El Marqués,Querétaro,BERNARDO QUINTANA,,,https://www.inegi.org.mx/contenidos/masiva/denue/denue_22_csv.zip,2026-08-26 (DENUE version 2026-05-20),
MEDIOS IMPRESOS SERVICIOS INTEGRALES,MEDIOS IMPRESOS SERVICIOS INTEGRALES,323119,Impresión de formas continuas y otros impresos,101 a 250 personas,Corregidora,Querétaro,INDUSTRIAL BALVANERA,,WWW.MISI.COM.MX,https://www.inegi.org.mx/contenidos/masiva/denue/denue_22_csv.zip,2026-08-26 (DENUE version 2026-05-20),
MEGA EMPACK QUERETARO,MEGA EMPACK,326160,Fabricación de botellas de plástico,101 a 250 personas,Querétaro,Querétaro,BENITO JUAREZ,,,https://www.inegi.org.mx/contenidos/masiva/denue/denue_22_csv.zip,2026-08-26 (DENUE version 2026-05-20),
METROCOLOR DE MEXICO,METROCOLOR DE MEXICO,323119,Impresión de formas continuas y otros impresos,251 y más personas,El Marqués,Querétaro,FINSA,,WWW.METROCOLOR.COM.MX,https://www.inegi.org.mx/contenidos/masiva/denue/denue_22_csv.zip,2026-08-26 (DENUE version 2026-05-20),
MEXICO YUSEI,MEXICO YUSEI MACHINERY,325211,Fabricación de resinas sintéticas,101 a 250 personas,Querétaro,Querétaro,PARQUE INDUSTRIAL QUERETARO,,WWW.YUSEIMEXICO.COM,https://www.inegi.org.mx/contenidos/masiva/denue/denue_22_csv.zip,2026-08-26 (DENUE version 2026-05-20),
MONOSUISSE,MONOSUISSE,325220,Fabricación de fibras químicas,101 a 250 personas,Querétaro,Querétaro,PARQUE INDUSTRIAL QUERETARO,,WWW.MONOSUISSE.COM,https://www.inegi.org.mx/contenidos/masiva/denue/denue_22_csv.zip,2026-08-26 (DENUE version 2026-05-20),
MX-PD0192 AEROPUERTO QR,CEMEX,327320,Fabricación de concreto,101 a 250 personas,El Marqués,Querétaro,GUADALUPE LA VENTA,,,https://www.inegi.org.mx/contenidos/masiva/denue/denue_22_csv.zip,2026-08-26 (DENUE version 2026-05-20),
NOLATO,GW PLASTICS MEXICANA,326192,Fabricación de autopartes de plástico con y sin reforzamiento,101 a 250 personas,El Marqués,Querétaro,EL MARQUES,4422561109,WWW.NOLATO.COM,https://www.inegi.org.mx/contenidos/masiva/denue/denue_22_csv.zip,2026-08-26 (DENUE version 2026-05-20),
NUCITEC,NUCITEC,325412,Fabricación de preparaciones farmacéuticas,251 y más personas,Querétaro,Querétaro,PARQUE INDUSTRIAL QUERETARO,4423059434,WWW.NUCITEC.COM,https://www.inegi.org.mx/contenidos/masiva/denue/denue_22_csv.zip,2026-08-26 (DENUE version 2026-05-20),
OMNI MANUFACTURING SERVICES,OMNI MANUFACTURING SERVICES,326194,Fabricación de otros productos de plástico de uso industrial sin reforzamiento,251 y más personas,Querétaro,Querétaro,QUERETARO,,WWW.PHILLISPSMEDISIZE.COM,https://www.inegi.org.mx/contenidos/masiva/denue/denue_22_csv.zip,2026-08-26 (DENUE version 2026-05-20),
OMYA MEXICO,OMYA MEXICO,325180,Fabricación de otros productos químicos básicos inorgánicos,101 a 250 personas,San Juan del Río,Querétaro,LOCALIDAD ECONOMICA OMYA MEXICO,,WWW.OMYA.COM,https://www.inegi.org.mx/contenidos/masiva/denue/denue_22_csv.zip,2026-08-26 (DENUE version 2026-05-20),
OPTOFLUX MEXICO,OPTOFLUX MEXICO,326192,Fabricación de autopartes de plástico con y sin reforzamiento,101 a 250 personas,El Marqués,Querétaro,EL MARQUES,,,https://www.inegi.org.mx/contenidos/masiva/denue/denue_22_csv.zip,2026-08-26 (DENUE version 2026-05-20),
OWENS AMERICA,OWENS AMERICA,327213,Fabricación de envases y ampolletas de vidrio,251 y más personas,Querétaro,Querétaro,CARRILLO,,,https://www.inegi.org.mx/contenidos/masiva/denue/denue_22_csv.zip,2026-08-26 (DENUE version 2026-05-20),
OWENS AMERICA SUCURSAL 3 QRO,OWENS AMERICA,327213,Fabricación de envases y ampolletas de vidrio,251 y más personas,Querétaro,Querétaro,CARRILLO,,,https://www.inegi.org.mx/contenidos/masiva/denue/denue_22_csv.zip,2026-08-26 (DENUE version 2026-05-20),
PAC WORLDWIDE MEXICO,PAC WORLDWIDE MEXICO,326110,Fabricación de bolsas y películas de plástico flexible,101 a 250 personas,San Juan del Río,Querétaro,VISTA,,WWW.PAC.COM,https://www.inegi.org.mx/contenidos/masiva/denue/denue_22_csv.zip,2026-08-26 (DENUE version 2026-05-20),
PAC WORLDWIDE MEXICO,PAC WORLDWIDE MEXICO,322230,Fabricación de productos de papelería,101 a 250 personas,San Juan del Río,Querétaro,INDUSTRIAL VALLE DE ORO,4271520926,WWW.PAC.COM,https://www.inegi.org.mx/contenidos/masiva/denue/denue_22_csv.zip,2026-08-26 (DENUE version 2026-05-20),
PAPELES Y CONVERSIONES DE MEXICO,PAPELES Y CONVERSIONES DE MEXICO,322210,Fabricación de envases de cartón,101 a 250 personas,El Marqués,Querétaro,BENITO JUAREZ,8186562099,,https://www.inegi.org.mx/contenidos/masiva/denue/denue_22_csv.zip,2026-08-26 (DENUE version 2026-05-20),
PAPELES Y CONVERSIONES DE MEXICO,PAPELES Y CONVERSIONES DE MEXICO,322131,Fabricación de cartón en plantas integradas,101 a 250 personas,El Marqués,Querétaro,FINSA II,8186562099,WWW.PCM.COM.MX,https://www.inegi.org.mx/contenidos/masiva/denue/denue_22_csv.zip,2026-08-26 (DENUE version 2026-05-20),
PERFICOM,PERFICOM,327216,Fabricación de artículos de vidrio de uso industrial y comercial,101 a 250 personas,San Juan del Río,Querétaro,VALLE DE ORO,4271165648,WWW.PERFICOM.COM,https://www.inegi.org.mx/contenidos/masiva/denue/denue_22_csv.zip,2026-08-26 (DENUE version 2026-05-20),
PHARMASERVICE,PHARMASERVICE,325412,Fabricación de preparaciones farmacéuticas,251 y más personas,Querétaro,Querétaro,BENITO JUAREZ,,WWW.PHARMASERVICE.COM,https://www.inegi.org.mx/contenidos/masiva/denue/denue_22_csv.zip,2026-08-26 (DENUE version 2026-05-20),
PHILLIPS MEDISIZE A MOLEX COMPANY,OMNI MANUFACTURING SERVICES,326192,Fabricación de autopartes de plástico con y sin reforzamiento,251 y más personas,Querétaro,Querétaro,PARQUE INDUSTRIAL QUERETARO,,WWW.PHILLIPSMEDISIZE.COM,https://www.inegi.org.mx/contenidos/masiva/denue/denue_22_csv.zip,2026-08-26 (DENUE version 2026-05-20),
PLANTA ITALGRES I,PORCELANITE LAMOSA,327122,Fabricación de azulejos y losetas no refractarias,251 y más personas,Querétaro,Querétaro,FELIPE CARRILLO PUERTO,,WWW.LAMOSA.COM,https://www.inegi.org.mx/contenidos/masiva/denue/denue_22_csv.zip,2026-08-26 (DENUE version 2026-05-20),
PLASMAN,PLASMAN,326192,Fabricación de autopartes de plástico con y sin reforzamiento,251 y más personas,Querétaro,Querétaro,QUERETARO,4424794226,WWW.PLASMAN.COM,https://www.inegi.org.mx/contenidos/masiva/denue/denue_22_csv.zip,2026-08-26 (DENUE version 2026-05-20),
PLASMAN PRECISION PARTS,PLASMAN PRECISION PARTS,326192,Fabricación de autopartes de plástico con y sin reforzamiento,251 y más personas,Querétaro,Querétaro,AV PEÑUELAS,,WWW.PLASMAN.COM,https://www.inegi.org.mx/contenidos/masiva/denue/denue_22_csv.zip,2026-08-26 (DENUE version 2026-05-20),
PLASTI STRETCH,PLASTI STRETCH,326110,Fabricación de bolsas y películas de plástico flexible,101 a 250 personas,San Juan del Río,Querétaro,SAN PEDRO AHUACATLAN,4271521398,WWW.PLASTISTRETCH.MX,https://www.inegi.org.mx/contenidos/masiva/denue/denue_22_csv.zip,2026-08-26 (DENUE version 2026-05-20),
PLASTICOS DEL BAJIO,,326110,Fabricación de bolsas y películas de plástico flexible,101 a 250 personas,Querétaro,Querétaro,SAN PABLO,,,https://www.inegi.org.mx/contenidos/masiva/denue/denue_22_csv.zip,2026-08-26 (DENUE version 2026-05-20),
PLASTICOS TECNICOS MEXICANOS,PLASTICOS TECNICOS MEXICANOS,326194,Fabricación de otros productos de plástico de uso industrial sin reforzamiento,251 y más personas,San Juan del Río,Querétaro,VALLE DE ORO,,,https://www.inegi.org.mx/contenidos/masiva/denue/denue_22_csv.zip,2026-08-26 (DENUE version 2026-05-20),
PLENCO DE MEXICO,PLENCO DE MEXICO,326194,Fabricación de otros productos de plástico de uso industrial sin reforzamiento,101 a 250 personas,Querétaro,Querétaro,QUERETARO,4421863609,,https://www.inegi.org.mx/contenidos/masiva/denue/denue_22_csv.zip,2026-08-26 (DENUE version 2026-05-20),
POLIURETANOS Y PLASTICOS REFORZADOS,POLIURETANOS Y PLASTICOS REFORZADOS,326198,Fabricación de otros productos de plástico con reforzamiento,101 a 250 personas,El Marqués,Querétaro,PEÑA COLORADA,,WWW.POLIPLAST.COM.MX,https://www.inegi.org.mx/contenidos/masiva/denue/denue_22_csv.zip,2026-08-26 (DENUE version 2026-05-20),
POLY BAJIO,POLY BAJIO,326110,Fabricación de bolsas y películas de plástico flexible,101 a 250 personas,San Juan del Río,Querétaro,NUEVO,,WWW.POEMPAQUES.COM.MX,https://www.inegi.org.mx/contenidos/masiva/denue/denue_22_csv.zip,2026-08-26 (DENUE version 2026-05-20),
POLYSHEL,POLYSHEL,326120,"Fabricación de tubería y conexiones, y tubos para embalaje",101 a 250 personas,San Juan del Río,Querétaro,VALLE DE ORO,4271165748,,https://www.inegi.org.mx/contenidos/masiva/denue/denue_22_csv.zip,2026-08-26 (DENUE version 2026-05-20),
PPD PLASTICO,PPD PLASTICO,326194,Fabricación de otros productos de plástico de uso industrial sin reforzamiento,251 y más personas,Querétaro,Querétaro,QUERETARO,,WWW.PPDGROUP.COM,https://www.inegi.org.mx/contenidos/masiva/denue/denue_22_csv.zip,2026-08-26 (DENUE version 2026-05-20),
PPG AP RESINAS,PPG AP RESINAS,325211,Fabricación de resinas sintéticas,101 a 250 personas,San Juan del Río,Querétaro,NUEVO PARQUE INDUSTRIAL,,WWW.APRESINAS.COM,https://www.inegi.org.mx/contenidos/masiva/denue/denue_22_csv.zip,2026-08-26 (DENUE version 2026-05-20),
PPG INDUSTRIES DE MEXICO,PPG INDUSTRIES DE MEXICO,325510,Fabricación de pinturas y recubrimientos,251 y más personas,San Juan del Río,Querétaro,VALLE DE ORO,,WWW.PPG.COM,https://www.inegi.org.mx/contenidos/masiva/denue/denue_22_csv.zip,2026-08-26 (DENUE version 2026-05-20),
PRINT LSC COMUNICATIONS,PRINT LSC COMMUNICATIONS,323119,Impresión de formas continuas y otros impresos,251 y más personas,San Juan del Río,Querétaro,VALLE DE ORO,4272730169,WWW.LSCCOM.COM/MEXICO/,https://www.inegi.org.mx/contenidos/masiva/denue/denue_22_csv.zip,2026-08-26 (DENUE version 2026-05-20),
PRINTPACK PACKAGING DE MEXICO,PRINTPACK PACKAGING DE MEXICO,323119,Impresión de formas continuas y otros impresos,251 y más personas,El Marqués,Querétaro,FINSA,,WWW.PRINTPACK.COM,https://www.inegi.org.mx/contenidos/masiva/denue/denue_22_csv.zip,2026-08-26 (DENUE version 2026-05-20),
PRODUCTOS PENNSYLVANIA,PRODUCTOS PENNSYLVANIA,325510,Fabricación de pinturas y recubrimientos,251 y más personas,Querétaro,Querétaro,SAN PABLO TECNOLOGICO,,WWW.PRODUCTOSPENNSYLVANIA.COM.MX,https://www.inegi.org.mx/contenidos/masiva/denue/denue_22_csv.zip,2026-08-26 (DENUE version 2026-05-20),
PROVEM,PROVEM MANUFACTURING,322210,Fabricación de envases de cartón,101 a 250 personas,Querétaro,Querétaro,PARQUE INDUSTRIAL QUERETARO,4422876651,WWW.PROVEM.COM,https://www.inegi.org.mx/contenidos/masiva/denue/denue_22_csv.zip,2026-08-26 (DENUE version 2026-05-20),
PUERTAS INFINITY,PUERTAS Y DISEÑOS DE MADERAS,321910,Fabricación de productos de madera para la construcción,251 y más personas,San Juan del Río,Querétaro,NUEVO PARQUE INDUSTRIAL,,WWW.PUERTASINFINITY.COM,https://www.inegi.org.mx/contenidos/masiva/denue/denue_22_csv.zip,2026-08-26 (DENUE version 2026-05-20),
QUARDER DE MEXICO,QUARDER DE MEXICO,326192,Fabricación de autopartes de plástico con y sin reforzamiento,101 a 250 personas,El Marqués,Querétaro,TECNOLOGICO INNOVACION QUERETARO,4423592274,WWW.QUARDER.DE,https://www.inegi.org.mx/contenidos/masiva/denue/denue_22_csv.zip,2026-08-26 (DENUE version 2026-05-20),
RAMON GARCIA MEX 2014,RAMON GARCIA MEX 2014 SA DE CV,321910,Fabricación de productos de madera para la construcción,101 a 250 personas,Huimilpan,Querétaro,PYME,7223501469,,https://www.inegi.org.mx/contenidos/masiva/denue/denue_22_csv.zip,2026-08-26 (DENUE version 2026-05-20),
RCTI DE MEXICO,RCTI DE MEXICO,327391,Fabricación de productos preesforzados de concreto,101 a 250 personas,Corregidora,Querétaro,SANTA BÁRBARA,,WWW.VOSSLOH.COM,https://www.inegi.org.mx/contenidos/masiva/denue/denue_22_csv.zip,2026-08-26 (DENUE version 2026-05-20),
REHRIG PACIFIC COMPANY,REHRIG PACIFIC COMPANY,326193,Fabricación de envases y contenedores de plástico para embalaje con y sin reforzamiento,101 a 250 personas,Querétaro,Querétaro,QUERETARO,,WWW.RWHRIGPACIFIC.COM,https://www.inegi.org.mx/contenidos/masiva/denue/denue_22_csv.zip,2026-08-26 (DENUE version 2026-05-20),
RICHTER DE MEXICO,RICHTER DE MEXICO,326193,Fabricación de envases y contenedores de plástico para embalaje con y sin reforzamiento,101 a 250 personas,San Juan del Río,Querétaro,OJO DE AGUA,,,https://www.inegi.org.mx/contenidos/masiva/denue/denue_22_csv.zip,2026-08-26 (DENUE version 2026-05-20),
ROBIN MEXICANA,ROBIN MEXICANA,326220,Fabricación de bandas y mangueras de hule y de plástico,251 y más personas,El Marqués,Querétaro,BERNARDO QUINTANA,,WWW.ROBINMEXICANA.COM.MX,https://www.inegi.org.mx/contenidos/masiva/denue/denue_22_csv.zip,2026-08-26 (DENUE version 2026-05-20),
RODAR PLASTICS,RODAR PLASTICS,326194,Fabricación de otros productos de plástico de uso industrial sin reforzamiento,101 a 250 personas,Querétaro,Querétaro,BENITO JUAREZ,,WWW.RODARPLASTICS.QRO.COM.MX,https://www.inegi.org.mx/contenidos/masiva/denue/denue_22_csv.zip,2026-08-26 (DENUE version 2026-05-20),
RODAR PLASTICS,RODAR PLASTICS,326194,Fabricación de otros productos de plástico de uso industrial sin reforzamiento,101 a 250 personas,Querétaro,Querétaro,LA PRESA BUSINESS PARK,,WWW.RODARPLASTICS.QRO.MX,https://www.inegi.org.mx/contenidos/masiva/denue/denue_22_csv.zip,2026-08-26 (DENUE version 2026-05-20),
S RIKO DE QUERETARO,S RIKO DE QUERETARO,326290,Fabricación de otros productos de hule,251 y más personas,El Marqués,Querétaro,ODONNELL AEROPUERTO,,,https://www.inegi.org.mx/contenidos/masiva/denue/denue_22_csv.zip,2026-08-26 (DENUE version 2026-05-20),
S RIKO DE QUERETARO,S RIKO DE QUERETARO,326290,Fabricación de otros productos de hule,251 y más personas,El Marqués,Querétaro,BERNARDO QUINTANA,,,https://www.inegi.org.mx/contenidos/masiva/denue/denue_22_csv.zip,2026-08-26 (DENUE version 2026-05-20),
SAAR GUMMI MEXICO,SAAR GUMMI MEXICO,326290,Fabricación de otros productos de hule,251 y más personas,El Marqués,Querétaro,BERNARDO QUINTANA,,WWW.SAARGUMMI.COM,https://www.inegi.org.mx/contenidos/masiva/denue/denue_22_csv.zip,2026-08-26 (DENUE version 2026-05-20),
SAINT-GOBAIN PLAKA,SAINT-GOBAIN PLAKA,327420,Fabricación de yeso y productos de yeso,101 a 250 personas,Querétaro,Querétaro,PARQUE INDUSTRIAL QUERETARO,,WWW.PLAKA.COM.MX,https://www.inegi.org.mx/contenidos/masiva/denue/denue_22_csv.zip,2026-08-26 (DENUE version 2026-05-20),
SENOPLAST,SENOPLAST,326130,Fabricación de laminados de plástico rígido,251 y más personas,Querétaro,Querétaro,QUERETARO,,WWW.SENOPLAST.COM,https://www.inegi.org.mx/contenidos/masiva/denue/denue_22_csv.zip,2026-08-26 (DENUE version 2026-05-20),
SHAPE CORP MEXICO,SHAPE CORP MEXICO,326192,Fabricación de autopartes de plástico con y sin reforzamiento,251 y más personas,Querétaro,Querétaro,QUERETARO,4462119105,WWW.SHAPECORP.COM,https://www.inegi.org.mx/contenidos/masiva/denue/denue_22_csv.zip,2026-08-26 (DENUE version 2026-05-20),
SIEGFRIED RHEIN,SIEGFRIED RHEIN,325412,Fabricación de preparaciones farmacéuticas,251 y más personas,Querétaro,Querétaro,INDUSTRIAL BENITO JUAREZ,,WWW.SIEGFRIED.COM.MX,https://www.inegi.org.mx/contenidos/masiva/denue/denue_22_csv.zip,2026-08-26 (DENUE version 2026-05-20),
SIG COMBIBLOC MANUFACTURING MEXICO,SIG COMBIBLOC MANUFACTURING MEXICO,322210,Fabricación de envases de cartón,101 a 250 personas,Colón,Querétaro,AEROTECH QUERETARO,,SIG.VI2.COM,https://www.inegi.org.mx/contenidos/masiva/denue/denue_22_csv.zip,2026-08-26 (DENUE version 2026-05-20),
SIKA QUERETARO,SIKA MEXICANA,325520,Fabricación de adhesivos,101 a 250 personas,Corregidora,Querétaro,INDUSTRIAL BALVANERA,,MEX.SIKA.COM,https://www.inegi.org.mx/contenidos/masiva/denue/denue_22_csv.zip,2026-08-26 (DENUE version 2026-05-20),
SMURFIT KAPPA CORRUGADOS CULIACAN,SMURFIT KAPPA CARTON Y PAPEL DE MEXICO,322122,Fabricación de papel a partir de pulpa,101 a 250 personas,Querétaro,Querétaro,QUERETARO,,WWW.SMURFITKAPPA.COM,https://www.inegi.org.mx/contenidos/masiva/denue/denue_22_csv.zip,2026-08-26 (DENUE version 2026-05-20),
TARIMAS Y EMPAQUES SAN JUAN,TARIMAS Y EMPAQUES SAN JUAN,321999,Fabricación de otros productos de madera,101 a 250 personas,San Juan del Río,Querétaro,SAN PEDRO AHUACATLAN,4271223412,WWW.MAPLESACV.COM.MX,https://www.inegi.org.mx/contenidos/masiva/denue/denue_22_csv.zip,2026-08-26 (DENUE version 2026-05-20),
TECNOFARMA,TECNOFARMA,325412,Fabricación de preparaciones farmacéuticas,251 y más personas,San Juan del Río,Querétaro,NUEVO PARQUE INDUSTRIAL,5520955917,,https://www.inegi.org.mx/contenidos/masiva/denue/denue_22_csv.zip,2026-08-26 (DENUE version 2026-05-20),
TECNOSTAMPTRIULZI MEXICO,TECNOSTAMPTRIULZI MEXICO,326194,Fabricación de otros productos de plástico de uso industrial sin reforzamiento,101 a 250 personas,Querétaro,Querétaro,QUERETARO,4424469017,,https://www.inegi.org.mx/contenidos/masiva/denue/denue_22_csv.zip,2026-08-26 (DENUE version 2026-05-20),
TETRA PAK QUERETARO,TETRA PAK QUERETARO,322210,Fabricación de envases de cartón,251 y más personas,Corregidora,Querétaro,INDUSTRIAL BALVANERA,4422706040,WWW.TETRAPAK.COM,https://www.inegi.org.mx/contenidos/masiva/denue/denue_22_csv.zip,2026-08-26 (DENUE version 2026-05-20),
THE PLASTEK GROUP,INYECCIONES PLASTICAS DE QUERETARO,326193,Fabricación de envases y contenedores de plástico para embalaje con y sin reforzamiento,101 a 250 personas,Querétaro,Querétaro,QUERETARO,4423850567,WWW.PLASTEKGROUP.COM,https://www.inegi.org.mx/contenidos/masiva/denue/denue_22_csv.zip,2026-08-26 (DENUE version 2026-05-20),
THOMAS TONTEC,THOMAS TONTEC DE MEXICO,326194,Fabricación de otros productos de plástico de uso industrial sin reforzamiento,101 a 250 personas,Querétaro,Querétaro,BENITO JUAREZ,4424021457,,https://www.inegi.org.mx/contenidos/masiva/denue/denue_22_csv.zip,2026-08-26 (DENUE version 2026-05-20),
THOR QUIMICOS DE MEXICO,THOR QUIMICOS DE MEXICO,325999,Fabricación de otros productos químicos,251 y más personas,Pedro Escobedo,Querétaro,THOR QUÍMICOS DE MÉXICO,,,https://www.inegi.org.mx/contenidos/masiva/denue/denue_22_csv.zip,2026-08-26 (DENUE version 2026-05-20),
TOP LABEL,TOP LABEL,323119,Impresión de formas continuas y otros impresos,101 a 250 personas,Querétaro,Querétaro,BENITO JUAREZ,,WWW.TOPLABEL.COM.MX,https://www.inegi.org.mx/contenidos/masiva/denue/denue_22_csv.zip,2026-08-26 (DENUE version 2026-05-20),
TZINAPU,TZINAPU,327213,Fabricación de envases y ampolletas de vidrio,101 a 250 personas,Querétaro,Querétaro,BENITO JUAREZ,,WWW.TZINAPU.COM,https://www.inegi.org.mx/contenidos/masiva/denue/denue_22_csv.zip,2026-08-26 (DENUE version 2026-05-20),
ULTRA MANUFACTURING,ULTRA MANUFACTURING,326192,Fabricación de autopartes de plástico con y sin reforzamiento,251 y más personas,Querétaro,Querétaro,QUERETARO,4423519429,WWW.MICHELLPLASTICS.COM,https://www.inegi.org.mx/contenidos/masiva/denue/denue_22_csv.zip,2026-08-26 (DENUE version 2026-05-20),
VINILOS,VINILOS,322220,Fabricación de bolsas de papel y productos celulósicos recubiertos y tratados,101 a 250 personas,Querétaro,Querétaro,SAN PABLO TECNOLOGICO,,,https://www.inegi.org.mx/contenidos/masiva/denue/denue_22_csv.zip,2026-08-26 (DENUE version 2026-05-20),
VIÑOPLASTIC INYECCION,VIÑOPLASTIC INYECCION,326194,Fabricación de otros productos de plástico de uso industrial sin reforzamiento,251 y más personas,Querétaro,Querétaro,PARQUE INDUSTRIAL QUERETARO,,WWW.VINOPLASTIC.COM,https://www.inegi.org.mx/contenidos/masiva/denue/denue_22_csv.zip,2026-08-26 (DENUE version 2026-05-20),
WINDSOR MOLD,WINDSOR MOLD,326192,Fabricación de autopartes de plástico con y sin reforzamiento,251 y más personas,Querétaro,Querétaro,QUERETARO,4424755748,WWW.WINSORMOLDGROUP.COM,https://www.inegi.org.mx/contenidos/masiva/denue/denue_22_csv.zip,2026-08-26 (DENUE version 2026-05-20),
WOCO TECH DE MEXICO,WOCO TECH DE MEXICO,326290,Fabricación de otros productos de hule,251 y más personas,El Marqués,Querétaro,BERNARDO QUINTANA,,WWW.WOCOGROUP.COM,https://www.inegi.org.mx/contenidos/masiva/denue/denue_22_csv.zip,2026-08-26 (DENUE version 2026-05-20),
WYN DE MEXICO PRODUCTOS QUIMICOS,WYN DE MEXICO PRODUCTOS QUIMICOS,325211,Fabricación de resinas sintéticas,251 y más personas,El Marqués,Querétaro,BERNARDO QUINTANA,4422215182,WWW.WYNDEMEXICO.COM.MX,https://www.inegi.org.mx/contenidos/masiva/denue/denue_22_csv.zip,2026-08-26 (DENUE version 2026-05-20),
XELEX INDUSTRIAL,XELEX INDUSTRIAL,325620,"Fabricación de cosméticos, perfumes y otras preparaciones de tocador",101 a 250 personas,San Juan del Río,Querétaro,SAN JUAN DEL RIO,4271306860,,https://www.inegi.org.mx/contenidos/masiva/denue/denue_22_csv.zip,2026-08-26 (DENUE version 2026-05-20),
XOLOX,XOLOX,326192,Fabricación de autopartes de plástico con y sin reforzamiento,101 a 250 personas,Querétaro,Querétaro,BENITO JUAREZ,,WWW.XOLOX.COM.MX,https://www.inegi.org.mx/contenidos/masiva/denue/denue_22_csv.zip,2026-08-26 (DENUE version 2026-05-20),
YJ TECH CORPORATION,YJ TECH CORPORATION,326194,Fabricación de otros productos de plástico de uso industrial sin reforzamiento,101 a 250 personas,Colón,Querétaro,INDUSTRIA POINT PARQUE INDUSTRIAL,4423779943,,https://www.inegi.org.mx/contenidos/masiva/denue/denue_22_csv.zip,2026-08-26 (DENUE version 2026-05-20),
ZANINI DE MEXICO,ZANINI DE MEXICO,326192,Fabricación de autopartes de plástico con y sin reforzamiento,101 a 250 personas,El Marqués,Querétaro,FINSA,,WWW.ZANINI.COM,https://www.inegi.org.mx/contenidos/masiva/denue/denue_22_csv.zip,2026-08-26 (DENUE version 2026-05-20),
16 SIEMENS CORREGIDORA,SIEMENS,335311,Fabricación de motores y generadores eléctricos,251 y más personas,Corregidora,Querétaro,INDUSTRIAL BALVANERA,,WWW.SIEMENS.COM.MX,https://www.inegi.org.mx/contenidos/masiva/denue/denue_22_csv.zip,2026-08-26 (DENUE version 2026-05-20),
ACERLAN MATRIX METALS,ACERLAN MATRIX METALS,331510,Moldeo por fundición de piezas de hierro y acero,251 y más personas,San Juan del Río,Querétaro,VALLE DE ORO,5587689512,WWW.SANMARGROUP.COM,https://www.inegi.org.mx/contenidos/masiva/denue/denue_22_csv.zip,2026-08-26 (DENUE version 2026-05-20),
ACPS AUTOMOTIVE,AUTOMOTIVE CARRIER AND PROTECTION SYSTEMS MEXICO,336210,Fabricación de carrocerías y remolques,251 y más personas,Querétaro,Querétaro,PARQUE INDUSTRIAL QUERETARO,7711947550,WWW.AUTOMOTIVE.COM,https://www.inegi.org.mx/contenidos/masiva/denue/denue_22_csv.zip,2026-08-26 (DENUE version 2026-05-20),
ADIENT QUERETARO,ADIENT QUERETARO,336360,Fabricación de asientos y accesorios interiores para vehículos automotores,251 y más personas,El Marqués,Querétaro,VALLE ORIENTE,,ADIENT.COM,https://www.inegi.org.mx/contenidos/masiva/denue/denue_22_csv.zip,2026-08-26 (DENUE version 2026-05-20),
ADVANEX DE MEXICO,ADVANEX DE MEXICO,332610,"Fabricación de alambre, productos de alambre y resortes",101 a 250 personas,El Marqués,Querétaro,FINSA II,4411079460,WWW.ADVANEXMEXICO.COM,https://www.inegi.org.mx/contenidos/masiva/denue/denue_22_csv.zip,2026-08-26 (DENUE version 2026-05-20),
AERNNOVA AEROSPACE MEXICO,AERNNOVA AEROSPACE MEXICO,336410,Fabricación de equipo aeroespacial,101 a 250 personas,Querétaro,Querétaro,QUERETARO,4422794832,AERNNOVA.COM,https://www.inegi.org.mx/contenidos/masiva/denue/denue_22_csv.zip,2026-08-26 (DENUE version 2026-05-20),
AERNNOVA COMPONENTES MEXICO,AERNNOVA COMPONENTES MEXICO,336410,Fabricación de equipo aeroespacial,101 a 250 personas,Querétaro,Querétaro,QUERETARO,4422794832,AERNNOVA.COM,https://www.inegi.org.mx/contenidos/masiva/denue/denue_22_csv.zip,2026-08-26 (DENUE version 2026-05-20),
AGCO DE MEXICO,AGCO MEXICO,333111,Fabricación de maquinaria y equipo agrícola,101 a 250 personas,Corregidora,Querétaro,BALVANERA SECCIÓN SUR,,WWW.AGCOCORP.MX,https://www.inegi.org.mx/contenidos/masiva/denue/denue_22_csv.zip,2026-08-26 (DENUE version 2026-05-20),
AIRBUS HELICOPTERS MEXICO QUERETARO,AIRBUS HELICOPTERS MEXICO QUERETARO,336410,Fabricación de equipo aeroespacial,251 y más personas,Colón,Querétaro,AEROTECH,,,https://www.inegi.org.mx/contenidos/masiva/denue/denue_22_csv.zip,2026-08-26 (DENUE version 2026-05-20),
ALBANY SAFRAN COMPOSITES MEXICO,ALBANY SAFRAN COMPOSITES MEXICO,336410,Fabricación de equipo aeroespacial,101 a 250 personas,Colón,Querétaro,PARQUE AEROESPACIAL DE QUERETARO,,WWW.ALBINT.COM,https://www.inegi.org.mx/contenidos/masiva/denue/denue_22_csv.zip,2026-08-26 (DENUE version 2026-05-20),
ALPHA INDUSTRY QUERETARO,ALPHA INDUSTRY QUERETARO SA DE CV,332510,Fabricación de herrajes y cerraduras,251 y más personas,El Marqués,Querétaro,EL MARQUES,4422274600,WWW.ALPHA-QUERETARO.COM,https://www.inegi.org.mx/contenidos/masiva/denue/denue_22_csv.zip,2026-08-26 (DENUE version 2026-05-20),
AMD,AMD MAQUINARIA,333999,Fabricación de otra maquinaria y equipo para la industria en general,101 a 250 personas,Querétaro,Querétaro,JURICA,,WWW.AMDMAQUINARIA.COM,https://www.inegi.org.mx/contenidos/masiva/denue/denue_22_csv.zip,2026-08-26 (DENUE version 2026-05-20),
AMERICAN INDUSTRIES DE QUERETARO WKK,AMERICAN INDUSTRIES DE QUERETARO,334410,Fabricación de componentes electrónicos,251 y más personas,El Marqués,Querétaro,VYNMSA QUERETARO INDUSTRIAL PARK,,WWW.AMERICANINDUSTRIESGRUP.COM,https://www.inegi.org.mx/contenidos/masiva/denue/denue_22_csv.zip,2026-08-26 (DENUE version 2026-05-20),
AMERICAN MUFFLER,AMERICAN MUFFLER,336390,Fabricación de otras partes para vehículos automotrices,251 y más personas,El Marqués,Querétaro,AGRO INDUSTRIAL LA CRUZ,,WWW.AMEXHASUST.COM,https://www.inegi.org.mx/contenidos/masiva/denue/denue_22_csv.zip,2026-08-26 (DENUE version 2026-05-20),
AMQ,AUTOMANUFACTURAS DE QUERETARO,336370,Fabricación de piezas metálicas troqueladas para vehículos automotrices,101 a 250 personas,El Marqués,Querétaro,BERNARDO QUINTANA (PARQUE INDUSTRIAL),,WWW.AMQ.COM.MX,https://www.inegi.org.mx/contenidos/masiva/denue/denue_22_csv.zip,2026-08-26 (DENUE version 2026-05-20),
APEX TOOL GROUP MANUFACTURING MEXICO,APEX TOOL GROUP MANUFACTURING MEXICO,332211,Fabricación de herramientas de mano metálicas sin motor,251 y más personas,Querétaro,Querétaro,QUERETARO,4424751884,WWW.APEXTOOLGROUP.COM,https://www.inegi.org.mx/contenidos/masiva/denue/denue_22_csv.zip,2026-08-26 (DENUE version 2026-05-20),
ARNELECTRO ARNESES ELECTRICOS,ARNELECTRO,334410,Fabricación de componentes electrónicos,101 a 250 personas,San Juan del Río,Querétaro,SANTA CRUZ NIETO,,WWW.ARNELECTRO.CIM.MX,https://www.inegi.org.mx/contenidos/masiva/denue/denue_22_csv.zip,2026-08-26 (DENUE version 2026-05-20),
ARNESES ELECTRICOS AUTOMOTRICES,ARNESES ELECTRICOS AUTOMOTRICES,336320,Fabricación de equipo eléctrico y electrónico y sus partes para vehículos automotores,251 y más personas,Querétaro,Querétaro,PALMARES,,WWW.CONDUMEX.COM,https://www.inegi.org.mx/contenidos/masiva/denue/denue_22_csv.zip,2026-08-26 (DENUE version 2026-05-20),
ASIENTOS ESTEBAN MEXICO,ASIENTOS ESTEBAN MEXICO,336360,Fabricación de asientos y accesorios interiores para vehículos automotores,101 a 250 personas,El Marqués,Querétaro,BERNARDO QUINTANA,,,https://www.inegi.org.mx/contenidos/masiva/denue/denue_22_csv.zip,2026-08-26 (DENUE version 2026-05-20),
ASTEMO EL MARQUES,ASTEMO EL MARQUES,336340,Fabricación de partes de sistemas de frenos para vehículos automotrices,251 y más personas,El Marqués,Querétaro,FINSA,,,https://www.inegi.org.mx/contenidos/masiva/denue/denue_22_csv.zip,2026-08-26 (DENUE version 2026-05-20),
ASTEMO MEXICO,ASTEMO MEXICO,336330,Fabricación de partes de sistemas de dirección y de suspensión para vehículos automotrices,251 y más personas,Querétaro,Querétaro,PARQUE INDUSTRIAL QUERETARO,,,https://www.inegi.org.mx/contenidos/masiva/denue/denue_22_csv.zip,2026-08-26 (DENUE version 2026-05-20),
AURIA,MEXAURIA SOLUTIONS,336360,Fabricación de asientos y accesorios interiores para vehículos automotores,251 y más personas,El Marqués,Querétaro,BERNARDO QUINTANA,4422112200,,https://www.inegi.org.mx/contenidos/masiva/denue/denue_22_csv.zip,2026-08-26 (DENUE version 2026-05-20),
AUTO CAST MEXICO,AUTO CAST MEXICO,336370,Fabricación de piezas metálicas troqueladas para vehículos automotrices,101 a 250 personas,El Marqués,Querétaro,BERNARDO QUINTANA,,,https://www.inegi.org.mx/contenidos/masiva/denue/denue_22_csv.zip,2026-08-26 (DENUE version 2026-05-20),
AUTOLIV,AUTOLIV STEERING WHEELS MEXICO,336390,Fabricación de otras partes para vehículos automotrices,251 y más personas,El Marqués,Querétaro,PARQUE INDUSTRIAL EL MARQUÉS,,WWW.AUTOLIV.COM,https://www.inegi.org.mx/contenidos/masiva/denue/denue_22_csv.zip,2026-08-26 (DENUE version 2026-05-20),
AUTOLIV,AUTOLIV STEERING WHEELS MEXICO,336390,Fabricación de otras partes para vehículos automotrices,251 y más personas,El Marqués,Querétaro,PARQUE INDUSTRIAL ODONNELL AEROPUERTO,,WWW.AUTOLIV.COM,https://www.inegi.org.mx/contenidos/masiva/denue/denue_22_csv.zip,2026-08-26 (DENUE version 2026-05-20),
AZUL MARRON,AZUL MARRON,337110,Fabricación de cocinas integrales y muebles modulares de baño,251 y más personas,Querétaro,Querétaro,SAN ANTONIO DE LA PUNTA,4426048924,WWW.AZULMARRON.COM.MX,https://www.inegi.org.mx/contenidos/masiva/denue/denue_22_csv.zip,2026-08-26 (DENUE version 2026-05-20),
BALATRON INDUSTRIAL,BALATRON INDUSTRIAL,335131,Fabricación de focos,101 a 250 personas,Querétaro,Querétaro,JURICA,,,https://www.inegi.org.mx/contenidos/masiva/denue/denue_22_csv.zip,2026-08-26 (DENUE version 2026-05-20),
BALDWIN FILTERS,BALDWIN FILTERS,336390,Fabricación de otras partes para vehículos automotrices,101 a 250 personas,Colón,Querétaro,PARQUE INDUSTRIAL AEROPUERTO QUERETARO,,WWW.FILTROSBALDWIN.COM.MX,https://www.inegi.org.mx/contenidos/masiva/denue/denue_22_csv.zip,2026-08-26 (DENUE version 2026-05-20),
BALL BEVERAGE CAN AMERICAS,BALL BEVERAGE CAN AMERICAS,332430,Fabricación de envases metálicos de calibre ligero,101 a 250 personas,Querétaro,Querétaro,BENITO JUAREZ,4422368218,WWW.BALL.COM,https://www.inegi.org.mx/contenidos/masiva/denue/denue_22_csv.zip,2026-08-26 (DENUE version 2026-05-20),
BAOMARC AUTOMOTIVE SOLUTIONS MEXICO,BAOMARC AUTOMOTIVE SOLUTIONS MEXICO,336370,Fabricación de piezas metálicas troqueladas para vehículos automotrices,101 a 250 personas,Querétaro,Querétaro,QUERETARO,4421928500,WWW.BAOMARC.IT,https://www.inegi.org.mx/contenidos/masiva/denue/denue_22_csv.zip,2026-08-26 (DENUE version 2026-05-20),
BCS-AIS ENSAMBLES MEXICO,BCS-AIS ENSAMBLES MEXICO,336320,Fabricación de equipo eléctrico y electrónico y sus partes para vehículos automotores,251 y más personas,El Marqués,Querétaro,CARRETERA ESTATAL 431,,WWW.ABS-AIS.COM,https://www.inegi.org.mx/contenidos/masiva/denue/denue_22_csv.zip,2026-08-26 (DENUE version 2026-05-20),
BITRON DE MEXICO,BITRON DE MEXICO,336320,Fabricación de equipo eléctrico y electrónico y sus partes para vehículos automotores,251 y más personas,El Marqués,Querétaro,TECNOLOGICO INNOVACION QUERETARO,7711009839,WWW.BITRON.NET,https://www.inegi.org.mx/contenidos/masiva/denue/denue_22_csv.zip,2026-08-26 (DENUE version 2026-05-20),
BITRON DE MEXICO,BITRON DE MEXICO,336320,Fabricación de equipo eléctrico y electrónico y sus partes para vehículos automotores,251 y más personas,El Marqués,Querétaro,TECNOLOGICO E INNOVACION QUERETARO,,WWW.BITRON.NET,https://www.inegi.org.mx/contenidos/masiva/denue/denue_22_csv.zip,2026-08-26 (DENUE version 2026-05-20),
BMC MEXICO AUTO PARTS,BMC MEXICO AUTO PARTS,332110,Fabricación de productos metálicos forjados y troquelados,101 a 250 personas,Querétaro,Querétaro,PARQUE INDUSTRIAL QUERETARO,4151199545,,https://www.inegi.org.mx/contenidos/masiva/denue/denue_22_csv.zip,2026-08-26 (DENUE version 2026-05-20),
BOCAR GROUP,AUMA TEC,336390,Fabricación de otras partes para vehículos automotrices,251 y más personas,Querétaro,Querétaro,BENITO JUAREZ,,WWW.BOCAR.COM,https://www.inegi.org.mx/contenidos/masiva/denue/denue_22_csv.zip,2026-08-26 (DENUE version 2026-05-20),
BOMBARDIER AEROSPACE MEXICO,BOMBARDIER AEROSPACE MEXICO,336410,Fabricación de equipo aeroespacial,101 a 250 personas,El Marqués,Querétaro,EL MARQUES,,WWW.BOMBARDIER.COM,https://www.inegi.org.mx/contenidos/masiva/denue/denue_22_csv.zip,2026-08-26 (DENUE version 2026-05-20),
BOMBARDIER AEROSPACE MEXICO,BOMBARDIER AEROSPACE MEXICO,336410,Fabricación de equipo aeroespacial,251 y más personas,Colón,Querétaro,AEROESPACIAL DE QUERETARO,,WWW.BOMARDIER.COM,https://www.inegi.org.mx/contenidos/masiva/denue/denue_22_csv.zip,2026-08-26 (DENUE version 2026-05-20),
BOSAL MEXICO,BOSAL MEXICO,336390,Fabricación de otras partes para vehículos automotrices,251 y más personas,El Marqués,Querétaro,ODONNELL AEROPUERTO,,WWW.BOSAL.COM,https://www.inegi.org.mx/contenidos/masiva/denue/denue_22_csv.zip,2026-08-26 (DENUE version 2026-05-20),
BOSCH REXROTH,BOSCH REXROTH,333910,Fabricación de bombas y sistemas de bombeo,251 y más personas,Pedro Escobedo,Querétaro,EXETER CANTERA INDUSTRIAL PARK,,,https://www.inegi.org.mx/contenidos/masiva/denue/denue_22_csv.zip,2026-08-26 (DENUE version 2026-05-20),
BQ MACHINING,BQ MACHINING,331520,Moldeo por fundición de piezas metálicas no ferrosas,101 a 250 personas,Querétaro,Querétaro,BENITO JUAREZ,,,https://www.inegi.org.mx/contenidos/masiva/denue/denue_22_csv.zip,2026-08-26 (DENUE version 2026-05-20),
BROSE,BROSE MEXICO,336390,Fabricación de otras partes para vehículos automotrices,251 y más personas,Querétaro,Querétaro,BENITO JUAREZ,,WWW.BROSE.COM,https://www.inegi.org.mx/contenidos/masiva/denue/denue_22_csv.zip,2026-08-26 (DENUE version 2026-05-20),
BROSE,BROSE MEXICO,336390,Fabricación de otras partes para vehículos automotrices,251 y más personas,El Marqués,Querétaro,EL MARQUES,,WWW.BROSE.COM,https://www.inegi.org.mx/contenidos/masiva/denue/denue_22_csv.zip,2026-08-26 (DENUE version 2026-05-20),
BROSE,BROSE MEXICO,336390,Fabricación de otras partes para vehículos automotrices,101 a 250 personas,Querétaro,Querétaro,BENITO JUAREZ,,WWW.BROSE.COM,https://www.inegi.org.mx/contenidos/masiva/denue/denue_22_csv.zip,2026-08-26 (DENUE version 2026-05-20),
BROSE QUERETARO,BROSE QUERETARO,336360,Fabricación de asientos y accesorios interiores para vehículos automotores,251 y más personas,Colón,Querétaro,PARQUE INDUSTRIAL EL AEROTECH,,,https://www.inegi.org.mx/contenidos/masiva/denue/denue_22_csv.zip,2026-08-26 (DENUE version 2026-05-20),
BROVEDANI MEXICO,BROVEDANI MEXICO,336310,Fabricación de motores de gasolina y sus partes para vehículos automotrices,251 y más personas,Querétaro,Querétaro,QUERETARO,4424795375,,https://www.inegi.org.mx/contenidos/masiva/denue/denue_22_csv.zip,2026-08-26 (DENUE version 2026-05-20),
BRP QUERETARO,BRP QUERETARO,333610,"Fabricación de motores de combustión interna, turbinas y transmisiones",251 y más personas,Querétaro,Querétaro,QUERETARO,,WWW.BRP.COM,https://www.inegi.org.mx/contenidos/masiva/denue/denue_22_csv.zip,2026-08-26 (DENUE version 2026-05-20),
BTICINO DE MEXICO,BTICINO DE MEXICO,335930,"Fabricación de enchufes, contactos, fusibles y otros accesorios para instalaciones eléctricas",251 y más personas,Querétaro,Querétaro,BTICINO DE MEXICO,4428245540,WWW.BTICINO.COM,https://www.inegi.org.mx/contenidos/masiva/denue/denue_22_csv.zip,2026-08-26 (DENUE version 2026-05-20),
CARCOUSTICS,CARCOUSTICS INDUSTRIAL DE MEXICO,336370,Fabricación de piezas metálicas troqueladas para vehículos automotrices,251 y más personas,Corregidora,Querétaro,INDUSTRIAL BALVANERA,,WWW.CARCOUSTICS.COM,https://www.inegi.org.mx/contenidos/masiva/denue/denue_22_csv.zip,2026-08-26 (DENUE version 2026-05-20),
CENTERLINE MEXICO,CENTERLINE MEXICO,335312,Fabricación de equipo y aparatos de distribución de energía eléctrica,101 a 250 personas,Querétaro,Querétaro,QUERETARO,4461383671,WWW.CNTRLINE.COM,https://www.inegi.org.mx/contenidos/masiva/denue/denue_22_csv.zip,2026-08-26 (DENUE version 2026-05-20),
CENTRO DE TECNOLOGIA Y DESARROLLO MABE,CONTROLADORA MABE,335220,Fabricación de aparatos de línea blanca,251 y más personas,Querétaro,Querétaro,JURICA,4422114800,WWW.MABEGLOBAL.COM/ES_MX,https://www.inegi.org.mx/contenidos/masiva/denue/denue_22_csv.zip,2026-08-26 (DENUE version 2026-05-20),
CGR DE MEXICO,CGR DE MEXICO,332610,"Fabricación de alambre, productos de alambre y resortes",101 a 250 personas,Corregidora,Querétaro,INDUSTRIAL BALVANERA,4461390952,,https://www.inegi.org.mx/contenidos/masiva/denue/denue_22_csv.zip,2026-08-26 (DENUE version 2026-05-20),
CHABELY COMPONENTES,CHABELY COMPONENTES,332110,Fabricación de productos metálicos forjados y troquelados,101 a 250 personas,San Juan del Río,Querétaro,ESPIRITU SANTO,,,https://www.inegi.org.mx/contenidos/masiva/denue/denue_22_csv.zip,2026-08-26 (DENUE version 2026-05-20),
CHEERSSON QUERETARO PRECISION METALFORMING,CHEERSSON QUERETARO PRECISION METALFORMING,336370,Fabricación de piezas metálicas troqueladas para vehículos automotrices,251 y más personas,El Marqués,Querétaro,LA BOMBA,4423595239,WWW.CHEERSSON.COM,https://www.inegi.org.mx/contenidos/masiva/denue/denue_22_csv.zip,2026-08-26 (DENUE version 2026-05-20),
CLEVELAND DIE QUERETARO,CLEVELAND DIE QUERETARO,336330,Fabricación de partes de sistemas de dirección y de suspensión para vehículos automotrices,251 y más personas,Corregidora,Querétaro,INDUSTRIAL BALVANERA,,,https://www.inegi.org.mx/contenidos/masiva/denue/denue_22_csv.zip,2026-08-26 (DENUE version 2026-05-20),
CLIMATE SYSTEMS MEXICANA,CLIMATE SYSTEMS MEXICANA,336390,Fabricación de otras partes para vehículos automotrices,251 y más personas,El Marqués,Querétaro,PARQUE INDUSTRIAL EL MARQUES,,WWW.HANONSYSTEMS.COM,https://www.inegi.org.mx/contenidos/masiva/denue/denue_22_csv.zip,2026-08-26 (DENUE version 2026-05-20),
CNH COMPONENTES,CNH COMPONENTES,333111,Fabricación de maquinaria y equipo agrícola,251 y más personas,Querétaro,Querétaro,BENITO JUAREZ,,,https://www.inegi.org.mx/contenidos/masiva/denue/denue_22_csv.zip,2026-08-26 (DENUE version 2026-05-20),
CNH INDUSTRIAL,CNH INDUSTRIAL,333111,Fabricación de maquinaria y equipo agrícola,251 y más personas,Querétaro,Querétaro,BENITO JUAREZ,,WWW.CNHMEXICO.COM.MX,https://www.inegi.org.mx/contenidos/masiva/denue/denue_22_csv.zip,2026-08-26 (DENUE version 2026-05-20),
COMMOSA,CONSTRUCCIONES MOVILES Y MODULARES,336210,Fabricación de carrocerías y remolques,101 a 250 personas,El Marqués,Querétaro,EL MARQUES,4422563400,WWW.COMMOSA.COM,https://www.inegi.org.mx/contenidos/masiva/denue/denue_22_csv.zip,2026-08-26 (DENUE version 2026-05-20),
COMPAÑIA MEXICANA DE RADIOLOGIA CGR,COMPAÑIA MEXICANA DE RADIOLOGIA CGR,334519,"Fabricación de otros instrumentos de medición, control, navegación, y equipo médico electrónico",251 y más personas,El Marqués,Querétaro,LA NORIA,,WWW.CMR-RX.COM,https://www.inegi.org.mx/contenidos/masiva/denue/denue_22_csv.zip,2026-08-26 (DENUE version 2026-05-20),
COMPAÑIA NACIONAL DE EXHIBIDORES,COMPAÑIA NACIONAL DE EXHIBIDORES,337210,Fabricación de muebles de oficina y estantería,101 a 250 personas,San Juan del Río,Querétaro,VALLE DE ORO,4271526979,WWW.CONEXSA.COM.MX,https://www.inegi.org.mx/contenidos/masiva/denue/denue_22_csv.zip,2026-08-26 (DENUE version 2026-05-20),
COMPONENTES QUERETARO,CONTROLADORA MABE,335220,Fabricación de aparatos de línea blanca,251 y más personas,Querétaro,Querétaro,BENITO JUAREZ,4424266476,WWW.MABEGLOBAL.COM/ES_MX,https://www.inegi.org.mx/contenidos/masiva/denue/denue_22_csv.zip,2026-08-26 (DENUE version 2026-05-20),
CONDUMEX,CONDUMEX,334210,Fabricación de equipo telefónico,251 y más personas,San Juan del Río,Querétaro,VALLE DE ORO,,WWW.CONDUMEX.COM,https://www.inegi.org.mx/contenidos/masiva/denue/denue_22_csv.zip,2026-08-26 (DENUE version 2026-05-20),
CONDUMEX,CONDUMEX,334210,Fabricación de equipo telefónico,101 a 250 personas,San Juan del Río,Querétaro,VALLE DE ORO,,WWW.CONDUMEX.COM,https://www.inegi.org.mx/contenidos/masiva/denue/denue_22_csv.zip,2026-08-26 (DENUE version 2026-05-20),
CONSTRUCCIONES DEL BAJIO SP,CONSTRUCCIONES DEL BAJIO SP,332310,Fabricación de estructuras metálicas,101 a 250 personas,San Juan del Río,Querétaro,SAN JUAN DEL RIO,,WWW.SPCONSTRUCCIONES.COM,https://www.inegi.org.mx/contenidos/masiva/denue/denue_22_csv.zip,2026-08-26 (DENUE version 2026-05-20),
CONSTRUCCIONES METAL MECANICAS MEXICANAS,CONSTRUCCIONES METAL MECANICAS MEXICANAS,332310,Fabricación de estructuras metálicas,101 a 250 personas,San Juan del Río,Querétaro,SAN PEDRO AHUACATLAN,4272766096,WWW.ESTRUCTURASMETALICAS.COM.MX,https://www.inegi.org.mx/contenidos/masiva/denue/denue_22_csv.zip,2026-08-26 (DENUE version 2026-05-20),
CONTINENTAL AUTOMOTIVE GUADALAJARA MEXICO,CONTINENTAL AUTOMOTIVE GUADALAJARA MEXICO,336320,Fabricación de equipo eléctrico y electrónico y sus partes para vehículos automotores,251 y más personas,Querétaro,Querétaro,CENTRO SUR,,WWW.CONITNENTAL.COM/ES,https://www.inegi.org.mx/contenidos/masiva/denue/denue_22_csv.zip,2026-08-26 (DENUE version 2026-05-20),
COPPER CLAD,COPPER CLAD,335920,Fabricación de cables de conducción eléctrica,101 a 250 personas,Querétaro,Querétaro,QUERETARO,4424105245,WWW.COPPERCLAD.COM.MX,https://www.inegi.org.mx/contenidos/masiva/denue/denue_22_csv.zip,2026-08-26 (DENUE version 2026-05-20),
CORDAFLEX,CORDAFLEX,335920,Fabricación de cables de conducción eléctrica,251 y más personas,Corregidora,Querétaro,INDUSTRIAL BALVANERA,,WWW.CORDAFLEX.COM.MX,https://www.inegi.org.mx/contenidos/masiva/denue/denue_22_csv.zip,2026-08-26 (DENUE version 2026-05-20),
DANA CARDANES,DANA DE MEXICO CORPORACION,336350,Fabricación de partes de sistemas de transmisión para vehículos automotores,251 y más personas,Querétaro,Querétaro,BENITO JUAREZ,,WWW.DANA.COM,https://www.inegi.org.mx/contenidos/masiva/denue/denue_22_csv.zip,2026-08-26 (DENUE version 2026-05-20),
DANA CV COMPONENTES,DANA DE MEXICO CORPORACION,336350,Fabricación de partes de sistemas de transmisión para vehículos automotores,251 y más personas,Querétaro,Querétaro,BENITO JUAREZ,,WWW.DANA.COM,https://www.inegi.org.mx/contenidos/masiva/denue/denue_22_csv.zip,2026-08-26 (DENUE version 2026-05-20),
DANA DIVISION FORJAS,DANA DE MEXICO CORPORACION,336350,Fabricación de partes de sistemas de transmisión para vehículos automotores,251 y más personas,Querétaro,Querétaro,BENITO JUAREZ,,WWW.DANA.COM,https://www.inegi.org.mx/contenidos/masiva/denue/denue_22_csv.zip,2026-08-26 (DENUE version 2026-05-20),
DANA ENCO,DANA DE MEXICO CORPORACION,336350,Fabricación de partes de sistemas de transmisión para vehículos automotores,251 y más personas,Querétaro,Querétaro,BENITO JUAREZ,,WWW.DANA.COM,https://www.inegi.org.mx/contenidos/masiva/denue/denue_22_csv.zip,2026-08-26 (DENUE version 2026-05-20),
DANFOSS,DANFOSS POWER SOLUTIONS II,336390,Fabricación de otras partes para vehículos automotrices,251 y más personas,Querétaro,Querétaro,PARQUE INDUSTRIAL QUERETARO,,WWW.EATON.COM.MX,https://www.inegi.org.mx/contenidos/masiva/denue/denue_22_csv.zip,2026-08-26 (DENUE version 2026-05-20),
DANFOSS POWER SOLUTIONS,DANFOSS POWER SOLUTIONS,332910,Fabricación de válvulas metálicas,251 y más personas,Querétaro,Querétaro,SANTA ROSA JAUREGUI,,,https://www.inegi.org.mx/contenidos/masiva/denue/denue_22_csv.zip,2026-08-26 (DENUE version 2026-05-20),
DEACERO INDUSTRIAL QUERETARO I,DEACERO,332610,"Fabricación de alambre, productos de alambre y resortes",101 a 250 personas,Querétaro,Querétaro,POBLADO DE CHINACO,,WWW.DEACERO.COM,https://www.inegi.org.mx/contenidos/masiva/denue/denue_22_csv.zip,2026-08-26 (DENUE version 2026-05-20),
DIEHL CONTROLS MEXICO,DIEHL CONTROLS MEXICO,334410,Fabricación de componentes electrónicos,251 y más personas,El Marqués,Querétaro,CIMATARIO,,WWW.DIEHL.COM,https://www.inegi.org.mx/contenidos/masiva/denue/denue_22_csv.zip,2026-08-26 (DENUE version 2026-05-20),
DISEÑOS EXCLUSIVOS DE EXHIBIDORES,DISEÑOS EXCLUSIVOS DE EXHIBIDORES,337210,Fabricación de muebles de oficina y estantería,101 a 250 personas,Querétaro,Querétaro,NAVEX PARK,,,https://www.inegi.org.mx/contenidos/masiva/denue/denue_22_csv.zip,2026-08-26 (DENUE version 2026-05-20),
DIVISION WIPERS L17 VESTA1,VALEO SISTEMAS ELECTRICOS,336320,Fabricación de equipo eléctrico y electrónico y sus partes para vehículos automotores,251 y más personas,Querétaro,Querétaro,PARQUE INDUSTRIAL QUERETARO,,WWW.VALEO.COM,https://www.inegi.org.mx/contenidos/masiva/denue/denue_22_csv.zip,2026-08-26 (DENUE version 2026-05-20),
DK MEX,DK MEX,333412,Fabricación de equipo de refrigeración industrial y comercial,101 a 250 personas,El Marqués,Querétaro,BERNARDO QUINTANA,,,https://www.inegi.org.mx/contenidos/masiva/denue/denue_22_csv.zip,2026-08-26 (DENUE version 2026-05-20),
DR ENC,DR ENC,335220,Fabricación de aparatos de línea blanca,251 y más personas,Querétaro,Querétaro,QUERETARO,4424143280,DR-ENC.COM.MX,https://www.inegi.org.mx/contenidos/masiva/denue/denue_22_csv.zip,2026-08-26 (DENUE version 2026-05-20),
DURO DE MEXICO,DURO DE MEXICO,335131,Fabricación de focos,251 y más personas,Querétaro,Querétaro,QUERETARO,,WWW.DOROMEX.COM,https://www.inegi.org.mx/contenidos/masiva/denue/denue_22_csv.zip,2026-08-26 (DENUE version 2026-05-20),
EATON,BUSSMANN,335999,Fabricación de otros productos eléctricos,251 y más personas,Querétaro,Querétaro,QUERETARO,,WWW.EATON.COM.MX,https://www.inegi.org.mx/contenidos/masiva/denue/denue_22_csv.zip,2026-08-26 (DENUE version 2026-05-20),
ECKERLE DE MEXICO,ECKERLE DE MEXICO,336320,Fabricación de equipo eléctrico y electrónico y sus partes para vehículos automotores,251 y más personas,Querétaro,Querétaro,PARQUE INDUSTRIAL QUERETARO,4421694123,WWW.ECKERLE-GRUPPE.COM,https://www.inegi.org.mx/contenidos/masiva/denue/denue_22_csv.zip,2026-08-26 (DENUE version 2026-05-20),
EGO COMPONENTES ELECTRONICOS,EGO COMPONENTES ELECTRONICOS,334410,Fabricación de componentes electrónicos,251 y más personas,Querétaro,Querétaro,QUERETARO,4427717764,WWW.EGOPRODUCTS.COM,https://www.inegi.org.mx/contenidos/masiva/denue/denue_22_csv.zip,2026-08-26 (DENUE version 2026-05-20),
EIKA MEXICO,EIKA MEXICO,335999,Fabricación de otros productos eléctricos,251 y más personas,El Marqués,Querétaro,BERNARDO QUINTANA,,WWW.EIKAMEXICO.COM,https://www.inegi.org.mx/contenidos/masiva/denue/denue_22_csv.zip,2026-08-26 (DENUE version 2026-05-20),
ELECTRÓNICA CLARION,ELECTRONICA CLARION,334310,Fabricación de equipo de audio y de video,251 y más personas,San Juan del Río,Querétaro,VALLE DE ORO,,,https://www.inegi.org.mx/contenidos/masiva/denue/denue_22_csv.zip,2026-08-26 (DENUE version 2026-05-20),
ELICAMEX,ELICAMEX,335210,Fabricación de enseres electrodomésticos menores,251 y más personas,Querétaro,Querétaro,QUERETARO,,WWW.ELICA.COM,https://www.inegi.org.mx/contenidos/masiva/denue/denue_22_csv.zip,2026-08-26 (DENUE version 2026-05-20),
EMZ HANAUER DE MEXICO,EMZ HANAUER DE MEXICO,335220,Fabricación de aparatos de línea blanca,251 y más personas,El Marqués,Querétaro,EL MARQUES,,,https://www.inegi.org.mx/contenidos/masiva/denue/denue_22_csv.zip,2026-08-26 (DENUE version 2026-05-20),
EQ STAMPI,EQUSA,333510,Fabricación de maquinaria y equipo para la industria metalmecánica,101 a 250 personas,Huimilpan,Querétaro,PYME,5554059788,EQUSA.COM.MX,https://www.inegi.org.mx/contenidos/masiva/denue/denue_22_csv.zip,2026-08-26 (DENUE version 2026-05-20),
EUROTRANCIATURA MEXICO,EUROTRANCIATURA MEXICO,336370,Fabricación de piezas metálicas troqueladas para vehículos automotrices,251 y más personas,Querétaro,Querétaro,QUERETARO,4421791015,WWW.MX-EUROTRANCIATURA.COM,https://www.inegi.org.mx/contenidos/masiva/denue/denue_22_csv.zip,2026-08-26 (DENUE version 2026-05-20),
FABRICA DE PEZAS PARA VEICULOS SHANGHAI AUTOMOVILE AIR CONDITONER ACCESORIES DE MEXICO,SHANGHAI AUTOMOVILE AIR CONDITONER ACCESORIES DE MEXICO,334410,Fabricación de componentes electrónicos,101 a 250 personas,El Marqués,Querétaro,VIE VERTE QUERETARO,,,https://www.inegi.org.mx/contenidos/masiva/denue/denue_22_csv.zip,2026-08-26 (DENUE version 2026-05-20),
"FABRICACIÓN DE ALAMBRE, PRODUCTOS DE ALAMBRE Y RESORTES SIN NOMBRE",,332610,"Fabricación de alambre, productos de alambre y resortes",101 a 250 personas,El Marqués,Querétaro,O DONNELL AEROPUERTO,,WWW.LIBERTYSPRING.COM,https://www.inegi.org.mx/contenidos/masiva/denue/denue_22_csv.zip,2026-08-26 (DENUE version 2026-05-20),
FABRICANTES LAZZI DE MEXICO,FABRICANTES LAZZI DE MEXICO,337120,"Fabricación de muebles, excepto cocinas integrales, muebles modulares de baño y muebles de oficina y estantería",101 a 250 personas,Tequisquiapan,Querétaro,COMUNIDAD BORDO BLANCO,,,https://www.inegi.org.mx/contenidos/masiva/denue/denue_22_csv.zip,2026-08-26 (DENUE version 2026-05-20),
FAMEP,FAMEP,332310,Fabricación de estructuras metálicas,101 a 250 personas,San Juan del Río,Querétaro,PUERTA DE PALMILLAS,,,https://www.inegi.org.mx/contenidos/masiva/denue/denue_22_csv.zip,2026-08-26 (DENUE version 2026-05-20),
FANASA,FANASA,332110,Fabricación de productos metálicos forjados y troquelados,101 a 250 personas,El Marqués,Querétaro,ODONNELL AEROPUERTO INTERNACIONAL QUERETARO FASE 5,,WWW.FANASA.COM.MX,https://www.inegi.org.mx/contenidos/masiva/denue/denue_22_csv.zip,2026-08-26 (DENUE version 2026-05-20),
FAURECIA SISTEMAS AUTOMOTRICES DE MEXICO,FAURECIA SISTEMAS AUTOMOTRICES DE MEXICO,336360,Fabricación de asientos y accesorios interiores para vehículos automotores,101 a 250 personas,Querétaro,Querétaro,BENITO JUAREZ,,,https://www.inegi.org.mx/contenidos/masiva/denue/denue_22_csv.zip,2026-08-26 (DENUE version 2026-05-20),
FEDERAL MOGUL SP MEXICO,FEDERAL MOGUL SP MEXICO,336390,Fabricación de otras partes para vehículos automotrices,101 a 250 personas,Querétaro,Querétaro,PARQUE INDUSTRIAL QUERETARO,,WWW.TENNECO.COM,https://www.inegi.org.mx/contenidos/masiva/denue/denue_22_csv.zip,2026-08-26 (DENUE version 2026-05-20),
FEG DE QUERETARO,FEG DE QUERETARO,332110,Fabricación de productos metálicos forjados y troquelados,251 y más personas,Querétaro,Querétaro,PARQUE INDUSTRIAL QUERETARO,4424113149,WWW.FEGQ.COM,https://www.inegi.org.mx/contenidos/masiva/denue/denue_22_csv.zip,2026-08-26 (DENUE version 2026-05-20),
FGR PROYECTOS INTEGRALES E INDUSTRIALES,FGR PROYECTOS INTEGRALES E INDUSTRIALES,332310,Fabricación de estructuras metálicas,251 y más personas,Querétaro,Querétaro,COLINAS DE SANTA CRUZ,,WWW.FGRPROYECTOS.COM.MX,https://www.inegi.org.mx/contenidos/masiva/denue/denue_22_csv.zip,2026-08-26 (DENUE version 2026-05-20),
FORSCHNER MEXICO,FORSCHNER MEXICO,336320,Fabricación de equipo eléctrico y electrónico y sus partes para vehículos automotores,101 a 250 personas,El Marqués,Querétaro,PARQUE TECNOLOGICO INNOVACION QUERETARO,4425615849,WWW.FORSCHNER.COM,https://www.inegi.org.mx/contenidos/masiva/denue/denue_22_csv.zip,2026-08-26 (DENUE version 2026-05-20),
FRENOS Y MECANISMOS,FRENOS Y MECANISMOS,336340,Fabricación de partes de sistemas de frenos para vehículos automotrices,251 y más personas,Querétaro,Querétaro,PARQUE INDUSTRIAL QUERETARO,,,https://www.inegi.org.mx/contenidos/masiva/denue/denue_22_csv.zip,2026-08-26 (DENUE version 2026-05-20),
FRENOS Y MECANISMOS,FRENOS Y MECANISMOS,336340,Fabricación de partes de sistemas de frenos para vehículos automotrices,251 y más personas,Querétaro,Querétaro,QUERETARO,,,https://www.inegi.org.mx/contenidos/masiva/denue/denue_22_csv.zip,2026-08-26 (DENUE version 2026-05-20),
FRENOS Y MECANISMOS,FRENOS Y MECANISMOS,336340,Fabricación de partes de sistemas de frenos para vehículos automotrices,251 y más personas,Colón,Querétaro,PARQUE INDUSTRIAL AEROPUERTO,,,https://www.inegi.org.mx/contenidos/masiva/denue/denue_22_csv.zip,2026-08-26 (DENUE version 2026-05-20),
FRIGUS BOHN,FRIGUS BOHN,333412,Fabricación de equipo de refrigeración industrial y comercial,251 y más personas,Querétaro,Querétaro,BENITO JUAREZ,,WWW.BOHN.MX,https://www.inegi.org.mx/contenidos/masiva/denue/denue_22_csv.zip,2026-08-26 (DENUE version 2026-05-20),
FULLTECH CASTING DE MEXICO,FULLTECH CASTING DE MEXICO,333510,Fabricación de maquinaria y equipo para la industria metalmecánica,251 y más personas,El Marqués,Querétaro,PARQUE INDUSTRIAL LA BOMBA,,,https://www.inegi.org.mx/contenidos/masiva/denue/denue_22_csv.zip,2026-08-26 (DENUE version 2026-05-20),
GALNIK,GALNIK,332810,Recubrimientos y terminados metálicos,101 a 250 personas,Querétaro,Querétaro,BENITO JUAREZ,,WWW.GALNIK.COM,https://www.inegi.org.mx/contenidos/masiva/denue/denue_22_csv.zip,2026-08-26 (DENUE version 2026-05-20),
GG CABLES AND WIRES MÉXICO,GG CABLES AND WIRES MEXICO,334410,Fabricación de componentes electrónicos,251 y más personas,San Juan del Río,Querétaro,NUEVO SAN JUAN,,WWW.GRILLER.COM,https://www.inegi.org.mx/contenidos/masiva/denue/denue_22_csv.zip,2026-08-26 (DENUE version 2026-05-20),
GG MANUFACTURING,GG MANUFACTURING,336370,Fabricación de piezas metálicas troqueladas para vehículos automotrices,101 a 250 personas,Querétaro,Querétaro,BENITO JUAREZ,,,https://www.inegi.org.mx/contenidos/masiva/denue/denue_22_csv.zip,2026-08-26 (DENUE version 2026-05-20),
GLN MEXICO,GLN MEXICO,333242,Fabricación de maquinaria y equipo para la industria del hule y del plástico,101 a 250 personas,Colón,Querétaro,PARQUE INDUSTRIAL AEROPUERTO QUERETARO,4422006879,,https://www.inegi.org.mx/contenidos/masiva/denue/denue_22_csv.zip,2026-08-26 (DENUE version 2026-05-20),
GOTEC AUTOMOTIVE MEXICO,GOTEC AUTOMOTIVE MEXICO,332810,Recubrimientos y terminados metálicos,101 a 250 personas,Colón,Querétaro,PARQUE INDUSTRIAL AEROPUERTO QUERETARO,,,https://www.inegi.org.mx/contenidos/masiva/denue/denue_22_csv.zip,2026-08-26 (DENUE version 2026-05-20),
GRAMMER AUTOMOTIVE PUEBLA,GRAMMER AUTOMOTIVE PUEBLA,336360,Fabricación de asientos y accesorios interiores para vehículos automotores,251 y más personas,Querétaro,Querétaro,BENITO JUÁREZ,,,https://www.inegi.org.mx/contenidos/masiva/denue/denue_22_csv.zip,2026-08-26 (DENUE version 2026-05-20),
GRC AUTOPARTES,RIDE CONTROL MEXICANA,336330,Fabricación de partes de sistemas de dirección y de suspensión para vehículos automotrices,251 y más personas,El Marqués,Querétaro,O DONNELL AEROPUERTO,,WWW.GRCAUTOPARTES.COM.MX,https://www.inegi.org.mx/contenidos/masiva/denue/denue_22_csv.zip,2026-08-26 (DENUE version 2026-05-20),
GREENKOTE,INDUSTRIAL POWDER COATINGS DE MEXICO,332810,Recubrimientos y terminados metálicos,101 a 250 personas,Querétaro,Querétaro,PARQUE INDUSTRIAL QUERETARO,4423454571,WWW.GREENKOTE.COM,https://www.inegi.org.mx/contenidos/masiva/denue/denue_22_csv.zip,2026-08-26 (DENUE version 2026-05-20),
GRUPO AMERISTEEL,GRUPO AMERISTEEL,332310,Fabricación de estructuras metálicas,251 y más personas,Querétaro,Querétaro,MILENIO I I I,5588061872,WWW.GRUPOAMERISTEEL.COM,https://www.inegi.org.mx/contenidos/masiva/denue/denue_22_csv.zip,2026-08-26 (DENUE version 2026-05-20),
GRUPO ETU,ESPECIALISTAS EN TURBOPARTES,332710,Maquinado de piezas metálicas para maquinaria y equipo en general,101 a 250 personas,Querétaro,Querétaro,INDUSTRIAL SAN PEDRITO PEÑUELAS,,WWW.ETU.MX,https://www.inegi.org.mx/contenidos/masiva/denue/denue_22_csv.zip,2026-08-26 (DENUE version 2026-05-20),
GRUPO MANUFACTURERO INDUSTRIAL GMI,GRUPO MANUFACTURERO INDUSTRIAL GMI,332310,Fabricación de estructuras metálicas,101 a 250 personas,San Juan del Río,Querétaro,VALLE DE ORO,5512886596,WWW.GMI.COM.MX,https://www.inegi.org.mx/contenidos/masiva/denue/denue_22_csv.zip,2026-08-26 (DENUE version 2026-05-20),
GUHRING MEXICANA,GUHRING MEXICANA,333510,Fabricación de maquinaria y equipo para la industria metalmecánica,251 y más personas,El Marqués,Querétaro,PARQUE TECNOLOGICO INNOVACION,,WWW.GUHRINGMEXICANA.COM,https://www.inegi.org.mx/contenidos/masiva/denue/denue_22_csv.zip,2026-08-26 (DENUE version 2026-05-20),
HARADA INDUSTRIES MEXICO,HARADA INDUSTRIES MEXICO,334220,"Fabricación de equipo de transmisión y recepción de señales de radio y televisión, y equipo de comunicación inalámbrico",251 y más personas,San Juan del Río,Querétaro,VALLE DE ORO,,,https://www.inegi.org.mx/contenidos/masiva/denue/denue_22_csv.zip,2026-08-26 (DENUE version 2026-05-20),
HARMAN DE MEXICO,HARMAN DE MEXICO,334310,Fabricación de equipo de audio y de video,251 y más personas,Querétaro,Querétaro,PARQUE INDUSTRIAL QUERETARO,,WWW.HARMAN.COM,https://www.inegi.org.mx/contenidos/masiva/denue/denue_22_csv.zip,2026-08-26 (DENUE version 2026-05-20),
HARMAN DE MEXICO,HARMAN DE MEXICO,334310,Fabricación de equipo de audio y de video,251 y más personas,Querétaro,Querétaro,QUERETARO,,WWW.HARMAN.COM,https://www.inegi.org.mx/contenidos/masiva/denue/denue_22_csv.zip,2026-08-26 (DENUE version 2026-05-20),
HATCH STAMPING DE MEXICO,HATCH STAMPING DE MEXICO,336370,Fabricación de piezas metálicas troqueladas para vehículos automotrices,101 a 250 personas,El Marqués,Querétaro,EL MARQUES,,WWW.HATCHSTAMPING.COM,https://www.inegi.org.mx/contenidos/masiva/denue/denue_22_csv.zip,2026-08-26 (DENUE version 2026-05-20),
HAYAKAWA ELECTRONICS DE MEXICO,HAYAKAWA ELECTRONICS DE MEXICO,336320,Fabricación de equipo eléctrico y electrónico y sus partes para vehículos automotores,251 y más personas,Querétaro,Querétaro,BENITO JUAREZ,,WWW.HAYAKAWAMEXICO.COM,https://www.inegi.org.mx/contenidos/masiva/denue/denue_22_csv.zip,2026-08-26 (DENUE version 2026-05-20),
HC QUERETARO,HC QUERETARO,336340,Fabricación de partes de sistemas de frenos para vehículos automotrices,251 y más personas,El Marqués,Querétaro,EL MARQUES,,,https://www.inegi.org.mx/contenidos/masiva/denue/denue_22_csv.zip,2026-08-26 (DENUE version 2026-05-20),
HI LEX MEXICANA,HI-LEX MEXICANA,336390,Fabricación de otras partes para vehículos automotrices,251 y más personas,Querétaro,Querétaro,AV PEÑUELAS,,WWW.HI-LEX.COM.MX,https://www.inegi.org.mx/contenidos/masiva/denue/denue_22_csv.zip,2026-08-26 (DENUE version 2026-05-20),
HI LEX MEXICANA,HI-LEX MEXICANA,336390,Fabricación de otras partes para vehículos automotrices,251 y más personas,El Marqués,Querétaro,EL MARQUES,,WWW.HI-LEX.COM.MX,https://www.inegi.org.mx/contenidos/masiva/denue/denue_22_csv.zip,2026-08-26 (DENUE version 2026-05-20),
HIRSCHVOGEL COMPONENTS MEXICO,HIRSCHVOGEL COMPONENTS MEXICO,336350,Fabricación de partes de sistemas de transmisión para vehículos automotores,251 y más personas,San Juan del Río,Querétaro,NUEVO PARQUE INDUSTRIAL,,WWW.HIRSCHVOGEL.COM,https://www.inegi.org.mx/contenidos/masiva/denue/denue_22_csv.zip,2026-08-26 (DENUE version 2026-05-20),
HK DA,HK DA,333412,Fabricación de equipo de refrigeración industrial y comercial,101 a 250 personas,Querétaro,Querétaro,SANTA  ROSA DE JAUREGUI,,,https://www.inegi.org.mx/contenidos/masiva/denue/denue_22_csv.zip,2026-08-26 (DENUE version 2026-05-20),
HK DONG A,HK DONG A,334410,Fabricación de componentes electrónicos,251 y más personas,Huimilpan,Querétaro,PYME,5540848314,,https://www.inegi.org.mx/contenidos/masiva/denue/denue_22_csv.zip,2026-08-26 (DENUE version 2026-05-20),
HYUNBO,HYUNBO,336390,Fabricación de otras partes para vehículos automotrices,251 y más personas,El Marqués,Querétaro,LA NORIA,4423514932,WWW.HYUNBO.COM,https://www.inegi.org.mx/contenidos/masiva/denue/denue_22_csv.zip,2026-08-26 (DENUE version 2026-05-20),
IMBERA,IMBERA,333412,Fabricación de equipo de refrigeración industrial y comercial,251 y más personas,San Juan del Río,Querétaro,VALLE DE ORO,4271632163,WWW.IMBERACOOLING.COM.MX,https://www.inegi.org.mx/contenidos/masiva/denue/denue_22_csv.zip,2026-08-26 (DENUE version 2026-05-20),
IMM INOX MARKET MESSICO,IMM INOX MARKET MESSICO,332810,Recubrimientos y terminados metálicos,101 a 250 personas,Querétaro,Querétaro,QUERETARO,,WWW.INOXMARKETMESSICO.COM.MX,https://www.inegi.org.mx/contenidos/masiva/denue/denue_22_csv.zip,2026-08-26 (DENUE version 2026-05-20),
INDUSTRIAS MONTACARGAS CROWN,INDUSTRIAS MONTACARGAS,333920,Fabricación de maquinaria y equipo para levantar y trasladar,251 y más personas,Querétaro,Querétaro,INDUSTRIAL BENITO JUAREZ,4423240786,WWW.CROWN.COM,https://www.inegi.org.mx/contenidos/masiva/denue/denue_22_csv.zip,2026-08-26 (DENUE version 2026-05-20),
INDUSTRIAS MONTACARGAS CROWN,INDUSTRIAS MONTACARGAS,333920,Fabricación de maquinaria y equipo para levantar y trasladar,251 y más personas,Querétaro,Querétaro,PARQUE INDUSTRIAL QUERETARO,4423240786,WWW.CROWN.COM,https://www.inegi.org.mx/contenidos/masiva/denue/denue_22_csv.zip,2026-08-26 (DENUE version 2026-05-20),
INDUSTRIAS MONTACARGAS CROWN,INDUSTRIAS MONTACARGAS,333920,Fabricación de maquinaria y equipo para levantar y trasladar,101 a 250 personas,Querétaro,Querétaro,POLIGONO EMPRESARIAL SANTA ROSA JAUREGUI,4423240786,WWW.CROWN.COM,https://www.inegi.org.mx/contenidos/masiva/denue/denue_22_csv.zip,2026-08-26 (DENUE version 2026-05-20),
INDUX,INDUX,332999,Fabricación de otros productos metálicos,251 y más personas,El Marqués,Querétaro,AGROINDUSTRIAL LA CRUZ,5530175288,WWW.INDUX.COM.MX,https://www.inegi.org.mx/contenidos/masiva/denue/denue_22_csv.zip,2026-08-26 (DENUE version 2026-05-20),
INLAND TRAILER,INLAND TRAILER,336210,Fabricación de carrocerías y remolques,101 a 250 personas,El Marqués,Querétaro,EL MARQUES,,WWW.INLANDTRAILERS.COM,https://www.inegi.org.mx/contenidos/masiva/denue/denue_22_csv.zip,2026-08-26 (DENUE version 2026-05-20),
INTEGRITY TOOL AND MOLD DE MEXICO,INTEGRITY TOOL AND MOLD DE MEXICO,333510,Fabricación de maquinaria y equipo para la industria metalmecánica,251 y más personas,El Marqués,Querétaro,PARQUE INDUSTRIAL EL MARQUÉS,,WWW.INTEGRITYTOOLANDMOLD.COM,https://www.inegi.org.mx/contenidos/masiva/denue/denue_22_csv.zip,2026-08-26 (DENUE version 2026-05-20),
INYECCIONES Y SOPLADO KOMPALKA,INYECCIONES Y SOPLADO KOMPALKA,333242,Fabricación de maquinaria y equipo para la industria del hule y del plástico,251 y más personas,Querétaro,Querétaro,MONTENEGRO,,,https://www.inegi.org.mx/contenidos/masiva/denue/denue_22_csv.zip,2026-08-26 (DENUE version 2026-05-20),
IRIZAR MEXICO,IRIZAR MEXICO,336120,Fabricación de camiones y tractocamiones,251 y más personas,El Marqués,Querétaro,BERNARDO QUINTANA,4422732914,WWW.IRIZAR.COM.MX,https://www.inegi.org.mx/contenidos/masiva/denue/denue_22_csv.zip,2026-08-26 (DENUE version 2026-05-20),
ISHIMITSU INDUSTRY MEXICO,ISHIMITSU INDUSTRY MEXICO,336310,Fabricación de motores de gasolina y sus partes para vehículos automotrices,101 a 250 personas,Querétaro,Querétaro,QUERETARO,,,https://www.inegi.org.mx/contenidos/masiva/denue/denue_22_csv.zip,2026-08-26 (DENUE version 2026-05-20),
ITA,INDUSTRIA DE TUBERIAS AERONAUTICAS DE MEXICO,336410,Fabricación de equipo aeroespacial,251 y más personas,Querétaro,Querétaro,BENITO JUAREZ,,WWW.ITPAERO.COM,https://www.inegi.org.mx/contenidos/masiva/denue/denue_22_csv.zip,2026-08-26 (DENUE version 2026-05-20),
ITP INGENIERIA Y FABRICACION,ITP INGENIERIA Y FABRICACION,336410,Fabricación de equipo aeroespacial,251 y más personas,Querétaro,Querétaro,BENITO JUAREZ,,WWW.ITPAERO.COM,https://www.inegi.org.mx/contenidos/masiva/denue/denue_22_csv.zip,2026-08-26 (DENUE version 2026-05-20),
ITP MEXICO FABRICACION,ITP MEXICO FABRICACION,336410,Fabricación de equipo aeroespacial,251 y más personas,Querétaro,Querétaro,BENITO JUAREZ,,WWW.ITPAEREO.COM,https://www.inegi.org.mx/contenidos/masiva/denue/denue_22_csv.zip,2026-08-26 (DENUE version 2026-05-20),
JAZA INGENIERIA,JAZA INGENIERIA,332310,Fabricación de estructuras metálicas,101 a 250 personas,El Marqués,Querétaro,TECNOLOGICO INNOVACION,4421229417,WWW.JAZA.COM.MX,https://www.inegi.org.mx/contenidos/masiva/denue/denue_22_csv.zip,2026-08-26 (DENUE version 2026-05-20),
JB TECNICS MEXICO,JB TECNICS MEXICO,339112,Fabricación de material desechable de uso médico,101 a 250 personas,El Marqués,Querétaro,EL MARQUES,4422431244,WWW.GROUPEJBT.COM,https://www.inegi.org.mx/contenidos/masiva/denue/denue_22_csv.zip,2026-08-26 (DENUE version 2026-05-20),
JOHNSON MATTHEY DE MÉXICO,JOHNSON MATTHEY DE MEXICO,336390,Fabricación de otras partes para vehículos automotrices,251 y más personas,El Marqués,Querétaro,BERNARDO QUINTANA,,WWW.MATTHEY.COM,https://www.inegi.org.mx/contenidos/masiva/denue/denue_22_csv.zip,2026-08-26 (DENUE version 2026-05-20),
KERN LIEBERS MEXICO,KERN LIEBERS MEXICO,332110,Fabricación de productos metálicos forjados y troquelados,251 y más personas,El Marqués,Querétaro,O DONNELL AEROPUERTO,,WWW.KERN-LIEBERS.COM,https://www.inegi.org.mx/contenidos/masiva/denue/denue_22_csv.zip,2026-08-26 (DENUE version 2026-05-20),
KIM TECK,KIM TECK,331510,Moldeo por fundición de piezas de hierro y acero,251 y más personas,Querétaro,Querétaro,QUERETARO,,,https://www.inegi.org.mx/contenidos/masiva/denue/denue_22_csv.zip,2026-08-26 (DENUE version 2026-05-20),
KIRCHHOFF AUTOMOTIVE MEXICO,KIRCHHOFF AUTOMOTIVE MEXICO,336370,Fabricación de piezas metálicas troqueladas para vehículos automotrices,251 y más personas,Querétaro,Querétaro,QUERETARO,,WWW.KIRCHHOFF-AUTOMOTIVE.COM/ES,https://www.inegi.org.mx/contenidos/masiva/denue/denue_22_csv.zip,2026-08-26 (DENUE version 2026-05-20),
KOSTAL,KOSTAL ELECTRO MOBILITY MEXICANA,334410,Fabricación de componentes electrónicos,101 a 250 personas,Querétaro,Querétaro,PARQUE INDUSTRIAL FINSA,,,https://www.inegi.org.mx/contenidos/masiva/denue/denue_22_csv.zip,2026-08-26 (DENUE version 2026-05-20),
KOSTAL MEXICANA,KOSTAL MEXICANA,336320,Fabricación de equipo eléctrico y electrónico y sus partes para vehículos automotores,101 a 250 personas,Querétaro,Querétaro,QUERETARO,,WWW.KOSTAL-KONTAKT-SYSTEME.COM,https://www.inegi.org.mx/contenidos/masiva/denue/denue_22_csv.zip,2026-08-26 (DENUE version 2026-05-20),
KOSTAL MEXICANA,KOSTAL MEXICANA,336320,Fabricación de equipo eléctrico y electrónico y sus partes para vehículos automotores,251 y más personas,Querétaro,Querétaro,INDUSTRIAL BENITO JUAREZ,,WWW.KOSTAL-KONTAKT-SYSTEME.COM,https://www.inegi.org.mx/contenidos/masiva/denue/denue_22_csv.zip,2026-08-26 (DENUE version 2026-05-20),
KSB DE MEXICO,KSB DE MEXICO,333910,Fabricación de bombas y sistemas de bombeo,101 a 250 personas,Querétaro,Querétaro,PEÑUELAS,,WWW.KSB.COM,https://www.inegi.org.mx/contenidos/masiva/denue/denue_22_csv.zip,2026-08-26 (DENUE version 2026-05-20),
KURASHIKI KAKO MEXICANA,KURASHIKI KAKO MEXICANA,336330,Fabricación de partes de sistemas de dirección y de suspensión para vehículos automotrices,101 a 250 personas,Querétaro,Querétaro,QUERÉTARO,4423155152,WWW.KURASHI.COM.JP,https://www.inegi.org.mx/contenidos/masiva/denue/denue_22_csv.zip,2026-08-26 (DENUE version 2026-05-20),
LAMTEC MEXICO,LAMTEC MEXICO,336370,Fabricación de piezas metálicas troqueladas para vehículos automotrices,101 a 250 personas,El Marqués,Querétaro,TECNOLOGICO INNOVACION,,WWW.LAMLTD.CA,https://www.inegi.org.mx/contenidos/masiva/denue/denue_22_csv.zip,2026-08-26 (DENUE version 2026-05-20),
LAUAK AEROSPACE MEXICO,LAUAK AEROSPACE MEXICO,336410,Fabricación de equipo aeroespacial,101 a 250 personas,El Marqués,Querétaro,VYNMSA QUERETARO INDUSTRIAL PARK,4425003013,WWW.LAUARK.COM,https://www.inegi.org.mx/contenidos/masiva/denue/denue_22_csv.zip,2026-08-26 (DENUE version 2026-05-20),
LBQ FOUNDRY,LBQ FOUNDRY,336310,Fabricación de motores de gasolina y sus partes para vehículos automotrices,251 y más personas,Querétaro,Querétaro,BENITO JUAREZ,,,https://www.inegi.org.mx/contenidos/masiva/denue/denue_22_csv.zip,2026-08-26 (DENUE version 2026-05-20),
LG,LG INNOTEK MEXICO,336310,Fabricación de motores de gasolina y sus partes para vehículos automotrices,251 y más personas,San Juan del Río,Querétaro,SAN JUAN,,WWW.LGINNOTEK.COM,https://www.inegi.org.mx/contenidos/masiva/denue/denue_22_csv.zip,2026-08-26 (DENUE version 2026-05-20),
MACOSA,MANUFACTURAS Y ALEACIONES DE COBRE,333991,Fabricación de equipo para soldar y soldaduras,101 a 250 personas,Querétaro,Querétaro,BENITO JUAREZ,,WWW.MACOSA.ORG,https://www.inegi.org.mx/contenidos/masiva/denue/denue_22_csv.zip,2026-08-26 (DENUE version 2026-05-20),
MAGNA LIGHTING,OLSA SISTEMAS DE ILUMINACION AUTOMOTRIZ,336320,Fabricación de equipo eléctrico y electrónico y sus partes para vehículos automotores,251 y más personas,El Marqués,Querétaro,SANTA MARIA MAGDALENA,4423442205,WWW.MAGNA.COM,https://www.inegi.org.mx/contenidos/masiva/denue/denue_22_csv.zip,2026-08-26 (DENUE version 2026-05-20),
MALASA MEX CONTRACT,MALASA MEX CONTRACT,337210,Fabricación de muebles de oficina y estantería,101 a 250 personas,El Marqués,Querétaro,BERNARDO QUINTANA,,WWW.MALASA.COM,https://www.inegi.org.mx/contenidos/masiva/denue/denue_22_csv.zip,2026-08-26 (DENUE version 2026-05-20),
MANN HUMMEL MEXICO,MANN HUMMEL MEXICO,336390,Fabricación de otras partes para vehículos automotrices,251 y más personas,Querétaro,Querétaro,PARQUE INDUSTRIAL QUERETARO,4423718585,WWW.MANNHUMMEL.COM,https://www.inegi.org.mx/contenidos/masiva/denue/denue_22_csv.zip,2026-08-26 (DENUE version 2026-05-20),
MARCEGAGLIA MEXICO,MARCEGAGLIA MEXICO,335220,Fabricación de aparatos de línea blanca,251 y más personas,Corregidora,Querétaro,INDUSTRIAL BALVANERA,,WWW.MARCEGAGLIA.COM,https://www.inegi.org.mx/contenidos/masiva/denue/denue_22_csv.zip,2026-08-26 (DENUE version 2026-05-20),
MARTINREA HONSEL MEXICO,MARTINREA HONSEL MEXICO,336370,Fabricación de piezas metálicas troqueladas para vehículos automotrices,251 y más personas,Querétaro,Querétaro,QUERETARO,4421865680,WWW.MARTINREA.COM,https://www.inegi.org.mx/contenidos/masiva/denue/denue_22_csv.zip,2026-08-26 (DENUE version 2026-05-20),
MARTINREA HONSEL MEXICO,MARTINREA HONSEL MEXICO,336310,Fabricación de motores de gasolina y sus partes para vehículos automotrices,251 y más personas,Querétaro,Querétaro,QUERETARO,4421865680,WWW.MARTINREA.COM,https://www.inegi.org.mx/contenidos/masiva/denue/denue_22_csv.zip,2026-08-26 (DENUE version 2026-05-20),
MEGGITT AIRCRAFT BRAKING SYSTEMS QUERETARO,MEGGITT AIRCRAFT BRAKING SYSTEMS QUERETARO,336410,Fabricación de equipo aeroespacial,101 a 250 personas,Colón,Querétaro,PARQUE AEROESPACIAL DE QUERETARO,,WWW.MEGGITT.COM,https://www.inegi.org.mx/contenidos/masiva/denue/denue_22_csv.zip,2026-08-26 (DENUE version 2026-05-20),
MEI QUERETARO,MEI QUERETARO,334410,Fabricación de componentes electrónicos,251 y más personas,El Marqués,Querétaro,FINSA,,WWW.CRANEPI.COM,https://www.inegi.org.mx/contenidos/masiva/denue/denue_22_csv.zip,2026-08-26 (DENUE version 2026-05-20),
MELECS ELECTRONICS QUERETARO,MELECS ELECTRONICS QUERETARO,334410,Fabricación de componentes electrónicos,251 y más personas,Corregidora,Querétaro,INDUSTRIAL BALVANERA,5527326548,WWW.MELECS.COM,https://www.inegi.org.mx/contenidos/masiva/denue/denue_22_csv.zip,2026-08-26 (DENUE version 2026-05-20),
METALICOS ALPUNTO,METALICOS ALPUNTO,332999,Fabricación de otros productos metálicos,251 y más personas,San Juan del Río,Querétaro,VALLE DE ORO,,,https://www.inegi.org.mx/contenidos/masiva/denue/denue_22_csv.zip,2026-08-26 (DENUE version 2026-05-20),
METELIX,METELIX DE MEXICO,336390,Fabricación de otras partes para vehículos automotrices,251 y más personas,Huimilpan,Querétaro,SAN ANTONIO LA GALERA,4422075681,WWW.METELIXPRODUCTS.COM,https://www.inegi.org.mx/contenidos/masiva/denue/denue_22_csv.zip,2026-08-26 (DENUE version 2026-05-20),
METOKOTE,METOKOTE DE MEXICO,332810,Recubrimientos y terminados metálicos,101 a 250 personas,Querétaro,Querétaro,QUERETARO,,WWW.PPG.COM,https://www.inegi.org.mx/contenidos/masiva/denue/denue_22_csv.zip,2026-08-26 (DENUE version 2026-05-20),
MEXICO JINYOUNG THECNO,MEXICO JINYOUNG TECHNO,336320,Fabricación de equipo eléctrico y electrónico y sus partes para vehículos automotores,251 y más personas,San Juan del Río,Querétaro,NUEVO PARQUE INDUSTRIAL,4271675916,WWW.JEMTECHNO.CO.KR,https://www.inegi.org.mx/contenidos/masiva/denue/denue_22_csv.zip,2026-08-26 (DENUE version 2026-05-20),
MEXIPC,MEXIPC,335220,Fabricación de aparatos de línea blanca,101 a 250 personas,Colón,Querétaro,PARQUE INDUSTRIAL AEROPUERTO QUERETARO,5548006089,,https://www.inegi.org.mx/contenidos/masiva/denue/denue_22_csv.zip,2026-08-26 (DENUE version 2026-05-20),
MICROPLANE MEXICANA,MICROPLANE MEXICANA,332212,Fabricación de utensilios de cocina metálicos,101 a 250 personas,El Marqués,Querétaro,EL MARQUES,,,https://www.inegi.org.mx/contenidos/masiva/denue/denue_22_csv.zip,2026-08-26 (DENUE version 2026-05-20),
MINOX,MINOX,331510,Moldeo por fundición de piezas de hierro y acero,101 a 250 personas,San Juan del Río,Querétaro,VALLE DE ORO,,,https://www.inegi.org.mx/contenidos/masiva/denue/denue_22_csv.zip,2026-08-26 (DENUE version 2026-05-20),
MITSUBISHI ELECTRIC AUTOMOTIVE DE MEXICO,MITSUBISHI ELECTRIC AUTOMOTIVE DE MEXICO,336320,Fabricación de equipo eléctrico y electrónico y sus partes para vehículos automotores,251 y más personas,El Marqués,Querétaro,ODONNELL AEROPUERTO,,,https://www.inegi.org.mx/contenidos/masiva/denue/denue_22_csv.zip,2026-08-26 (DENUE version 2026-05-20),
MITSUBISHI ELECTRIC DE MEXICO,MITSUBISHI ELECTRIC DE MEXICO,333920,Fabricación de maquinaria y equipo para levantar y trasladar,251 y más personas,San Juan del Río,Querétaro,VALLE DE ORO,,,https://www.inegi.org.mx/contenidos/masiva/denue/denue_22_csv.zip,2026-08-26 (DENUE version 2026-05-20),
MONDRAGON ASSEMBLY,MONDRAGON ASSEMBLY,333510,Fabricación de maquinaria y equipo para la industria metalmecánica,101 a 250 personas,El Marqués,Querétaro,TECNOLOGICO INNOVACION QUERETARO,,WWW.MONDRAGON-ASSEMBLY.COM,https://www.inegi.org.mx/contenidos/masiva/denue/denue_22_csv.zip,2026-08-26 (DENUE version 2026-05-20),
MORGAN TECHNICAL CERAMICS,MORGAN TECHNICAL CERAMICS,333510,Fabricación de maquinaria y equipo para la industria metalmecánica,251 y más personas,San Juan del Río,Querétaro,VALLE DE ORO,5535660851,,https://www.inegi.org.mx/contenidos/masiva/denue/denue_22_csv.zip,2026-08-26 (DENUE version 2026-05-20),
MPT ELECTRONICA,CONTROLADORA MABE,334410,Fabricación de componentes electrónicos,251 y más personas,Querétaro,Querétaro,BENITO JUAREZ,5548770179,WWW.MABEGLOBAL.COM/ES_MX,https://www.inegi.org.mx/contenidos/masiva/denue/denue_22_csv.zip,2026-08-26 (DENUE version 2026-05-20),
MSA DE MEXICO,MSA DE MEXICO,339111,"Fabricación de equipo no electrónico para uso médico, dental y para laboratorio",251 y más personas,El Marqués,Querétaro,EL MARQUES,5539991204,WWW.MSASAFETY.COM,https://www.inegi.org.mx/contenidos/masiva/denue/denue_22_csv.zip,2026-08-26 (DENUE version 2026-05-20),
MT MURAT TIARET,COMPONENTES CABLES ARNESES Y SERVICIOS INDUSTRIALES,336320,Fabricación de equipo eléctrico y electrónico y sus partes para vehículos automotores,101 a 250 personas,El Marqués,Querétaro,GRUPO EMPRESARIAL ENERGETICO QRO,,MURATTICARET.COM,https://www.inegi.org.mx/contenidos/masiva/denue/denue_22_csv.zip,2026-08-26 (DENUE version 2026-05-20),
NARMX QUERETARO,NARMX QUERETARO,336370,Fabricación de piezas metálicas troqueladas para vehículos automotrices,101 a 250 personas,Querétaro,Querétaro,QUERETARO,,WWW.NARMCO.COM,https://www.inegi.org.mx/contenidos/masiva/denue/denue_22_csv.zip,2026-08-26 (DENUE version 2026-05-20),
NEATON AUTO MEXICANA,NEATON AUTO MEXICANA,336360,Fabricación de asientos y accesorios interiores para vehículos automotores,251 y más personas,El Marqués,Querétaro,EL MARQUES,4423510585,,https://www.inegi.org.mx/contenidos/masiva/denue/denue_22_csv.zip,2026-08-26 (DENUE version 2026-05-20),
NETTELHOFF COLECTORES MEXICO,NETTELHOFF COLECTORES MEXICO,336310,Fabricación de motores de gasolina y sus partes para vehículos automotrices,101 a 250 personas,El Marqués,Querétaro,BERNARDO QUINTANA,,,https://www.inegi.org.mx/contenidos/masiva/denue/denue_22_csv.zip,2026-08-26 (DENUE version 2026-05-20),
NEW MOTECH MEX,NEW MOTECH MEX,336340,Fabricación de partes de sistemas de frenos para vehículos automotrices,251 y más personas,Querétaro,Querétaro,QUERETARO,,WWW.NEWMOTECHMEX.COM,https://www.inegi.org.mx/contenidos/masiva/denue/denue_22_csv.zip,2026-08-26 (DENUE version 2026-05-20),
NICRO QUERETARO,NICRO PLATING GROUP QUERETARO,336370,Fabricación de piezas metálicas troqueladas para vehículos automotrices,251 y más personas,El Marqués,Querétaro,FINSA,,WWW.NICRO.COM.MX,https://www.inegi.org.mx/contenidos/masiva/denue/denue_22_csv.zip,2026-08-26 (DENUE version 2026-05-20),
NIHON PLAST MEXICANA,NIHON PLAST MEXICANA,336360,Fabricación de asientos y accesorios interiores para vehículos automotores,251 y más personas,El Marqués,Querétaro,BERNARDO QUINTANA,,WWW.NIPSA.COM.MX,https://www.inegi.org.mx/contenidos/masiva/denue/denue_22_csv.zip,2026-08-26 (DENUE version 2026-05-20),
NILFISK,NILFISK DE MEXICO MANUFACTURING,333319,Fabricación de otra maquinaria y equipo para el comercio y los servicios,251 y más personas,Querétaro,Querétaro,BENITO JUAREZ,,WWW.NILFISK.COM,https://www.inegi.org.mx/contenidos/masiva/denue/denue_22_csv.zip,2026-08-26 (DENUE version 2026-05-20),
NORGREN MANUFACTURING DE MEXICO,NORGREN MANUFACTURING DE MEXICO,333920,Fabricación de maquinaria y equipo para levantar y trasladar,251 y más personas,Querétaro,Querétaro,QUERETARO,4421863882,WWW.NORGREN.COM.MX,https://www.inegi.org.mx/contenidos/masiva/denue/denue_22_csv.zip,2026-08-26 (DENUE version 2026-05-20),
NOVEM CAR INTERIOR DESIGN MEXICO,NOVEM CAR INTERIOR DESIGN MEXICO,336360,Fabricación de asientos y accesorios interiores para vehículos automotores,251 y más personas,Querétaro,Querétaro,QUERETARO,4421303589,WWW.NOVEM.DE,https://www.inegi.org.mx/contenidos/masiva/denue/denue_22_csv.zip,2026-08-26 (DENUE version 2026-05-20),
OECHSLER MEXICO,OECHSLER MEXICO,336340,Fabricación de partes de sistemas de frenos para vehículos automotrices,251 y más personas,El Marqués,Querétaro,TECNOLÓGICO E INNOVACION,4421354333,WWW.OECHSLER.COM,https://www.inegi.org.mx/contenidos/masiva/denue/denue_22_csv.zip,2026-08-26 (DENUE version 2026-05-20),
OERLIKON BALZERS COATING MEXICO,OERLIKON BALZERS COATING MEXICO,332810,Recubrimientos y terminados metálicos,101 a 250 personas,Querétaro,Querétaro,LA MONTAÑA,4423535016,WWW.OERLIKON.COM7BALZERS/MX/MX,https://www.inegi.org.mx/contenidos/masiva/denue/denue_22_csv.zip,2026-08-26 (DENUE version 2026-05-20),
OPTRONICS,OPTRONICS,334410,Fabricación de componentes electrónicos,101 a 250 personas,El Marqués,Querétaro,PARQUE TECNOLOGICO INNOVACION QUERETARO,,WWW.OPTRONICS.COM.MX,https://www.inegi.org.mx/contenidos/masiva/denue/denue_22_csv.zip,2026-08-26 (DENUE version 2026-05-20),
PAS APPLIANCE SYSTEMS,PAS APPLIANCE SYSTEMS,335920,Fabricación de cables de conducción eléctrica,251 y más personas,El Marqués,Querétaro,O DONNELL AEROPUERTO,,,https://www.inegi.org.mx/contenidos/masiva/denue/denue_22_csv.zip,2026-08-26 (DENUE version 2026-05-20),
PAS APPLIANCE SYSTEMS,PAS APPLIANCE SYSTEMS,335920,Fabricación de cables de conducción eléctrica,251 y más personas,Colón,Querétaro,LOS QUIOTES,,,https://www.inegi.org.mx/contenidos/masiva/denue/denue_22_csv.zip,2026-08-26 (DENUE version 2026-05-20),
PETERSON SPRING,RESORTES Y PRODUCTOS METALICOS,332610,"Fabricación de alambre, productos de alambre y resortes",101 a 250 personas,El Marqués,Querétaro,EL MARQUES,,WWW.PSPRING.COM,https://www.inegi.org.mx/contenidos/masiva/denue/denue_22_csv.zip,2026-08-26 (DENUE version 2026-05-20),
PLASTICOS HELIOS,PLASTICOS HELIOS,333242,Fabricación de maquinaria y equipo para la industria del hule y del plástico,101 a 250 personas,Querétaro,Querétaro,SAN ANTONIO DE LAPUNTA,5565594425,WWW.PLASTICOSHERLIOS.COM,https://www.inegi.org.mx/contenidos/masiva/denue/denue_22_csv.zip,2026-08-26 (DENUE version 2026-05-20),
POINEER METAL FINISHING,GB QRO METAL FINISHING,332810,Recubrimientos y terminados metálicos,101 a 250 personas,El Marqués,Querétaro,O DONNELL AEROPUERTO,,WWW.PIONNERMETAL.COM,https://www.inegi.org.mx/contenidos/masiva/denue/denue_22_csv.zip,2026-08-26 (DENUE version 2026-05-20),
POWER CONECTION EATON,RPTECH DE MEXICO,334410,Fabricación de componentes electrónicos,251 y más personas,El Marqués,Querétaro,PARQUE INDUSTRIAL TECNOLOGICO INNOVACION,,WWW.ROYALPOWERSOLUTION.MX,https://www.inegi.org.mx/contenidos/masiva/denue/denue_22_csv.zip,2026-08-26 (DENUE version 2026-05-20),
PREFORMADOS DE MEXICO,PREFORMADOS DE MEXICO,332610,"Fabricación de alambre, productos de alambre y resortes",101 a 250 personas,Querétaro,Querétaro,QUERETARO,,WWW.PLPMEXICO.COM,https://www.inegi.org.mx/contenidos/masiva/denue/denue_22_csv.zip,2026-08-26 (DENUE version 2026-05-20),
PRETTL DE MEXICO,PRETTL DE MEXICO,336320,Fabricación de equipo eléctrico y electrónico y sus partes para vehículos automotores,101 a 250 personas,Corregidora,Querétaro,INDUSTRIAL BALVANERA,4424534969,WWW.PRETTL.COM,https://www.inegi.org.mx/contenidos/masiva/denue/denue_22_csv.zip,2026-08-26 (DENUE version 2026-05-20),
PROGRESSIVE STAMPING DE MEXICO,PROGRESSIVE STAMPING DE MEXICO,332110,Fabricación de productos metálicos forjados y troquelados,101 a 250 personas,Querétaro,Querétaro,BENITO JUAREZ,,WWW.PSMMEXICO.COM.MX,https://www.inegi.org.mx/contenidos/masiva/denue/denue_22_csv.zip,2026-08-26 (DENUE version 2026-05-20),
PROMEGI,PROMEGI,332110,Fabricación de productos metálicos forjados y troquelados,101 a 250 personas,Querétaro,Querétaro,SAN ANTONIO DE LA PUNTA,4428129846,WWW.PROMEGI.COM.MX,https://www.inegi.org.mx/contenidos/masiva/denue/denue_22_csv.zip,2026-08-26 (DENUE version 2026-05-20),
PXI AUTOMOTIVE MEXICO,PXI AUTOMOTIVE MEXICO,336390,Fabricación de otras partes para vehículos automotrices,101 a 250 personas,El Marqués,Querétaro,TECNOLOGICO INNOVACION QUERETARO,4426809037,WWW.EN.PXI-AUTOMOTIVE.COM,https://www.inegi.org.mx/contenidos/masiva/denue/denue_22_csv.zip,2026-08-26 (DENUE version 2026-05-20),
Q PUMPS,Q PUMPS,333910,Fabricación de bombas y sistemas de bombeo,101 a 250 personas,Querétaro,Querétaro,JURICA,,WWW.QPUMPS.COM,https://www.inegi.org.mx/contenidos/masiva/denue/denue_22_csv.zip,2026-08-26 (DENUE version 2026-05-20),
Q PUMPS,Q PUMPS,333910,Fabricación de bombas y sistemas de bombeo,101 a 250 personas,Querétaro,Querétaro,JURICA,,WWW.Q-PUMPS.COM,https://www.inegi.org.mx/contenidos/masiva/denue/denue_22_csv.zip,2026-08-26 (DENUE version 2026-05-20),
Q SEALS DE MEXICO,Q SEALS DE MEXICO,335930,"Fabricación de enchufes, contactos, fusibles y otros accesorios para instalaciones eléctricas",251 y más personas,El Marqués,Querétaro,PARQUE TECNOLOGICO INNOVACION,,,https://www.inegi.org.mx/contenidos/masiva/denue/denue_22_csv.zip,2026-08-26 (DENUE version 2026-05-20),
QSSC,QSSC,332810,Recubrimientos y terminados metálicos,101 a 250 personas,Querétaro,Querétaro,QUERETARO,4426595459,WWW.QSSC.COM.MX,https://www.inegi.org.mx/contenidos/masiva/denue/denue_22_csv.zip,2026-08-26 (DENUE version 2026-05-20),
RASSINI BYPASA,BYPASA,336330,Fabricación de partes de sistemas de dirección y de suspensión para vehículos automotrices,101 a 250 personas,San Juan del Río,Querétaro,NUEVO PARQUE INDUSTRIAL,,WWW.RASSINI.COM,https://www.inegi.org.mx/contenidos/masiva/denue/denue_22_csv.zip,2026-08-26 (DENUE version 2026-05-20),
RBP METALURGIA,RBP METALURGIA,333910,Fabricación de bombas y sistemas de bombeo,101 a 250 personas,Querétaro,Querétaro,BENITO JUAREZ,4422171611,WWW.BAMSA.COM.MX,https://www.inegi.org.mx/contenidos/masiva/denue/denue_22_csv.zip,2026-08-26 (DENUE version 2026-05-20),
REMETEC,REMETEC,332710,Maquinado de piezas metálicas para maquinaria y equipo en general,101 a 250 personas,Querétaro,Querétaro,JURICA,4423276158,WWW.REMETEC.MX,https://www.inegi.org.mx/contenidos/masiva/denue/denue_22_csv.zip,2026-08-26 (DENUE version 2026-05-20),
RETESA,REMOLQUES TANQUES Y EQUIPOS,336210,Fabricación de carrocerías y remolques,101 a 250 personas,Corregidora,Querétaro,INDUSTRIAL BALVANERA,,,https://www.inegi.org.mx/contenidos/masiva/denue/denue_22_csv.zip,2026-08-26 (DENUE version 2026-05-20),
REXY,REXY,339950,Fabricación de anuncios y señalamientos,101 a 250 personas,Querétaro,Querétaro,BENITO JUAREZ,,WWW.REXY.COM,https://www.inegi.org.mx/contenidos/masiva/denue/denue_22_csv.zip,2026-08-26 (DENUE version 2026-05-20),
RICSA IND INTERNACIONAL,RICSA IND INTERNACIONAL,332420,Fabricación de tanques metálicos de calibre grueso,101 a 250 personas,Corregidora,Querétaro,INDUSTRIAL BALVANERA,,WWW.RICSA.COM.MX,https://www.inegi.org.mx/contenidos/masiva/denue/denue_22_csv.zip,2026-08-26 (DENUE version 2026-05-20),
ROBERT BOSCH MEXICO SISTEMAS AUTOMOTRICES QUERETARO,ROBERT BOSCH MEXICO SISTEMAS AUTOMOTRICES,336320,Fabricación de equipo eléctrico y electrónico y sus partes para vehículos automotores,251 y más personas,Colón,Querétaro,AEROTECH,7226459476,WWW.BOSCH.COM.MX,https://www.inegi.org.mx/contenidos/masiva/denue/denue_22_csv.zip,2026-08-26 (DENUE version 2026-05-20),
RONAL QUERETARO,RONAL QUERETARO,336390,Fabricación de otras partes para vehículos automotrices,251 y más personas,Querétaro,Querétaro,QUERETARO,4424450334,WWW.RONALGROUP.COM,https://www.inegi.org.mx/contenidos/masiva/denue/denue_22_csv.zip,2026-08-26 (DENUE version 2026-05-20),
SAFRAN AIRCRAFT ENGINE MEXICO,SAFRAN AIRCRAFT ENGINE MEXICO,336410,Fabricación de equipo aeroespacial,251 y más personas,Colón,Querétaro,PARQUE AEROESPACIAL DE QUERETARO,,,https://www.inegi.org.mx/contenidos/masiva/denue/denue_22_csv.zip,2026-08-26 (DENUE version 2026-05-20),
SAFRAN LANDING SYSTEMS MEXICO,SAFRAN LANDING SYSTEMS MEXICO,336410,Fabricación de equipo aeroespacial,251 y más personas,Colón,Querétaro,PARQUE AEROESPACIAL DE QUERETARO,,,https://www.inegi.org.mx/contenidos/masiva/denue/denue_22_csv.zip,2026-08-26 (DENUE version 2026-05-20),
SAMSUNG ELECTRONICS DIGITAL APPLIANCES MEXICO,SAMSUNG ELECTRONICS DIGITAL APPLIANCE,335220,Fabricación de aparatos de línea blanca,251 y más personas,Querétaro,Querétaro,PARQUE INDUSTRIAL QUERETARO,,WWW.SAMSUMG.COM.MX,https://www.inegi.org.mx/contenidos/masiva/denue/denue_22_csv.zip,2026-08-26 (DENUE version 2026-05-20),
SANSHO MEXICANA,SANSHO MEXICANA,333242,Fabricación de maquinaria y equipo para la industria del hule y del plástico,101 a 250 personas,Querétaro,Querétaro,QUERETARO,6183046128,,https://www.inegi.org.mx/contenidos/masiva/denue/denue_22_csv.zip,2026-08-26 (DENUE version 2026-05-20),
SEAH PRECISION MEXICO,SEAH PRECISION MEXICO,333412,Fabricación de equipo de refrigeración industrial y comercial,251 y más personas,Querétaro,Querétaro,QUERETETARO AMPLIACION,4421459478,WWW.SEAHPRECISION.COM.MX,https://www.inegi.org.mx/contenidos/masiva/denue/denue_22_csv.zip,2026-08-26 (DENUE version 2026-05-20),
SECO TOOLS DE MEXICO,SECO TOOLS DE MEXICO,332710,Maquinado de piezas metálicas para maquinaria y equipo en general,101 a 250 personas,Querétaro,Querétaro,BENITO JUAREZ,,WWW.SECOTOOLS.COM,https://www.inegi.org.mx/contenidos/masiva/denue/denue_22_csv.zip,2026-08-26 (DENUE version 2026-05-20),
SISTTEMEX,SISTTEMEX,332310,Fabricación de estructuras metálicas,251 y más personas,Corregidora,Querétaro,INDUSTRIAL BALVANERA,,WWW.SISTTEMEX.COM,https://www.inegi.org.mx/contenidos/masiva/denue/denue_22_csv.zip,2026-08-26 (DENUE version 2026-05-20),
STEERINGMEX,STEERINGMEX,336330,Fabricación de partes de sistemas de dirección y de suspensión para vehículos automotrices,251 y más personas,El Marqués,Querétaro,FINSA II,,,https://www.inegi.org.mx/contenidos/masiva/denue/denue_22_csv.zip,2026-08-26 (DENUE version 2026-05-20),
STEERINGMEX,STEERINGMEX,336330,Fabricación de partes de sistemas de dirección y de suspensión para vehículos automotrices,251 y más personas,El Marqués,Querétaro,FINSA,,,https://www.inegi.org.mx/contenidos/masiva/denue/denue_22_csv.zip,2026-08-26 (DENUE version 2026-05-20),
STEERINGMEX,STEERINGMEX,336330,Fabricación de partes de sistemas de dirección y de suspensión para vehículos automotrices,251 y más personas,El Marqués,Querétaro,FINSA,,,https://www.inegi.org.mx/contenidos/masiva/denue/denue_22_csv.zip,2026-08-26 (DENUE version 2026-05-20),
SWOBODA MECHATRONICS,SWOBODA MECHATRONICS,336320,Fabricación de equipo eléctrico y electrónico y sus partes para vehículos automotores,101 a 250 personas,San Juan del Río,Querétaro,NUEVO SAN JUAN,,WWW.SWOBODA.COM,https://www.inegi.org.mx/contenidos/masiva/denue/denue_22_csv.zip,2026-08-26 (DENUE version 2026-05-20),
TE CONNECTIVITY,AMP AMERMEX,334410,Fabricación de componentes electrónicos,251 y más personas,Querétaro,Querétaro,PARQUE INDUSTRIAL FINSA III,,WWW.TECONNECTIVITY.COM,https://www.inegi.org.mx/contenidos/masiva/denue/denue_22_csv.zip,2026-08-26 (DENUE version 2026-05-20),
TECNOLOGIAS EOS,TECNOLOGIAS EOS,335312,Fabricación de equipo y aparatos de distribución de energía eléctrica,101 a 250 personas,Querétaro,Querétaro,REFORMA AGRARIA SEGUNDA SECCION,5586771016,,https://www.inegi.org.mx/contenidos/masiva/denue/denue_22_csv.zip,2026-08-26 (DENUE version 2026-05-20),
TECNORAMPA,TECNORAMPA,333920,Fabricación de maquinaria y equipo para levantar y trasladar,251 y más personas,Pedro Escobedo,Querétaro,EL SAUZ BAJO,4271681675,WWW.TECNORAMPA.COM.MX,https://www.inegi.org.mx/contenidos/masiva/denue/denue_22_csv.zip,2026-08-26 (DENUE version 2026-05-20),
THE GUND COMPANY MEXICO,THE GUND COMPANY MEXICO,335311,Fabricación de motores y generadores eléctricos,251 y más personas,El Marqués,Querétaro,TECNOLOGICO INNOVACION,,WWW.THEGUNDCOMPANY.COM,https://www.inegi.org.mx/contenidos/masiva/denue/denue_22_csv.zip,2026-08-26 (DENUE version 2026-05-20),
TMD FRICTION MEXICO S,TMD FRICTION MEXICO,336340,Fabricación de partes de sistemas de frenos para vehículos automotrices,101 a 250 personas,Querétaro,Querétaro,INDUSTRIAL BENITO JUAREZ,,,https://www.inegi.org.mx/contenidos/masiva/denue/denue_22_csv.zip,2026-08-26 (DENUE version 2026-05-20),
TOPRE AUTOPARTS MEXICO,TOPRE AUTOPARTS MEXICO,336370,Fabricación de piezas metálicas troqueladas para vehículos automotrices,251 y más personas,San Juan del Río,Querétaro,NUEVO PARQUE INDUSTRIAL,4271490988,WWW.TOPRE.COM.MX,https://www.inegi.org.mx/contenidos/masiva/denue/denue_22_csv.zip,2026-08-26 (DENUE version 2026-05-20),
TREMEC,TRANSMISIONES Y EQUIPOS MECANICOS,336350,Fabricación de partes de sistemas de transmisión para vehículos automotores,251 y más personas,Pedro Escobedo,Querétaro,CORREDOR DE BORDE,,WWW.TREMEC.COM,https://www.inegi.org.mx/contenidos/masiva/denue/denue_22_csv.zip,2026-08-26 (DENUE version 2026-05-20),
TREMEC,TRANSMISIONES Y EQUIPOS MECANICOS,336350,Fabricación de partes de sistemas de transmisión para vehículos automotores,251 y más personas,Querétaro,Querétaro,BENITO JUAREZ,,WWW.TREMEC.COM,https://www.inegi.org.mx/contenidos/masiva/denue/denue_22_csv.zip,2026-08-26 (DENUE version 2026-05-20),
TROQUELADORA BATESVILLE DE MEXICO,TROQUELADORA BATESVILLE DE MEXICO,332110,Fabricación de productos metálicos forjados y troquelados,251 y más personas,Querétaro,Querétaro,PARQUE INDUSTRIAL QUERETARO,4423524841,WWW.BTDINC.COM.MX,https://www.inegi.org.mx/contenidos/masiva/denue/denue_22_csv.zip,2026-08-26 (DENUE version 2026-05-20),
TROQUELADOS QUERETARO,TROQUELADOS QUERETARO,336330,Fabricación de partes de sistemas de dirección y de suspensión para vehículos automotrices,101 a 250 personas,Querétaro,Querétaro,QUERETARO,4423051951,WWW.NASG.NET,https://www.inegi.org.mx/contenidos/masiva/denue/denue_22_csv.zip,2026-08-26 (DENUE version 2026-05-20),
TROQUELES Y MATRICES INDUSTRIALES,TROQUELES Y MATRICES INDUSTRIALES,332999,Fabricación de otros productos metálicos,251 y más personas,San Juan del Río,Querétaro,SAN PEDRO AHUACATLAN,4271133410,,https://www.inegi.org.mx/contenidos/masiva/denue/denue_22_csv.zip,2026-08-26 (DENUE version 2026-05-20),
TRW SISTEMAS DE DIRECCIONES,TRW SISTEMAS DE DIRECCIONES,336330,Fabricación de partes de sistemas de dirección y de suspensión para vehículos automotrices,251 y más personas,El Marqués,Querétaro,FINSA,,WWW.ZF.COM,https://www.inegi.org.mx/contenidos/masiva/denue/denue_22_csv.zip,2026-08-26 (DENUE version 2026-05-20),
TRW SISTEMAS DE FRENADO,TRW SISTEMAS DE FRENADO,336340,Fabricación de partes de sistemas de frenos para vehículos automotrices,251 y más personas,El Marqués,Querétaro,TECNOLOGICO INNOVACION QUERETARO,4421361444,,https://www.inegi.org.mx/contenidos/masiva/denue/denue_22_csv.zip,2026-08-26 (DENUE version 2026-05-20),
TYRSA TROQUELADOS,TYRSA TROQUELADOS,332110,Fabricación de productos metálicos forjados y troquelados,251 y más personas,San Juan del Río,Querétaro,VALLE DE ORO,,,https://www.inegi.org.mx/contenidos/masiva/denue/denue_22_csv.zip,2026-08-26 (DENUE version 2026-05-20),
USEONG DE MEXICO,USEONG DE MEXICO,332910,Fabricación de válvulas metálicas,251 y más personas,Querétaro,Querétaro,POLIGONO EMPRESARIAL SANTA ROSA,4421864565,,https://www.inegi.org.mx/contenidos/masiva/denue/denue_22_csv.zip,2026-08-26 (DENUE version 2026-05-20),
VALEO SISTEMAS ELECTRICOS LIGTHING L17,VALEO SISTEMAS ELECTRICOS,336320,Fabricación de equipo eléctrico y electrónico y sus partes para vehículos automotores,251 y más personas,Querétaro,Querétaro,PARQUE INDUSTRIAL QUERETARO,,WWW.VALEO.COM,https://www.inegi.org.mx/contenidos/masiva/denue/denue_22_csv.zip,2026-08-26 (DENUE version 2026-05-20),
VALEO SISTEMAS ELECTRICOS VESTA 2,VALEO SISTEMAS ELECTRICOS,336320,Fabricación de equipo eléctrico y electrónico y sus partes para vehículos automotores,251 y más personas,Querétaro,Querétaro,QUERETARO,,WWW.VALEO.COM,https://www.inegi.org.mx/contenidos/masiva/denue/denue_22_csv.zip,2026-08-26 (DENUE version 2026-05-20),
VENTRAMEX,VENTRAMEX,336340,Fabricación de partes de sistemas de frenos para vehículos automotrices,251 y más personas,El Marqués,Querétaro,BERNARDO QUINTANA,,WWW.FLEXNGATE.COM,https://www.inegi.org.mx/contenidos/masiva/denue/denue_22_csv.zip,2026-08-26 (DENUE version 2026-05-20),
VIBRACOUSTIC DE MEXICO QUERETARO,VIBRACOUSTIC DE MEXICO,336330,Fabricación de partes de sistemas de dirección y de suspensión para vehículos automotrices,101 a 250 personas,El Marqués,Querétaro,EL MARQUES,,WWW.VIBRACOUSTIC.COM,https://www.inegi.org.mx/contenidos/masiva/denue/denue_22_csv.zip,2026-08-26 (DENUE version 2026-05-20),
VISSCHEL CARAVELLE,VISSCHER CARAVELLE MEXICO,336360,Fabricación de asientos y accesorios interiores para vehículos automotores,251 y más personas,El Marqués,Querétaro,TECNOLOGICO INNOVACION QUERETARO,,WWW.VISSCHER-CARAVELLE.MX,https://www.inegi.org.mx/contenidos/masiva/denue/denue_22_csv.zip,2026-08-26 (DENUE version 2026-05-20),
VISSCHER CARAVELLE,VISSCHER CARAVELLE MEXICO,336360,Fabricación de asientos y accesorios interiores para vehículos automotores,101 a 250 personas,Colón,Querétaro,AEROTECH,,WWW.VISSECHER-CARAVELLE.COM,https://www.inegi.org.mx/contenidos/masiva/denue/denue_22_csv.zip,2026-08-26 (DENUE version 2026-05-20),
VISSCHER CARAVELLE PLANTA 3,VISSCHER CARAVELLE MEXICO,336360,Fabricación de asientos y accesorios interiores para vehículos automotores,101 a 250 personas,El Marqués,Querétaro,TECNOLOGICO INNOVACION QUERETARO,,WWW.VISSCHER-CARAVELLE.COM/ES/,https://www.inegi.org.mx/contenidos/masiva/denue/denue_22_csv.zip,2026-08-26 (DENUE version 2026-05-20),
VOLKSWAGEN TRUCK & BUS,VOLKSWAGEN TRUCK & BUS MEXICO,336120,Fabricación de camiones y tractocamiones,101 a 250 personas,El Marqués,Querétaro,FINSA,4421104448,WWW.VWCAMIONESYBUSES.COM.MX,https://www.inegi.org.mx/contenidos/masiva/denue/denue_22_csv.zip,2026-08-26 (DENUE version 2026-05-20),
VOLKSWAGEN TRUCK & BUS MEXICO,VOLKSWAGEN TRUCK & BUS,336120,Fabricación de camiones y tractocamiones,101 a 250 personas,Colón,Querétaro,SAN IDELFONSO,,,https://www.inegi.org.mx/contenidos/masiva/denue/denue_22_csv.zip,2026-08-26 (DENUE version 2026-05-20),
WATLOW DE MEXICO,WATLOW DE MEXICO,335999,Fabricación de otros productos eléctricos,251 y más personas,El Marqués,Querétaro,EL MARQUES,,WWW.WATLON.COM,https://www.inegi.org.mx/contenidos/masiva/denue/denue_22_csv.zip,2026-08-26 (DENUE version 2026-05-20),
YANFENG INT AUTOMOTIVE TECH S,YANFENG MEXICO INTERIORS,336360,Fabricación de asientos y accesorios interiores para vehículos automotores,101 a 250 personas,El Marqués,Querétaro,ODONELL,,WWW.YANFENG.COM,https://www.inegi.org.mx/contenidos/masiva/denue/denue_22_csv.zip,2026-08-26 (DENUE version 2026-05-20),
YANFENG INTERNATIONAL AUTOMOTIVE TECHNOLOGY MEXICO,YANFENG INTERNATIONAL AUTOMOTIVE TECHNOLOGY MEXICO,336390,Fabricación de otras partes para vehículos automotrices,251 y más personas,El Marqués,Querétaro,O DONNELL AEROPUERTO,,WWW.YANFENG.COM,https://www.inegi.org.mx/contenidos/masiva/denue/denue_22_csv.zip,2026-08-26 (DENUE version 2026-05-20),
YANFENG INTERNATIONAL AUTOMOTIVE TECHNOLOGY MEXICO,YANFENG INTERNATIONAL AUTOMOTIVE TECHNOLOGY MEXICO,336390,Fabricación de otras partes para vehículos automotrices,251 y más personas,El Marqués,Querétaro,O´DONELL AEROPUERTO,4422234241,WWW.YANFENG.COM,https://www.inegi.org.mx/contenidos/masiva/denue/denue_22_csv.zip,2026-08-26 (DENUE version 2026-05-20),
ZEECO THERME,ZEECO THERME,333510,Fabricación de maquinaria y equipo para la industria metalmecánica,101 a 250 personas,El Marqués,Querétaro,FINSA,4425921518,WWW.ZEECO-THERME.COM.MX,https://www.inegi.org.mx/contenidos/masiva/denue/denue_22_csv.zip,2026-08-26 (DENUE version 2026-05-20),
