empresa,parque,municipio,giro,estrato_personal_denue,fuente,source_url,source_date
"AGSE SERVICIO INDUSTRIAL QUERETARO, S. DE R.L. DE C.V.",Parque Industrial Querétaro,El Marqués / Santa Rosa Jáuregui (Qro),Almacenaje logístico de empaque y cartón corrugado,,Directorio oficial PIQ 2024 (PDF),https://piq.com.mx/files/DIRECTORIO_EMPRESAS_PIQ_2024.pdf,2026-08-26
ACONB,Parque Industrial Querétaro,El Marqués / Santa Rosa Jáuregui (Qro),Paquetería,,Directorio oficial PIQ 2024 (PDF),https://piq.com.mx/files/DIRECTORIO_EMPRESAS_PIQ_2024.pdf,2026-08-26
"AUTOMOTIVE CARRIER AND PROTECTION SYSTEM, S.A. DE C.V.",Parque Industrial Querétaro,El Marqués / Santa Rosa Jáuregui (Qro),Autopartes,,Directorio oficial PIQ 2024 (PDF),https://piq.com.mx/files/DIRECTORIO_EMPRESAS_PIQ_2024.pdf,2026-08-26
"ACCEL LOGISTICA, S.A. DE C.V.",Parque Industrial Querétaro,El Marqués / Santa Rosa Jáuregui (Qro),Almacenaje y logística integral,,Directorio oficial PIQ 2024 (PDF),https://piq.com.mx/files/DIRECTORIO_EMPRESAS_PIQ_2024.pdf,2026-08-26
"AERNNOVA COMPONENTES MEXICO, S.A. DE C.V.",Parque Industrial Querétaro,El Marqués / Santa Rosa Jáuregui (Qro),Piezas para industria aeronáutica,,Directorio oficial PIQ 2024 (PDF),https://piq.com.mx/files/DIRECTORIO_EMPRESAS_PIQ_2024.pdf,2026-08-26
ALBEA PACKAGING MEXICO S.A. DE C.V.,Parque Industrial Querétaro,El Marqués / Santa Rosa Jáuregui (Qro),Manufactura tubos laminados,,Directorio oficial PIQ 2024 (PDF),https://piq.com.mx/files/DIRECTORIO_EMPRESAS_PIQ_2024.pdf,2026-08-26
"ALTCAM MEXICO, S.A. DE C.V.",Parque Industrial Querétaro,El Marqués / Santa Rosa Jáuregui (Qro),Inyección de piezas plásticas de alta precisión,,Directorio oficial PIQ 2024 (PDF),https://piq.com.mx/files/DIRECTORIO_EMPRESAS_PIQ_2024.pdf,2026-08-26
"AMN INTERNATIONAL, S.A. DE C.V.",Parque Industrial Querétaro,El Marqués / Santa Rosa Jáuregui (Qro),Inspección y retrabajo de material,,Directorio oficial PIQ 2024 (PDF),https://piq.com.mx/files/DIRECTORIO_EMPRESAS_PIQ_2024.pdf,2026-08-26
"ABINSA, S.A. DE C.V.",Parque Industrial Querétaro,El Marqués / Santa Rosa Jáuregui (Qro),Metalmecánica,,Directorio oficial PIQ 2024 (PDF),https://piq.com.mx/files/DIRECTORIO_EMPRESAS_PIQ_2024.pdf,2026-08-26
"ABC TECHNOLOGIES WMG MEXICO, S.A. DE C.V.",Parque Industrial Querétaro,El Marqués / Santa Rosa Jáuregui (Qro),Automotriz,,Directorio oficial PIQ 2024 (PDF),https://piq.com.mx/files/DIRECTORIO_EMPRESAS_PIQ_2024.pdf,2026-08-26
"ABC TECHNOLOGIES MEXICO, S.A. DE C.V.",Parque Industrial Querétaro,El Marqués / Santa Rosa Jáuregui (Qro),Inyección plásticos automotriz,,Directorio oficial PIQ 2024 (PDF),https://piq.com.mx/files/DIRECTORIO_EMPRESAS_PIQ_2024.pdf,2026-08-26
"AALBERS TOOL AND MOLD DE MEXICO, S.A. DE C.V.",Parque Industrial Querétaro,El Marqués / Santa Rosa Jáuregui (Qro),Reparación de moldes de inyección,,Directorio oficial PIQ 2024 (PDF),https://piq.com.mx/files/DIRECTORIO_EMPRESAS_PIQ_2024.pdf,2026-08-26
"APEX TOOL GROUP MEXICO, S. DE R.L. DE C.V.",Parque Industrial Querétaro,El Marqués / Santa Rosa Jáuregui (Qro),Herramientas manuales,,Directorio oficial PIQ 2024 (PDF),https://piq.com.mx/files/DIRECTORIO_EMPRESAS_PIQ_2024.pdf,2026-08-26
"AVERY DENNISON, S.A. DE C.V.",Parque Industrial Querétaro,El Marqués / Santa Rosa Jáuregui (Qro),Papel y película autoadherible,,Directorio oficial PIQ 2024 (PDF),https://piq.com.mx/files/DIRECTORIO_EMPRESAS_PIQ_2024.pdf,2026-08-26
"AVERY DENNISON RBIS, S.A. DE C.V.",Parque Industrial Querétaro,El Marqués / Santa Rosa Jáuregui (Qro),Impresión de etiquetas,,Directorio oficial PIQ 2024 (PDF),https://piq.com.mx/files/DIRECTORIO_EMPRESAS_PIQ_2024.pdf,2026-08-26
"BAOMARC AUTOMOTIVE SOLUTIONS MEXICO, S. DE R.L. DE C.V.",Parque Industrial Querétaro,El Marqués / Santa Rosa Jáuregui (Qro),Automotriz,,Directorio oficial PIQ 2024 (PDF),https://piq.com.mx/files/DIRECTORIO_EMPRESAS_PIQ_2024.pdf,2026-08-26
"BMC MEXICO AUTOPARTS, S.A. DE C.V.",Parque Industrial Querétaro,El Marqués / Santa Rosa Jáuregui (Qro),Automotriz,,Directorio oficial PIQ 2024 (PDF),https://piq.com.mx/files/DIRECTORIO_EMPRESAS_PIQ_2024.pdf,2026-08-26
"BRAVO ENERGY, S. DE R.L. DE C.V.",Parque Industrial Querétaro,El Marqués / Santa Rosa Jáuregui (Qro),Energéticos,,Directorio oficial PIQ 2024 (PDF),https://piq.com.mx/files/DIRECTORIO_EMPRESAS_PIQ_2024.pdf,2026-08-26
"BROVEDANI REME MEXICO, S.A. DE C.V.",Parque Industrial Querétaro,El Marqués / Santa Rosa Jáuregui (Qro),Metalmecánica,,Directorio oficial PIQ 2024 (PDF),https://piq.com.mx/files/DIRECTORIO_EMPRESAS_PIQ_2024.pdf,2026-08-26
"BRP QUERETARO, S.A. DE C.V.",Parque Industrial Querétaro,El Marqués / Santa Rosa Jáuregui (Qro),Motos acuáticas y motores,,Directorio oficial PIQ 2024 (PDF),https://piq.com.mx/files/DIRECTORIO_EMPRESAS_PIQ_2024.pdf,2026-08-26
BTICINO DE MEXICO S.A. DE C.V.,Parque Industrial Querétaro,El Marqués / Santa Rosa Jáuregui (Qro),Manufactura eléctrica,,Directorio oficial PIQ 2024 (PDF),https://piq.com.mx/files/DIRECTORIO_EMPRESAS_PIQ_2024.pdf,2026-08-26
"CCL SECURE, S.A. DE C.V.",Parque Industrial Querétaro,El Marqués / Santa Rosa Jáuregui (Qro),Impresión de seguridad en polímero,,Directorio oficial PIQ 2024 (PDF),https://piq.com.mx/files/DIRECTORIO_EMPRESAS_PIQ_2024.pdf,2026-08-26
"CAYVER, S.A. DE C.V.",Parque Industrial Querétaro,El Marqués / Santa Rosa Jáuregui (Qro),Mobiliario,,Directorio oficial PIQ 2024 (PDF),https://piq.com.mx/files/DIRECTORIO_EMPRESAS_PIQ_2024.pdf,2026-08-26
"CENTERLINE MEXICO, S. DE R.L. DE C.V.",Parque Industrial Querétaro,El Marqués / Santa Rosa Jáuregui (Qro),Metalmecánica automotriz,,Directorio oficial PIQ 2024 (PDF),https://piq.com.mx/files/DIRECTORIO_EMPRESAS_PIQ_2024.pdf,2026-08-26
"CHEM TREND COMERCIAL, S.A. DE C.V.",Parque Industrial Querétaro,El Marqués / Santa Rosa Jáuregui (Qro),Químicos industriales,,Directorio oficial PIQ 2024 (PDF),https://piq.com.mx/files/DIRECTORIO_EMPRESAS_PIQ_2024.pdf,2026-08-26
"CJ LOGISTICS MEXICO, S.A. DE C.V.",Parque Industrial Querétaro,El Marqués / Santa Rosa Jáuregui (Qro),Logística,,Directorio oficial PIQ 2024 (PDF),https://piq.com.mx/files/DIRECTORIO_EMPRESAS_PIQ_2024.pdf,2026-08-26
"COLEP, S.A. DE C.V.",Parque Industrial Querétaro,El Marqués / Santa Rosa Jáuregui (Qro),Cosmético - aerosoles,,Directorio oficial PIQ 2024 (PDF),https://piq.com.mx/files/DIRECTORIO_EMPRESAS_PIQ_2024.pdf,2026-08-26
CONTENEDORES Y QUIMICOS DE MEXICO S.A. DE C.V.,Parque Industrial Querétaro,El Marqués / Santa Rosa Jáuregui (Qro),Distribución de químicos,,Directorio oficial PIQ 2024 (PDF),https://piq.com.mx/files/DIRECTORIO_EMPRESAS_PIQ_2024.pdf,2026-08-26
"COPPER CLAD, S.A. DE C.V.",Parque Industrial Querétaro,El Marqués / Santa Rosa Jáuregui (Qro),Productos metálicos,,Directorio oficial PIQ 2024 (PDF),https://piq.com.mx/files/DIRECTORIO_EMPRESAS_PIQ_2024.pdf,2026-08-26
"CORRUGADOS DE BAJA CALIFORNIA, S. DE R.L. DE C.V.",Parque Industrial Querétaro,El Marqués / Santa Rosa Jáuregui (Qro),Empaque,,Directorio oficial PIQ 2024 (PDF),https://piq.com.mx/files/DIRECTORIO_EMPRESAS_PIQ_2024.pdf,2026-08-26
"CORRUEMPAQUES, S.A. DE C.V.",Parque Industrial Querétaro,El Marqués / Santa Rosa Jáuregui (Qro),Empaque de cartón corrugado,,Directorio oficial PIQ 2024 (PDF),https://piq.com.mx/files/DIRECTORIO_EMPRESAS_PIQ_2024.pdf,2026-08-26
"CYROXTECH, S. DE R.L. DE C.V.",Parque Industrial Querétaro,El Marqués / Santa Rosa Jáuregui (Qro),Mantenimiento equipos electrónicos / SMT,,Directorio oficial PIQ 2024 (PDF),https://piq.com.mx/files/DIRECTORIO_EMPRESAS_PIQ_2024.pdf,2026-08-26
"DAEYEONG MEXICO, S.A. DE C.V.",Parque Industrial Querétaro,El Marqués / Santa Rosa Jáuregui (Qro),Línea blanca,,Directorio oficial PIQ 2024 (PDF),https://piq.com.mx/files/DIRECTORIO_EMPRESAS_PIQ_2024.pdf,2026-08-26
"DR ENC, S.A. DE C.V.",Parque Industrial Querétaro,El Marqués / Santa Rosa Jáuregui (Qro),Línea blanca,,Directorio oficial PIQ 2024 (PDF),https://piq.com.mx/files/DIRECTORIO_EMPRESAS_PIQ_2024.pdf,2026-08-26
"DONG A HWASUNG MEXICO, S.A. DE C.V.",Parque Industrial Querétaro,El Marqués / Santa Rosa Jáuregui (Qro),Inyección de plástico,,Directorio oficial PIQ 2024 (PDF),https://piq.com.mx/files/DIRECTORIO_EMPRESAS_PIQ_2024.pdf,2026-08-26
"DANFOSS WF QUERETARO (EATON CONTROLS, S. DE R.L. DE C.V.)",Parque Industrial Querétaro,El Marqués / Santa Rosa Jáuregui (Qro),Componentes hidráulicos,,Directorio oficial PIQ 2024 (PDF),https://piq.com.mx/files/DIRECTORIO_EMPRESAS_PIQ_2024.pdf,2026-08-26
"DANFOSS POWER SOLUTIONS II, S.A. DE C.V.",Parque Industrial Querétaro,El Marqués / Santa Rosa Jáuregui (Qro),Tubos y mangueras automotriz,,Directorio oficial PIQ 2024 (PDF),https://piq.com.mx/files/DIRECTORIO_EMPRESAS_PIQ_2024.pdf,2026-08-26
"DURR DE MEXICO, S.A. DE C.V.",Parque Industrial Querétaro,El Marqués / Santa Rosa Jáuregui (Qro),Manufactura,,Directorio oficial PIQ 2024 (PDF),https://piq.com.mx/files/DIRECTORIO_EMPRESAS_PIQ_2024.pdf,2026-08-26
"EATON PSD, S. DE R.L. DE C.V. (BUSSMANN)",Parque Industrial Querétaro,El Marqués / Santa Rosa Jáuregui (Qro),Sector eléctrico,,Directorio oficial PIQ 2024 (PDF),https://piq.com.mx/files/DIRECTORIO_EMPRESAS_PIQ_2024.pdf,2026-08-26
EATON TECHNOLOGIES,Parque Industrial Querétaro,El Marqués / Santa Rosa Jáuregui (Qro),Automotriz,,Directorio oficial PIQ 2024 (PDF),https://piq.com.mx/files/DIRECTORIO_EMPRESAS_PIQ_2024.pdf,2026-08-26
"ECKERLE DE MEXICO, S.A. DE C.V.",Parque Industrial Querétaro,El Marqués / Santa Rosa Jáuregui (Qro),Automotriz,,Directorio oficial PIQ 2024 (PDF),https://piq.com.mx/files/DIRECTORIO_EMPRESAS_PIQ_2024.pdf,2026-08-26
"E.G.O. COMPONENTES ELECTRONICOS, S.A. DE C.V.",Parque Industrial Querétaro,El Marqués / Santa Rosa Jáuregui (Qro),Manufactura,,Directorio oficial PIQ 2024 (PDF),https://piq.com.mx/files/DIRECTORIO_EMPRESAS_PIQ_2024.pdf,2026-08-26
"ELICAMEX, S.A. DE C.V.",Parque Industrial Querétaro,El Marqués / Santa Rosa Jáuregui (Qro),Metalmecánica,,Directorio oficial PIQ 2024 (PDF),https://piq.com.mx/files/DIRECTORIO_EMPRESAS_PIQ_2024.pdf,2026-08-26
"EMBALAJES WINPAK DE MEXICO, S.A. DE C.V.",Parque Industrial Querétaro,El Marqués / Santa Rosa Jáuregui (Qro),Empaques termosellados,,Directorio oficial PIQ 2024 (PDF),https://piq.com.mx/files/DIRECTORIO_EMPRESAS_PIQ_2024.pdf,2026-08-26
"EAGLE BURGMANN MEXICO, S.A. DE C.V.",Parque Industrial Querétaro,El Marqués / Santa Rosa Jáuregui (Qro),Metalmecánica,,Directorio oficial PIQ 2024 (PDF),https://piq.com.mx/files/DIRECTORIO_EMPRESAS_PIQ_2024.pdf,2026-08-26
"EPMP 2948-4292 MEXICO, S.A. DE C.V.",Parque Industrial Querétaro,El Marqués / Santa Rosa Jáuregui (Qro),Termoformado de plástico,,Directorio oficial PIQ 2024 (PDF),https://piq.com.mx/files/DIRECTORIO_EMPRESAS_PIQ_2024.pdf,2026-08-26
"EISSMANN, S.A. DE C.V.",Parque Industrial Querétaro,El Marqués / Santa Rosa Jáuregui (Qro),Automotriz,,Directorio oficial PIQ 2024 (PDF),https://piq.com.mx/files/DIRECTORIO_EMPRESAS_PIQ_2024.pdf,2026-08-26
"EUROTRANCIATURA MEXICO, S.A. DE C.V.",Parque Industrial Querétaro,El Marqués / Santa Rosa Jáuregui (Qro),Metalmecánica,,Directorio oficial PIQ 2024 (PDF),https://piq.com.mx/files/DIRECTORIO_EMPRESAS_PIQ_2024.pdf,2026-08-26
"EXCOENG MEXICO, S. DE R.L. DE C.V.",Parque Industrial Querétaro,El Marqués / Santa Rosa Jáuregui (Qro),Moldes para inyección de aluminio,,Directorio oficial PIQ 2024 (PDF),https://piq.com.mx/files/DIRECTORIO_EMPRESAS_PIQ_2024.pdf,2026-08-26
"FABRI-QUILT DE MEXICO, S. DE R.L. DE C.V.",Parque Industrial Querétaro,El Marqués / Santa Rosa Jáuregui (Qro),Maquiladora textil,,Directorio oficial PIQ 2024 (PDF),https://piq.com.mx/files/DIRECTORIO_EMPRESAS_PIQ_2024.pdf,2026-08-26
"FEDERAL MOGUL SP MEXICO, S.A. DE C.V. (TENNECO)",Parque Industrial Querétaro,El Marqués / Santa Rosa Jáuregui (Qro),Automotriz,,Directorio oficial PIQ 2024 (PDF),https://piq.com.mx/files/DIRECTORIO_EMPRESAS_PIQ_2024.pdf,2026-08-26
"FEG DE QUERETARO, S.A. DE C.V.",Parque Industrial Querétaro,El Marqués / Santa Rosa Jáuregui (Qro),Automotriz,,Directorio oficial PIQ 2024 (PDF),https://piq.com.mx/files/DIRECTORIO_EMPRESAS_PIQ_2024.pdf,2026-08-26
"FOAM FABRICATORS MEXICO, S. DE R.L. DE C.V.",Parque Industrial Querétaro,El Marqués / Santa Rosa Jáuregui (Qro),Moldeo de poliestireno,,Directorio oficial PIQ 2024 (PDF),https://piq.com.mx/files/DIRECTORIO_EMPRESAS_PIQ_2024.pdf,2026-08-26
"FRACSA ALLOYS QUERETARO, SAPI DE C.V.",Parque Industrial Querétaro,El Marqués / Santa Rosa Jáuregui (Qro),Metalúrgica,,Directorio oficial PIQ 2024 (PDF),https://piq.com.mx/files/DIRECTORIO_EMPRESAS_PIQ_2024.pdf,2026-08-26
"FRENOS Y MECANISMOS, S. DE R.L. DE C.V.",Parque Industrial Querétaro,El Marqués / Santa Rosa Jáuregui (Qro),Automotriz,,Directorio oficial PIQ 2024 (PDF),https://piq.com.mx/files/DIRECTORIO_EMPRESAS_PIQ_2024.pdf,2026-08-26
"GREENKOTE IPC, S.A. DE C.V.",Parque Industrial Querétaro,El Marqués / Santa Rosa Jáuregui (Qro),Automotriz,,Directorio oficial PIQ 2024 (PDF),https://piq.com.mx/files/DIRECTORIO_EMPRESAS_PIQ_2024.pdf,2026-08-26
"GRUAS SALAS, S.A. DE C.V.",Parque Industrial Querétaro,El Marqués / Santa Rosa Jáuregui (Qro),Autotransporte de carga,,Directorio oficial PIQ 2024 (PDF),https://piq.com.mx/files/DIRECTORIO_EMPRESAS_PIQ_2024.pdf,2026-08-26
"GLOBAL GRAPHICS CUE, S.A. DE C.V.",Parque Industrial Querétaro,El Marqués / Santa Rosa Jáuregui (Qro),Impresión,,Directorio oficial PIQ 2024 (PDF),https://piq.com.mx/files/DIRECTORIO_EMPRESAS_PIQ_2024.pdf,2026-08-26
"GLOBAL DEACHANG, S.A. DE C.V.",Parque Industrial Querétaro,El Marqués / Santa Rosa Jáuregui (Qro),Inyección de plástico,,Directorio oficial PIQ 2024 (PDF),https://piq.com.mx/files/DIRECTORIO_EMPRESAS_PIQ_2024.pdf,2026-08-26
"HARMAN DE MEXICO, S. DE R.L. DE C.V.",Parque Industrial Querétaro,El Marqués / Santa Rosa Jáuregui (Qro),Automotriz,,Directorio oficial PIQ 2024 (PDF),https://piq.com.mx/files/DIRECTORIO_EMPRESAS_PIQ_2024.pdf,2026-08-26
"HEXPOL COMPOUNDING QUERETARO, S.A. DE C.V.",Parque Industrial Querétaro,El Marqués / Santa Rosa Jáuregui (Qro),Fabricación de hule,,Directorio oficial PIQ 2024 (PDF),https://piq.com.mx/files/DIRECTORIO_EMPRESAS_PIQ_2024.pdf,2026-08-26
"HITACHI ASTEMO MEXICO, S.A. DE C.V.",Parque Industrial Querétaro,El Marqués / Santa Rosa Jáuregui (Qro),Automotriz,,Directorio oficial PIQ 2024 (PDF),https://piq.com.mx/files/DIRECTORIO_EMPRESAS_PIQ_2024.pdf,2026-08-26
"HANMAC MEXICO, S.A. DE C.V.",Parque Industrial Querétaro,El Marqués / Santa Rosa Jáuregui (Qro),Inyección de plástico y unicel,,Directorio oficial PIQ 2024 (PDF),https://piq.com.mx/files/DIRECTORIO_EMPRESAS_PIQ_2024.pdf,2026-08-26
"ID MOLD SOLUTIONS, S.A. DE C.V.",Parque Industrial Querétaro,El Marqués / Santa Rosa Jáuregui (Qro),Moldes de inyección de plásticos,,Directorio oficial PIQ 2024 (PDF),https://piq.com.mx/files/DIRECTORIO_EMPRESAS_PIQ_2024.pdf,2026-08-26
"INOX MARKET MESSICO, S.A. DE C.V.",Parque Industrial Querétaro,El Marqués / Santa Rosa Jáuregui (Qro),Acero inoxidable,,Directorio oficial PIQ 2024 (PDF),https://piq.com.mx/files/DIRECTORIO_EMPRESAS_PIQ_2024.pdf,2026-08-26
"INDUSTRIAS CAZEL, S. DE R.L. DE C.V.",Parque Industrial Querétaro,El Marqués / Santa Rosa Jáuregui (Qro),Inyección de plástico automotriz,,Directorio oficial PIQ 2024 (PDF),https://piq.com.mx/files/DIRECTORIO_EMPRESAS_PIQ_2024.pdf,2026-08-26
"INDUSTRIAS DE MONTACARGAS, S. DE R.L. DE C.V.",Parque Industrial Querétaro,El Marqués / Santa Rosa Jáuregui (Qro),Metalmecánico,,Directorio oficial PIQ 2024 (PDF),https://piq.com.mx/files/DIRECTORIO_EMPRESAS_PIQ_2024.pdf,2026-08-26
"INTERNATIONAL PARTS DISTRIBUTION, S. DE R.L. DE C.V.",Parque Industrial Querétaro,El Marqués / Santa Rosa Jáuregui (Qro),Automotriz,,Directorio oficial PIQ 2024 (PDF),https://piq.com.mx/files/DIRECTORIO_EMPRESAS_PIQ_2024.pdf,2026-08-26
"INYECCIONES PLASTICAS DE QUERETARO, S.A. DE C.V.",Parque Industrial Querétaro,El Marqués / Santa Rosa Jáuregui (Qro),Inyección de plástico,,Directorio oficial PIQ 2024 (PDF),https://piq.com.mx/files/DIRECTORIO_EMPRESAS_PIQ_2024.pdf,2026-08-26
"IRRITEC MEXICO SISTEMAS DE RIEGO, S.A. DE C.V.",Parque Industrial Querétaro,El Marqués / Santa Rosa Jáuregui (Qro),Agrícola,,Directorio oficial PIQ 2024 (PDF),https://piq.com.mx/files/DIRECTORIO_EMPRESAS_PIQ_2024.pdf,2026-08-26
"ISHIMITSU INDUSTRY MEXICO, S.A. DE C.V.",Parque Industrial Querétaro,El Marqués / Santa Rosa Jáuregui (Qro),Autopartes,,Directorio oficial PIQ 2024 (PDF),https://piq.com.mx/files/DIRECTORIO_EMPRESAS_PIQ_2024.pdf,2026-08-26
"JAFRA MANUFACTURING, S.A. DE C.V.",Parque Industrial Querétaro,El Marqués / Santa Rosa Jáuregui (Qro),Cosméticos,,Directorio oficial PIQ 2024 (PDF),https://piq.com.mx/files/DIRECTORIO_EMPRESAS_PIQ_2024.pdf,2026-08-26
"JY&C TECH MEXICO, S.A. DE C.V.",Parque Industrial Querétaro,El Marqués / Santa Rosa Jáuregui (Qro),Inyección de plástico,,Directorio oficial PIQ 2024 (PDF),https://piq.com.mx/files/DIRECTORIO_EMPRESAS_PIQ_2024.pdf,2026-08-26
"KH MEXICO, S. DE R.L. DE C.V.",Parque Industrial Querétaro,El Marqués / Santa Rosa Jáuregui (Qro),Automotriz,,Directorio oficial PIQ 2024 (PDF),https://piq.com.mx/files/DIRECTORIO_EMPRESAS_PIQ_2024.pdf,2026-08-26
"KIM TECK, S.A. DE C.V.",Parque Industrial Querétaro,El Marqués / Santa Rosa Jáuregui (Qro),Troquelado línea blanca,,Directorio oficial PIQ 2024 (PDF),https://piq.com.mx/files/DIRECTORIO_EMPRESAS_PIQ_2024.pdf,2026-08-26
"KLUBER LUBRICACION MEXICANA, S.A. DE C.V.",Parque Industrial Querétaro,El Marqués / Santa Rosa Jáuregui (Qro),Químicos,,Directorio oficial PIQ 2024 (PDF),https://piq.com.mx/files/DIRECTORIO_EMPRESAS_PIQ_2024.pdf,2026-08-26
"KURASHIKI KAKO MEXICANA, S.A. DE C.V.",Parque Industrial Querétaro,El Marqués / Santa Rosa Jáuregui (Qro),Automotriz,,Directorio oficial PIQ 2024 (PDF),https://piq.com.mx/files/DIRECTORIO_EMPRESAS_PIQ_2024.pdf,2026-08-26
"KIRCHHOFF AUTOMOTIVE, S.A. DE C.V.",Parque Industrial Querétaro,El Marqués / Santa Rosa Jáuregui (Qro),Automotriz,,Directorio oficial PIQ 2024 (PDF),https://piq.com.mx/files/DIRECTORIO_EMPRESAS_PIQ_2024.pdf,2026-08-26
"KOSTAL MEXICANA, S.A. DE C.V.",Parque Industrial Querétaro,El Marqués / Santa Rosa Jáuregui (Qro),Automotriz,,Directorio oficial PIQ 2024 (PDF),https://piq.com.mx/files/DIRECTORIO_EMPRESAS_PIQ_2024.pdf,2026-08-26
LEAR CORPORATION,Parque Industrial Querétaro,El Marqués / Santa Rosa Jáuregui (Qro),Automotriz,,Directorio oficial PIQ 2024 (PDF),https://piq.com.mx/files/DIRECTORIO_EMPRESAS_PIQ_2024.pdf,2026-08-26
LEMA COMPONENTS S.A. DE C.V. MEK GROUP,Parque Industrial Querétaro,El Marqués / Santa Rosa Jáuregui (Qro),Automotriz,,Directorio oficial PIQ 2024 (PDF),https://piq.com.mx/files/DIRECTORIO_EMPRESAS_PIQ_2024.pdf,2026-08-26
"LB PALLETS & CRATES DEL POTOSI, S. DE R.L. DE C.V.",Parque Industrial Querétaro,El Marqués / Santa Rosa Jáuregui (Qro),Embalaje de madera,,Directorio oficial PIQ 2024 (PDF),https://piq.com.mx/files/DIRECTORIO_EMPRESAS_PIQ_2024.pdf,2026-08-26
"MACCAFERRI DE MEXICO, S.A. DE C.V.",Parque Industrial Querétaro,El Marqués / Santa Rosa Jáuregui (Qro),Metalmecánico,,Directorio oficial PIQ 2024 (PDF),https://piq.com.mx/files/DIRECTORIO_EMPRESAS_PIQ_2024.pdf,2026-08-26
"MANN + HUMMEL MEXICO, S.A. DE C.V.",Parque Industrial Querétaro,El Marqués / Santa Rosa Jáuregui (Qro),Filtros,,Directorio oficial PIQ 2024 (PDF),https://piq.com.mx/files/DIRECTORIO_EMPRESAS_PIQ_2024.pdf,2026-08-26
"MARTINREA HONSEL MEXICO, S.A. DE C.V. PLANTA 1",Parque Industrial Querétaro,El Marqués / Santa Rosa Jáuregui (Qro),Piezas de aluminio,,Directorio oficial PIQ 2024 (PDF),https://piq.com.mx/files/DIRECTORIO_EMPRESAS_PIQ_2024.pdf,2026-08-26
"MARTINREA HONSEL MEXICO, S.A. DE C.V. PLANTA 2",Parque Industrial Querétaro,El Marqués / Santa Rosa Jáuregui (Qro),Automotriz,,Directorio oficial PIQ 2024 (PDF),https://piq.com.mx/files/DIRECTORIO_EMPRESAS_PIQ_2024.pdf,2026-08-26
"MARSILLI MEXICO, S. DE R.L. DE C.V.",Parque Industrial Querétaro,El Marqués / Santa Rosa Jáuregui (Qro),Maquinaria y equipo,,Directorio oficial PIQ 2024 (PDF),https://piq.com.mx/files/DIRECTORIO_EMPRESAS_PIQ_2024.pdf,2026-08-26
MEXICO YUSEI MACHINERY,Parque Industrial Querétaro,El Marqués / Santa Rosa Jáuregui (Qro),Inyección de plástico automotriz,,Directorio oficial PIQ 2024 (PDF),https://piq.com.mx/files/DIRECTORIO_EMPRESAS_PIQ_2024.pdf,2026-08-26
"METAL AND PLASTIC PAINT SOLUTIONS, S.A. DE C.V.",Parque Industrial Querétaro,El Marqués / Santa Rosa Jáuregui (Qro),Automotriz,,Directorio oficial PIQ 2024 (PDF),https://piq.com.mx/files/DIRECTORIO_EMPRESAS_PIQ_2024.pdf,2026-08-26
"METECNO, S.A. DE C.V.",Parque Industrial Querétaro,El Marqués / Santa Rosa Jáuregui (Qro),Paneles,,Directorio oficial PIQ 2024 (PDF),https://piq.com.mx/files/DIRECTORIO_EMPRESAS_PIQ_2024.pdf,2026-08-26
"METOKOTE DE MEXICO, S. DE R.L. DE C.V.",Parque Industrial Querétaro,El Marqués / Santa Rosa Jáuregui (Qro),Recubrimiento de partes automotrices,,Directorio oficial PIQ 2024 (PDF),https://piq.com.mx/files/DIRECTORIO_EMPRESAS_PIQ_2024.pdf,2026-08-26
"MITCHELL PLASTICS, S.A. DE C.V.",Parque Industrial Querétaro,El Marqués / Santa Rosa Jáuregui (Qro),Inyección de plásticos automotriz,,Directorio oficial PIQ 2024 (PDF),https://piq.com.mx/files/DIRECTORIO_EMPRESAS_PIQ_2024.pdf,2026-08-26
MODERN METAL ALLOYS,Parque Industrial Querétaro,El Marqués / Santa Rosa Jáuregui (Qro),Fundición de aluminio,,Directorio oficial PIQ 2024 (PDF),https://piq.com.mx/files/DIRECTORIO_EMPRESAS_PIQ_2024.pdf,2026-08-26
"MPI PRODUCTS DE MEXICO, S. DE R.L. DE C.V.",Parque Industrial Querétaro,El Marqués / Santa Rosa Jáuregui (Qro),Metalmecánica,,Directorio oficial PIQ 2024 (PDF),https://piq.com.mx/files/DIRECTORIO_EMPRESAS_PIQ_2024.pdf,2026-08-26
"MONOSUISSE, S.A. DE C.V.",Parque Industrial Querétaro,El Marqués / Santa Rosa Jáuregui (Qro),Fibras químicas,,Directorio oficial PIQ 2024 (PDF),https://piq.com.mx/files/DIRECTORIO_EMPRESAS_PIQ_2024.pdf,2026-08-26
"NATIONAL ENGINEERED FASTENERS / GX PRO OPUS, S. DE R.L.",Parque Industrial Querétaro,El Marqués / Santa Rosa Jáuregui (Qro),Sujetadores automotriz,,Directorio oficial PIQ 2024 (PDF),https://piq.com.mx/files/DIRECTORIO_EMPRESAS_PIQ_2024.pdf,2026-08-26
"NARMX QUERETARO, S.A. DE C.V.",Parque Industrial Querétaro,El Marqués / Santa Rosa Jáuregui (Qro),Automotriz,,Directorio oficial PIQ 2024 (PDF),https://piq.com.mx/files/DIRECTORIO_EMPRESAS_PIQ_2024.pdf,2026-08-26
NASG SERVICIOS S. DE R.L. DE C.V.,Parque Industrial Querétaro,El Marqués / Santa Rosa Jáuregui (Qro),Partes estampadas automotrices,,Directorio oficial PIQ 2024 (PDF),https://piq.com.mx/files/DIRECTORIO_EMPRESAS_PIQ_2024.pdf,2026-08-26
"NEWMOTECH MEX, S.A. DE C.V. (PLANTA 2)",Parque Industrial Querétaro,El Marqués / Santa Rosa Jáuregui (Qro),Metalmecánica,,Directorio oficial PIQ 2024 (PDF),https://piq.com.mx/files/DIRECTORIO_EMPRESAS_PIQ_2024.pdf,2026-08-26
"NORGREN MANUFACTURING DE MEXICO, S.A. DE C.V. (IMI PRECISION)",Parque Industrial Querétaro,El Marqués / Santa Rosa Jáuregui (Qro),Manufactura industrial y automotriz,,Directorio oficial PIQ 2024 (PDF),https://piq.com.mx/files/DIRECTORIO_EMPRESAS_PIQ_2024.pdf,2026-08-26
"NOVEM CAR INTERIOR DESIGN MEXICO, S.A. DE C.V.",Parque Industrial Querétaro,El Marqués / Santa Rosa Jáuregui (Qro),Automotriz,,Directorio oficial PIQ 2024 (PDF),https://piq.com.mx/files/DIRECTORIO_EMPRESAS_PIQ_2024.pdf,2026-08-26
"NUCITEC, S.A. DE C.V.",Parque Industrial Querétaro,El Marqués / Santa Rosa Jáuregui (Qro),Farmacéutico,,Directorio oficial PIQ 2024 (PDF),https://piq.com.mx/files/DIRECTORIO_EMPRESAS_PIQ_2024.pdf,2026-08-26
OPTIMUS WHEEL COVERS S.A. DE C.V.,Parque Industrial Querétaro,El Marqués / Santa Rosa Jáuregui (Qro),Automotriz,,Directorio oficial PIQ 2024 (PDF),https://piq.com.mx/files/DIRECTORIO_EMPRESAS_PIQ_2024.pdf,2026-08-26
"PROGRESSIVE AUTOMOTIVE PLASTIC PRODUCTS, S.A. DE C.V.",Parque Industrial Querétaro,El Marqués / Santa Rosa Jáuregui (Qro),Inyección de plástico automotriz,,Directorio oficial PIQ 2024 (PDF),https://piq.com.mx/files/DIRECTORIO_EMPRESAS_PIQ_2024.pdf,2026-08-26
"PANDUIT MEXICO, S. EN N.C. DE C.V.",Parque Industrial Querétaro,El Marqués / Santa Rosa Jáuregui (Qro),Telecomunicaciones,,Directorio oficial PIQ 2024 (PDF),https://piq.com.mx/files/DIRECTORIO_EMPRESAS_PIQ_2024.pdf,2026-08-26
"PHILLIPS MEDISIZE, S.A. DE C.V.",Parque Industrial Querétaro,El Marqués / Santa Rosa Jáuregui (Qro),Inyección de plástico,,Directorio oficial PIQ 2024 (PDF),https://piq.com.mx/files/DIRECTORIO_EMPRESAS_PIQ_2024.pdf,2026-08-26
"PLENCO DE MEXICO, S. DE R.L. DE C.V.",Parque Industrial Querétaro,El Marqués / Santa Rosa Jáuregui (Qro),Inyección de plástico,,Directorio oficial PIQ 2024 (PDF),https://piq.com.mx/files/DIRECTORIO_EMPRESAS_PIQ_2024.pdf,2026-08-26
"PPD PLASTICO, S.A. DE C.V.",Parque Industrial Querétaro,El Marqués / Santa Rosa Jáuregui (Qro),Inyección de plástico / asientos,,Directorio oficial PIQ 2024 (PDF),https://piq.com.mx/files/DIRECTORIO_EMPRESAS_PIQ_2024.pdf,2026-08-26
"PREFORMADOS DE MEXICO, S.A. DE C.V. (PLP)",Parque Industrial Querétaro,El Marqués / Santa Rosa Jáuregui (Qro),Cables preformados,,Directorio oficial PIQ 2024 (PDF),https://piq.com.mx/files/DIRECTORIO_EMPRESAS_PIQ_2024.pdf,2026-08-26
"PROVEM, S.A. DE C.V.",Parque Industrial Querétaro,El Marqués / Santa Rosa Jáuregui (Qro),Empaque y embalaje,,Directorio oficial PIQ 2024 (PDF),https://piq.com.mx/files/DIRECTORIO_EMPRESAS_PIQ_2024.pdf,2026-08-26
"PLASTEK GROUP, S.A. DE C.V.",Parque Industrial Querétaro,El Marqués / Santa Rosa Jáuregui (Qro),Inyección de plástico,,Directorio oficial PIQ 2024 (PDF),https://piq.com.mx/files/DIRECTORIO_EMPRESAS_PIQ_2024.pdf,2026-08-26
"PLASMAN, S.A. DE C.V. (TERMOTECH)",Parque Industrial Querétaro,El Marqués / Santa Rosa Jáuregui (Qro),Inyección de plástico,,Directorio oficial PIQ 2024 (PDF),https://piq.com.mx/files/DIRECTORIO_EMPRESAS_PIQ_2024.pdf,2026-08-26
"PYR DE QUERETARO, S.A.P.I. DE C.V.",Parque Industrial Querétaro,El Marqués / Santa Rosa Jáuregui (Qro),Inyección de plástico,,Directorio oficial PIQ 2024 (PDF),https://piq.com.mx/files/DIRECTORIO_EMPRESAS_PIQ_2024.pdf,2026-08-26
"QSSC, S.A. DE C.V.",Parque Industrial Querétaro,El Marqués / Santa Rosa Jáuregui (Qro),Corte de rollos de acero,,Directorio oficial PIQ 2024 (PDF),https://piq.com.mx/files/DIRECTORIO_EMPRESAS_PIQ_2024.pdf,2026-08-26
"REHRIG PACIFIC COMPANY, S.A. DE C.V.",Parque Industrial Querétaro,El Marqués / Santa Rosa Jáuregui (Qro),Inyección de plástico,,Directorio oficial PIQ 2024 (PDF),https://piq.com.mx/files/DIRECTORIO_EMPRESAS_PIQ_2024.pdf,2026-08-26
"ROHM AND HAAS MEXICO, S. DE R.L. DE C.V.",Parque Industrial Querétaro,El Marqués / Santa Rosa Jáuregui (Qro),Química,,Directorio oficial PIQ 2024 (PDF),https://piq.com.mx/files/DIRECTORIO_EMPRESAS_PIQ_2024.pdf,2026-08-26
"ROMPA MX / DOOREMALEN INDUSTRIES MEXICO, S.A. DE C.V.",Parque Industrial Querétaro,El Marqués / Santa Rosa Jáuregui (Qro),Automotriz / inyección de plástico,,Directorio oficial PIQ 2024 (PDF),https://piq.com.mx/files/DIRECTORIO_EMPRESAS_PIQ_2024.pdf,2026-08-26
RONAL QUERETARO S.A. DE C.V.,Parque Industrial Querétaro,El Marqués / Santa Rosa Jáuregui (Qro),Automotriz (rines),,Directorio oficial PIQ 2024 (PDF),https://piq.com.mx/files/DIRECTORIO_EMPRESAS_PIQ_2024.pdf,2026-08-26
"SAINT-GOBAIN PLAKA, S.A. DE C.V.",Parque Industrial Querétaro,El Marqués / Santa Rosa Jáuregui (Qro),Sistemas de construcción,,Directorio oficial PIQ 2024 (PDF),https://piq.com.mx/files/DIRECTORIO_EMPRESAS_PIQ_2024.pdf,2026-08-26
"SAFRAN LANDING SERVICES AMERICAS, S.A. DE C.V.",Parque Industrial Querétaro,El Marqués / Santa Rosa Jáuregui (Qro),Aeronáutico,,Directorio oficial PIQ 2024 (PDF),https://piq.com.mx/files/DIRECTORIO_EMPRESAS_PIQ_2024.pdf,2026-08-26
"SANDVIK, S.A. DE C.V.",Parque Industrial Querétaro,El Marqués / Santa Rosa Jáuregui (Qro),Manufactura,,Directorio oficial PIQ 2024 (PDF),https://piq.com.mx/files/DIRECTORIO_EMPRESAS_PIQ_2024.pdf,2026-08-26
"SAMSUNG ELECTRONICS DIGITAL APPLIANCES MEXICO, S.A. DE C.V.",Parque Industrial Querétaro,El Marqués / Santa Rosa Jáuregui (Qro),Línea blanca,,Directorio oficial PIQ 2024 (PDF),https://piq.com.mx/files/DIRECTORIO_EMPRESAS_PIQ_2024.pdf,2026-08-26
"SANSHO MEXICANA, S.A. DE C.V.",Parque Industrial Querétaro,El Marqués / Santa Rosa Jáuregui (Qro),Inyección de plástico automotriz,,Directorio oficial PIQ 2024 (PDF),https://piq.com.mx/files/DIRECTORIO_EMPRESAS_PIQ_2024.pdf,2026-08-26
"SEAH PRECISION MEXICO, S.A. DE C.V.",Parque Industrial Querétaro,El Marqués / Santa Rosa Jáuregui (Qro),Refrigeración industrial,,Directorio oficial PIQ 2024 (PDF),https://piq.com.mx/files/DIRECTORIO_EMPRESAS_PIQ_2024.pdf,2026-08-26
"SELECT TOOL DE MEXICO, S. DE R.L. DE C.V.",Parque Industrial Querétaro,El Marqués / Santa Rosa Jáuregui (Qro),Herramientas,,Directorio oficial PIQ 2024 (PDF),https://piq.com.mx/files/DIRECTORIO_EMPRESAS_PIQ_2024.pdf,2026-08-26
"SENOPLAST, S.A. DE C.V.",Parque Industrial Querétaro,El Marqués / Santa Rosa Jáuregui (Qro),Extrusión de láminas plásticas,,Directorio oficial PIQ 2024 (PDF),https://piq.com.mx/files/DIRECTORIO_EMPRESAS_PIQ_2024.pdf,2026-08-26
"SEW EURODRIVE MEXICO, S.A. DE C.V.",Parque Industrial Querétaro,El Marqués / Santa Rosa Jáuregui (Qro),Metalmecánica,,Directorio oficial PIQ 2024 (PDF),https://piq.com.mx/files/DIRECTORIO_EMPRESAS_PIQ_2024.pdf,2026-08-26
"SHAPE CORP MEXICO, S. DE R.L. DE C.V.",Parque Industrial Querétaro,El Marqués / Santa Rosa Jáuregui (Qro),Automotriz,,Directorio oficial PIQ 2024 (PDF),https://piq.com.mx/files/DIRECTORIO_EMPRESAS_PIQ_2024.pdf,2026-08-26
"SMURFIT KAPPA HONEYCOMB, S. DE R.L. DE C.V.",Parque Industrial Querétaro,El Marqués / Santa Rosa Jáuregui (Qro),Industrial / empaque,,Directorio oficial PIQ 2024 (PDF),https://piq.com.mx/files/DIRECTORIO_EMPRESAS_PIQ_2024.pdf,2026-08-26
SERVIACERO PLANOS S. DE R.L. DE C.V.,Parque Industrial Querétaro,El Marqués / Santa Rosa Jáuregui (Qro),Metalmecánica,,Directorio oficial PIQ 2024 (PDF),https://piq.com.mx/files/DIRECTORIO_EMPRESAS_PIQ_2024.pdf,2026-08-26
"SAF HOLLAND INTERNATIONAL, S.A. DE C.V.",Parque Industrial Querétaro,El Marqués / Santa Rosa Jáuregui (Qro),Autopartes carga pesada,,Directorio oficial PIQ 2024 (PDF),https://piq.com.mx/files/DIRECTORIO_EMPRESAS_PIQ_2024.pdf,2026-08-26
"TECNOSTAMP TRIULZI MEXICO, S. DE R.L. DE C.V.",Parque Industrial Querétaro,El Marqués / Santa Rosa Jáuregui (Qro),Inyección de plástico,,Directorio oficial PIQ 2024 (PDF),https://piq.com.mx/files/DIRECTORIO_EMPRESAS_PIQ_2024.pdf,2026-08-26
"TECHMER DE MEXICO, S. DE R.L. DE C.V.",Parque Industrial Querétaro,El Marqués / Santa Rosa Jáuregui (Qro),Polímeros y resinas,,Directorio oficial PIQ 2024 (PDF),https://piq.com.mx/files/DIRECTORIO_EMPRESAS_PIQ_2024.pdf,2026-08-26
TENNECO,Parque Industrial Querétaro,El Marqués / Santa Rosa Jáuregui (Qro),Automotriz,,Directorio oficial PIQ 2024 (PDF),https://piq.com.mx/files/DIRECTORIO_EMPRESAS_PIQ_2024.pdf,2026-08-26
"TRELLEBORG BOOTS MEXICO, S.A. DE C.V.",Parque Industrial Querétaro,El Marqués / Santa Rosa Jáuregui (Qro),Piezas automotrices,,Directorio oficial PIQ 2024 (PDF),https://piq.com.mx/files/DIRECTORIO_EMPRESAS_PIQ_2024.pdf,2026-08-26
"TROQUELADORA BATESVILLE DE MEXICO, S. DE R.L. DE C.V.",Parque Industrial Querétaro,El Marqués / Santa Rosa Jáuregui (Qro),Automotriz metalmecánica,,Directorio oficial PIQ 2024 (PDF),https://piq.com.mx/files/DIRECTORIO_EMPRESAS_PIQ_2024.pdf,2026-08-26
"VALEO ILUMINACION, S.A. DE C.V. VISTRONICS",Parque Industrial Querétaro,El Marqués / Santa Rosa Jáuregui (Qro),Sistemas eléctricos,,Directorio oficial PIQ 2024 (PDF),https://piq.com.mx/files/DIRECTORIO_EMPRESAS_PIQ_2024.pdf,2026-08-26
"VALEO SISTEMAS ELECTRICOS, S.A. DE C.V.",Parque Industrial Querétaro,El Marqués / Santa Rosa Jáuregui (Qro),Automotriz,,Directorio oficial PIQ 2024 (PDF),https://piq.com.mx/files/DIRECTORIO_EMPRESAS_PIQ_2024.pdf,2026-08-26
"VALEO SPECIAL PRODUCTS, S.A. DE C.V.",Parque Industrial Querétaro,El Marqués / Santa Rosa Jáuregui (Qro),Manufactura automotriz,,Directorio oficial PIQ 2024 (PDF),https://piq.com.mx/files/DIRECTORIO_EMPRESAS_PIQ_2024.pdf,2026-08-26
"VALIANT M&T DE MEXICO SERVICIOS, S.A. DE C.V.",Parque Industrial Querétaro,El Marqués / Santa Rosa Jáuregui (Qro),Automatización,,Directorio oficial PIQ 2024 (PDF),https://piq.com.mx/files/DIRECTORIO_EMPRESAS_PIQ_2024.pdf,2026-08-26
"VALVULAS DE PRECISION, S.A. DE C.V.",Parque Industrial Querétaro,El Marqués / Santa Rosa Jáuregui (Qro),Válvulas para aerosol,,Directorio oficial PIQ 2024 (PDF),https://piq.com.mx/files/DIRECTORIO_EMPRESAS_PIQ_2024.pdf,2026-08-26
"VARI-FORM DE MEXICO, S. DE R.L. DE C.V.",Parque Industrial Querétaro,El Marqués / Santa Rosa Jáuregui (Qro),Automotriz,,Directorio oficial PIQ 2024 (PDF),https://piq.com.mx/files/DIRECTORIO_EMPRESAS_PIQ_2024.pdf,2026-08-26
"VOESTALPINE HIGH PERFORMANCE METALS, S.A. DE C.V.",Parque Industrial Querétaro,El Marqués / Santa Rosa Jáuregui (Qro),Acero grado herramienta,,Directorio oficial PIQ 2024 (PDF),https://piq.com.mx/files/DIRECTORIO_EMPRESAS_PIQ_2024.pdf,2026-08-26
"VINOPLASTIC INYECCION, S.A. DE C.V.",Parque Industrial Querétaro,El Marqués / Santa Rosa Jáuregui (Qro),Inyección de plástico,,Directorio oficial PIQ 2024 (PDF),https://piq.com.mx/files/DIRECTORIO_EMPRESAS_PIQ_2024.pdf,2026-08-26
"WIELAND METAL SERVICES, S.A. DE C.V.",Parque Industrial Querétaro,El Marqués / Santa Rosa Jáuregui (Qro),Metalmecánica,,Directorio oficial PIQ 2024 (PDF),https://piq.com.mx/files/DIRECTORIO_EMPRESAS_PIQ_2024.pdf,2026-08-26
"YOUNG CHEM, S.A. DE C.V. (INDUSTRIAS SEIMEX)",Parque Industrial Querétaro,El Marqués / Santa Rosa Jáuregui (Qro),Manufacturera,,Directorio oficial PIQ 2024 (PDF),https://piq.com.mx/files/DIRECTORIO_EMPRESAS_PIQ_2024.pdf,2026-08-26
"ZIMMER, S.A. DE C.V.",Parque Industrial Querétaro,El Marqués / Santa Rosa Jáuregui (Qro),Reciclaje industrial,,Directorio oficial PIQ 2024 (PDF),https://piq.com.mx/files/DIRECTORIO_EMPRESAS_PIQ_2024.pdf,2026-08-26
"SAMSUNG SDS MEXICO, S.A. DE C.V.",Parque Industrial Querétaro,El Marqués / Santa Rosa Jáuregui (Qro),Logística,,Directorio oficial PIQ 2024 (PDF),https://piq.com.mx/files/DIRECTORIO_EMPRESAS_PIQ_2024.pdf,2026-08-26
"SOLISTICA, S.A. DE C.V.",Parque Industrial Querétaro,El Marqués / Santa Rosa Jáuregui (Qro),Logística,,Directorio oficial PIQ 2024 (PDF),https://piq.com.mx/files/DIRECTORIO_EMPRESAS_PIQ_2024.pdf,2026-08-26
RYDER CAPITAL S. DE R.L. DE C.V.,Parque Industrial Querétaro,El Marqués / Santa Rosa Jáuregui (Qro),Logística,,Directorio oficial PIQ 2024 (PDF),https://piq.com.mx/files/DIRECTORIO_EMPRESAS_PIQ_2024.pdf,2026-08-26
"SBS SPECIALTY BOLT & SCREW MEXICO, S. DE R.L. DE C.V.",Parque Industrial Querétaro,El Marqués / Santa Rosa Jáuregui (Qro),Centro de distribución,,Directorio oficial PIQ 2024 (PDF),https://piq.com.mx/files/DIRECTORIO_EMPRESAS_PIQ_2024.pdf,2026-08-26
Nestlé (Purina),Guanajuato Puerto Interior,Silao de la Victoria (Gto),,,"Blog oficial GPI (gob. de Guanajuato), 2024-07-12",https://puertointerior.guanajuato.gob.mx/blog/2024/07/12/cuantas-empresas-hay-en-guanajuato-puerto-interior-y-cuales-son/,2026-08-26
Food Service Group,Guanajuato Puerto Interior,Silao de la Victoria (Gto),,,"Blog oficial GPI (gob. de Guanajuato), 2024-07-12",https://puertointerior.guanajuato.gob.mx/blog/2024/07/12/cuantas-empresas-hay-en-guanajuato-puerto-interior-y-cuales-son/,2026-08-26
Alesba,Guanajuato Puerto Interior,Silao de la Victoria (Gto),,,"Blog oficial GPI (gob. de Guanajuato), 2024-07-12",https://puertointerior.guanajuato.gob.mx/blog/2024/07/12/cuantas-empresas-hay-en-guanajuato-puerto-interior-y-cuales-son/,2026-08-26
Kautex Textron,Guanajuato Puerto Interior,Silao de la Victoria (Gto),,,"Blog oficial GPI (gob. de Guanajuato), 2024-07-12",https://puertointerior.guanajuato.gob.mx/blog/2024/07/12/cuantas-empresas-hay-en-guanajuato-puerto-interior-y-cuales-son/,2026-08-26
KYB México,Guanajuato Puerto Interior,Silao de la Victoria (Gto),,,"Blog oficial GPI (gob. de Guanajuato), 2024-07-12",https://puertointerior.guanajuato.gob.mx/blog/2024/07/12/cuantas-empresas-hay-en-guanajuato-puerto-interior-y-cuales-son/,2026-08-26
Maflow,Guanajuato Puerto Interior,Silao de la Victoria (Gto),,,"Blog oficial GPI (gob. de Guanajuato), 2024-07-12",https://puertointerior.guanajuato.gob.mx/blog/2024/07/12/cuantas-empresas-hay-en-guanajuato-puerto-interior-y-cuales-son/,2026-08-26
Pirelli,Guanajuato Puerto Interior,Silao de la Victoria (Gto),,,"Blog oficial GPI (gob. de Guanajuato), 2024-07-12",https://puertointerior.guanajuato.gob.mx/blog/2024/07/12/cuantas-empresas-hay-en-guanajuato-puerto-interior-y-cuales-son/,2026-08-26
Mitsuba,Guanajuato Puerto Interior,Silao de la Victoria (Gto),,,"Blog oficial GPI (gob. de Guanajuato), 2024-07-12",https://puertointerior.guanajuato.gob.mx/blog/2024/07/12/cuantas-empresas-hay-en-guanajuato-puerto-interior-y-cuales-son/,2026-08-26
Flexi,Guanajuato Puerto Interior,Silao de la Victoria (Gto),,,"Blog oficial GPI (gob. de Guanajuato), 2024-07-12",https://puertointerior.guanajuato.gob.mx/blog/2024/07/12/cuantas-empresas-hay-en-guanajuato-puerto-interior-y-cuales-son/,2026-08-26
Calzado Coqueta,Guanajuato Puerto Interior,Silao de la Victoria (Gto),,,"Blog oficial GPI (gob. de Guanajuato), 2024-07-12",https://puertointerior.guanajuato.gob.mx/blog/2024/07/12/cuantas-empresas-hay-en-guanajuato-puerto-interior-y-cuales-son/,2026-08-26
Paruno,Guanajuato Puerto Interior,Silao de la Victoria (Gto),,,"Blog oficial GPI (gob. de Guanajuato), 2024-07-12",https://puertointerior.guanajuato.gob.mx/blog/2024/07/12/cuantas-empresas-hay-en-guanajuato-puerto-interior-y-cuales-son/,2026-08-26
Bio Pappel,Guanajuato Puerto Interior,Silao de la Victoria (Gto),,,"Blog oficial GPI (gob. de Guanajuato), 2024-07-12",https://puertointerior.guanajuato.gob.mx/blog/2024/07/12/cuantas-empresas-hay-en-guanajuato-puerto-interior-y-cuales-son/,2026-08-26
ERGON Asfaltos México,Guanajuato Puerto Interior,Silao de la Victoria (Gto),,,"Blog oficial GPI (gob. de Guanajuato), 2024-07-12",https://puertointerior.guanajuato.gob.mx/blog/2024/07/12/cuantas-empresas-hay-en-guanajuato-puerto-interior-y-cuales-son/,2026-08-26
ETHOS Modular,Guanajuato Puerto Interior,Silao de la Victoria (Gto),,,"Blog oficial GPI (gob. de Guanajuato), 2024-07-12",https://puertointerior.guanajuato.gob.mx/blog/2024/07/12/cuantas-empresas-hay-en-guanajuato-puerto-interior-y-cuales-son/,2026-08-26
ISOCINDU,Guanajuato Puerto Interior,Silao de la Victoria (Gto),,,"Blog oficial GPI (gob. de Guanajuato), 2024-07-12",https://puertointerior.guanajuato.gob.mx/blog/2024/07/12/cuantas-empresas-hay-en-guanajuato-puerto-interior-y-cuales-son/,2026-08-26
Beiersdorf Manufacturing México,Guanajuato Puerto Interior,Silao de la Victoria (Gto),,,"Blog oficial GPI (gob. de Guanajuato), 2024-07-12",https://puertointerior.guanajuato.gob.mx/blog/2024/07/12/cuantas-empresas-hay-en-guanajuato-puerto-interior-y-cuales-son/,2026-08-26
Advance Real State,Guanajuato Puerto Interior,Silao de la Victoria (Gto),,,"Blog oficial GPI (gob. de Guanajuato), 2024-07-12",https://puertointerior.guanajuato.gob.mx/blog/2024/07/12/cuantas-empresas-hay-en-guanajuato-puerto-interior-y-cuales-son/,2026-08-26
Grupo Lintel,Guanajuato Puerto Interior,Silao de la Victoria (Gto),,,"Blog oficial GPI (gob. de Guanajuato), 2024-07-12",https://puertointerior.guanajuato.gob.mx/blog/2024/07/12/cuantas-empresas-hay-en-guanajuato-puerto-interior-y-cuales-son/,2026-08-26
INTERMEX,Guanajuato Puerto Interior,Silao de la Victoria (Gto),,,"Blog oficial GPI (gob. de Guanajuato), 2024-07-12",https://puertointerior.guanajuato.gob.mx/blog/2024/07/12/cuantas-empresas-hay-en-guanajuato-puerto-interior-y-cuales-son/,2026-08-26
VESTA,Guanajuato Puerto Interior,Silao de la Victoria (Gto),,,"Blog oficial GPI (gob. de Guanajuato), 2024-07-12",https://puertointerior.guanajuato.gob.mx/blog/2024/07/12/cuantas-empresas-hay-en-guanajuato-puerto-interior-y-cuales-son/,2026-08-26
Premium Park Silao,Guanajuato Puerto Interior,Silao de la Victoria (Gto),,,"Blog oficial GPI (gob. de Guanajuato), 2024-07-12",https://puertointerior.guanajuato.gob.mx/blog/2024/07/12/cuantas-empresas-hay-en-guanajuato-puerto-interior-y-cuales-son/,2026-08-26
Wasion,Guanajuato Puerto Interior,Silao de la Victoria (Gto),,,"Blog oficial GPI (gob. de Guanajuato), 2024-07-12",https://puertointerior.guanajuato.gob.mx/blog/2024/07/12/cuantas-empresas-hay-en-guanajuato-puerto-interior-y-cuales-son/,2026-08-26
Play Club,Guanajuato Puerto Interior,Silao de la Victoria (Gto),,,"Blog oficial GPI (gob. de Guanajuato), 2024-07-12",https://puertointerior.guanajuato.gob.mx/blog/2024/07/12/cuantas-empresas-hay-en-guanajuato-puerto-interior-y-cuales-son/,2026-08-26
Farmacias Similares,Guanajuato Puerto Interior,Silao de la Victoria (Gto),,,"Blog oficial GPI (gob. de Guanajuato), 2024-07-12",https://puertointerior.guanajuato.gob.mx/blog/2024/07/12/cuantas-empresas-hay-en-guanajuato-puerto-interior-y-cuales-son/,2026-08-26
Embalaje St. Johns,Guanajuato Puerto Interior,Silao de la Victoria (Gto),,,"Blog oficial GPI (gob. de Guanajuato), 2024-07-12",https://puertointerior.guanajuato.gob.mx/blog/2024/07/12/cuantas-empresas-hay-en-guanajuato-puerto-interior-y-cuales-son/,2026-08-26
Guala Dispensing,Guanajuato Puerto Interior,Silao de la Victoria (Gto),,,"Blog oficial GPI (gob. de Guanajuato), 2024-07-12",https://puertointerior.guanajuato.gob.mx/blog/2024/07/12/cuantas-empresas-hay-en-guanajuato-puerto-interior-y-cuales-son/,2026-08-26
KTech Industrial México,Guanajuato Puerto Interior,Silao de la Victoria (Gto),,,"Blog oficial GPI (gob. de Guanajuato), 2024-07-12",https://puertointerior.guanajuato.gob.mx/blog/2024/07/12/cuantas-empresas-hay-en-guanajuato-puerto-interior-y-cuales-son/,2026-08-26
NOVARES México,Guanajuato Puerto Interior,Silao de la Victoria (Gto),,,"Blog oficial GPI (gob. de Guanajuato), 2024-07-12",https://puertointerior.guanajuato.gob.mx/blog/2024/07/12/cuantas-empresas-hay-en-guanajuato-puerto-interior-y-cuales-son/,2026-08-26
ORBIS Corporation,Guanajuato Puerto Interior,Silao de la Victoria (Gto),,,"Blog oficial GPI (gob. de Guanajuato), 2024-07-12",https://puertointerior.guanajuato.gob.mx/blog/2024/07/12/cuantas-empresas-hay-en-guanajuato-puerto-interior-y-cuales-son/,2026-08-26
Multitech Industries,Guanajuato Puerto Interior,Silao de la Victoria (Gto),,,"Blog oficial GPI (gob. de Guanajuato), 2024-07-12",https://puertointerior.guanajuato.gob.mx/blog/2024/07/12/cuantas-empresas-hay-en-guanajuato-puerto-interior-y-cuales-son/,2026-08-26
SAMOT Industria Mecánica,Guanajuato Puerto Interior,Silao de la Victoria (Gto),,,"Blog oficial GPI (gob. de Guanajuato), 2024-07-12",https://puertointerior.guanajuato.gob.mx/blog/2024/07/12/cuantas-empresas-hay-en-guanajuato-puerto-interior-y-cuales-son/,2026-08-26
OSG ROYCO,Guanajuato Puerto Interior,Silao de la Victoria (Gto),,,"Blog oficial GPI (gob. de Guanajuato), 2024-07-12",https://puertointerior.guanajuato.gob.mx/blog/2024/07/12/cuantas-empresas-hay-en-guanajuato-puerto-interior-y-cuales-son/,2026-08-26
CHQ Wire México,Guanajuato Puerto Interior,Silao de la Victoria (Gto),,,"Blog oficial GPI (gob. de Guanajuato), 2024-07-12",https://puertointerior.guanajuato.gob.mx/blog/2024/07/12/cuantas-empresas-hay-en-guanajuato-puerto-interior-y-cuales-son/,2026-08-26
STAHL de México,Guanajuato Puerto Interior,Silao de la Victoria (Gto),,,"Blog oficial GPI (gob. de Guanajuato), 2024-07-12",https://puertointerior.guanajuato.gob.mx/blog/2024/07/12/cuantas-empresas-hay-en-guanajuato-puerto-interior-y-cuales-son/,2026-08-26
Yushiro México,Guanajuato Puerto Interior,Silao de la Victoria (Gto),,,"Blog oficial GPI (gob. de Guanajuato), 2024-07-12",https://puertointerior.guanajuato.gob.mx/blog/2024/07/12/cuantas-empresas-hay-en-guanajuato-puerto-interior-y-cuales-son/,2026-08-26
FabricAir Latin America,Guanajuato Puerto Interior,Silao de la Victoria (Gto),,,"Blog oficial GPI (gob. de Guanajuato), 2024-07-12",https://puertointerior.guanajuato.gob.mx/blog/2024/07/12/cuantas-empresas-hay-en-guanajuato-puerto-interior-y-cuales-son/,2026-08-26
MD Elektronik,Colinas de León,León (Gto),,,"Dirección de Atracción de Inversiones, Municipio de León",https://investment.leon.gob.mx/es/colinas-de-leon.php,2026-08-26
Cikauxto,Colinas de León,León (Gto),,,"Dirección de Atracción de Inversiones, Municipio de León",https://investment.leon.gob.mx/es/colinas-de-leon.php,2026-08-26
Taigene,Colinas de León,León (Gto),,,"Dirección de Atracción de Inversiones, Municipio de León",https://investment.leon.gob.mx/es/colinas-de-leon.php,2026-08-26
Rongtai,Colinas de León,León (Gto),,,"Dirección de Atracción de Inversiones, Municipio de León",https://investment.leon.gob.mx/es/colinas-de-leon.php,2026-08-26
Kamax,Colinas de León,León (Gto),,,"Dirección de Atracción de Inversiones, Municipio de León",https://investment.leon.gob.mx/es/colinas-de-leon.php,2026-08-26
Chiyoda,Colinas de León,León (Gto),,,"Dirección de Atracción de Inversiones, Municipio de León",https://investment.leon.gob.mx/es/colinas-de-leon.php,2026-08-26
AKS,Colinas de León,León (Gto),,,"Dirección de Atracción de Inversiones, Municipio de León",https://investment.leon.gob.mx/es/colinas-de-leon.php,2026-08-26
BTS,Colinas de León,León (Gto),,,"Dirección de Atracción de Inversiones, Municipio de León",https://investment.leon.gob.mx/es/colinas-de-leon.php,2026-08-26
Desarrolladora Kasai,Colinas de León,León (Gto),,,"Dirección de Atracción de Inversiones, Municipio de León",https://investment.leon.gob.mx/es/colinas-de-leon.php,2026-08-26
Adac Strattec,Colinas de León,León (Gto),,,"Dirección de Atracción de Inversiones, Municipio de León",https://investment.leon.gob.mx/es/colinas-de-leon.php,2026-08-26
Plastic Omnium,Colinas de León,León (Gto),,,"Dirección de Atracción de Inversiones, Municipio de León",https://investment.leon.gob.mx/es/colinas-de-leon.php,2026-08-26
Mino,Colinas de León,León (Gto),,,"Dirección de Atracción de Inversiones, Municipio de León",https://investment.leon.gob.mx/es/colinas-de-leon.php,2026-08-26
Norman,Colinas de León,León (Gto),,,"Dirección de Atracción de Inversiones, Municipio de León",https://investment.leon.gob.mx/es/colinas-de-leon.php,2026-08-26
Novatec,Colinas de León,León (Gto),,,"Dirección de Atracción de Inversiones, Municipio de León",https://investment.leon.gob.mx/es/colinas-de-leon.php,2026-08-26
Cruz Azul,Colinas de León,León (Gto),,,"Dirección de Atracción de Inversiones, Municipio de León",https://investment.leon.gob.mx/es/colinas-de-leon.php,2026-08-26
Oshkosh,Colinas de León,León (Gto),,,"Dirección de Atracción de Inversiones, Municipio de León",https://investment.leon.gob.mx/es/colinas-de-leon.php,2026-08-26
Donaldson,Colinas de León,León (Gto),,,"Dirección de Atracción de Inversiones, Municipio de León",https://investment.leon.gob.mx/es/colinas-de-leon.php,2026-08-26
ASHIMORI INDUSTRIA DE MEXICO,Guanajuato Puerto Interior,Silao de la Victoria (Gto),Confección de productos de textiles recubiertos y de materiales sucedáneos,251 y más personas,DENUE 05/2026 (colonia = parque),https://www.inegi.org.mx/contenidos/masiva/denue/denue_11_csv.zip,2026-08-26
FI AVOCADO,Castro del Río,Irapuato (Gto),Congelación de frutas y verduras,251 y más personas,DENUE 05/2026 (colonia = parque),https://www.inegi.org.mx/contenidos/masiva/denue/denue_11_csv.zip,2026-08-26
NESTLE PURINA LEON,Guanajuato Puerto Interior,Silao de la Victoria (Gto),Elaboración de alimentos para animales,251 y más personas,DENUE 05/2026 (colonia = parque),https://www.inegi.org.mx/contenidos/masiva/denue/denue_11_csv.zip,2026-08-26
PROVEEDURIA INTERNACIONAL DE LEON,Guanajuato Puerto Interior,Silao de la Victoria (Gto),Fabricación de calzado con corte de piel y cuero,101 a 250 personas,DENUE 05/2026 (colonia = parque),https://www.inegi.org.mx/contenidos/masiva/denue/denue_11_csv.zip,2026-08-26
SCHREIBER MEXICO,Guanajuato Puerto Interior,Silao de la Victoria (Gto),Elaboración de derivados y fermentos lácteos,251 y más personas,DENUE 05/2026 (colonia = parque),https://www.inegi.org.mx/contenidos/masiva/denue/denue_11_csv.zip,2026-08-26
TAEKNOCUERO,Guanajuato Puerto Interior,Silao de la Victoria (Gto),Curtido y acabado de cuero y piel,101 a 250 personas,DENUE 05/2026 (colonia = parque),https://www.inegi.org.mx/contenidos/masiva/denue/denue_11_csv.zip,2026-08-26
ALTOPRO,Castro del Río,Irapuato (Gto),Fabricación de autopartes de plástico con y sin reforzamiento,251 y más personas,DENUE 05/2026 (colonia = parque),https://www.inegi.org.mx/contenidos/masiva/denue/denue_11_csv.zip,2026-08-26
AMERICAN INDUSTRIES DEL CENTRO PLANTA GROUND EFFECTS,Guanajuato Puerto Interior,Silao de la Victoria (Gto),Fabricación de autopartes de plástico con y sin reforzamiento,251 y más personas,DENUE 05/2026 (colonia = parque),https://www.inegi.org.mx/contenidos/masiva/denue/denue_11_csv.zip,2026-08-26
BEIERSDORF MANUFACTURING MEXICO,Guanajuato Puerto Interior,Silao de la Victoria (Gto),"Fabricación de cosméticos, perfumes y otras preparaciones de tocador",251 y más personas,DENUE 05/2026 (colonia = parque),https://www.inegi.org.mx/contenidos/masiva/denue/denue_11_csv.zip,2026-08-26
BIO PAPPEL,Guanajuato Puerto Interior,Silao de la Victoria (Gto),Fabricación de papel en plantas integradas,101 a 250 personas,DENUE 05/2026 (colonia = parque),https://www.inegi.org.mx/contenidos/masiva/denue/denue_11_csv.zip,2026-08-26
BODEGAS WEBASTO,Castro del Río,Irapuato (Gto),Fabricación de autopartes de plástico con y sin reforzamiento,101 a 250 personas,DENUE 05/2026 (colonia = parque),https://www.inegi.org.mx/contenidos/masiva/denue/denue_11_csv.zip,2026-08-26
BOS AUTOMOTIVE PRODUCTS IRAPUATO,Castro del Río,Irapuato (Gto),Fabricación de autopartes de plástico con y sin reforzamiento,251 y más personas,DENUE 05/2026 (colonia = parque),https://www.inegi.org.mx/contenidos/masiva/denue/denue_11_csv.zip,2026-08-26
CIKAUTXO MEXICO,Colinas de León,León (Gto),Fabricación de otros productos de hule,251 y más personas,DENUE 05/2026 (colonia = parque),https://www.inegi.org.mx/contenidos/masiva/denue/denue_11_csv.zip,2026-08-26
FABRICA DE PLASTICO INYECTADO SUMMIT PLASTIC,Colinas de León,León (Gto),Fabricación de autopartes de plástico con y sin reforzamiento,101 a 250 personas,DENUE 05/2026 (colonia = parque),https://www.inegi.org.mx/contenidos/masiva/denue/denue_11_csv.zip,2026-08-26
FABRICACION DE PARTES AUTOMOTRICES ROECHLING,Guanajuato Puerto Interior,León (Gto),Fabricación de autopartes de plástico con y sin reforzamiento,101 a 250 personas,DENUE 05/2026 (colonia = parque),https://www.inegi.org.mx/contenidos/masiva/denue/denue_11_csv.zip,2026-08-26
FUJI SEAL PACKAGING DE MEXICO,Castro del Río,Irapuato (Gto),Impresión de formas continuas y otros impresos,251 y más personas,DENUE 05/2026 (colonia = parque),https://www.inegi.org.mx/contenidos/masiva/denue/denue_11_csv.zip,2026-08-26
GUALA DISPENSING MEXICO,Guanajuato Puerto Interior,Silao de la Victoria (Gto),Fabricación de envases y contenedores de plástico para embalaje con y sin reforz,251 y más personas,DENUE 05/2026 (colonia = parque),https://www.inegi.org.mx/contenidos/masiva/denue/denue_11_csv.zip,2026-08-26
IK PLASTIC COMPOUND MEXICO,Guanajuato Puerto Interior,Silao de la Victoria (Gto),Fabricación de resinas sintéticas,101 a 250 personas,DENUE 05/2026 (colonia = parque),https://www.inegi.org.mx/contenidos/masiva/denue/denue_11_csv.zip,2026-08-26
INTERNATIONAL PAPER SILAO DE LA VICTORIA,FIPASI,Silao de la Victoria (Gto),Fabricación de envases de cartón,101 a 250 personas,DENUE 05/2026 (colonia = parque),https://www.inegi.org.mx/contenidos/masiva/denue/denue_11_csv.zip,2026-08-26
KB COMPONENTS MEXICO,Castro del Río,Irapuato (Gto),Fabricación de envases y contenedores de plástico para embalaje con y sin reforz,101 a 250 personas,DENUE 05/2026 (colonia = parque),https://www.inegi.org.mx/contenidos/masiva/denue/denue_11_csv.zip,2026-08-26
KINUGAWA MEXICO,Castro del Río,Irapuato (Gto),Fabricación de otros productos de hule,251 y más personas,DENUE 05/2026 (colonia = parque),https://www.inegi.org.mx/contenidos/masiva/denue/denue_11_csv.zip,2026-08-26
MANUFACTURA DE CONTENEDORES DE PLASTICO ORBIS,Guanajuato Puerto Interior,Silao de la Victoria (Gto),Fabricación de envases y contenedores de plástico para embalaje con y sin reforz,251 y más personas,DENUE 05/2026 (colonia = parque),https://www.inegi.org.mx/contenidos/masiva/denue/denue_11_csv.zip,2026-08-26
MOLTEN AUTOMOTIVE DE MEXICO,Castro del Río,Irapuato (Gto),Fabricación de autopartes de plástico con y sin reforzamiento,101 a 250 personas,DENUE 05/2026 (colonia = parque),https://www.inegi.org.mx/contenidos/masiva/denue/denue_11_csv.zip,2026-08-26
MORIROKU TECHNOLOGY DE MEXICO,Guanajuato Puerto Interior,Silao de la Victoria (Gto),Fabricación de autopartes de plástico con y sin reforzamiento,251 y más personas,DENUE 05/2026 (colonia = parque),https://www.inegi.org.mx/contenidos/masiva/denue/denue_11_csv.zip,2026-08-26
NAPS GUANAJUATO SHAWMUT,Guanajuato Puerto Interior,Silao de la Victoria (Gto),Fabricación de autopartes de plástico con y sin reforzamiento,101 a 250 personas,DENUE 05/2026 (colonia = parque),https://www.inegi.org.mx/contenidos/masiva/denue/denue_11_csv.zip,2026-08-26
NIFCO CENTRAL MEXICO,Castro del Río,Irapuato (Gto),Fabricación de autopartes de plástico con y sin reforzamiento,251 y más personas,DENUE 05/2026 (colonia = parque),https://www.inegi.org.mx/contenidos/masiva/denue/denue_11_csv.zip,2026-08-26
NOVATEC LEON,Colinas de León,León (Gto),Fabricación de autopartes de plástico con y sin reforzamiento,101 a 250 personas,DENUE 05/2026 (colonia = parque),https://www.inegi.org.mx/contenidos/masiva/denue/denue_11_csv.zip,2026-08-26
NPAMX,Guanajuato Puerto Interior,Silao de la Victoria (Gto),Fabricación de pinturas y recubrimientos,101 a 250 personas,DENUE 05/2026 (colonia = parque),https://www.inegi.org.mx/contenidos/masiva/denue/denue_11_csv.zip,2026-08-26
PIRELLI NEUMATICOS,Guanajuato Puerto Interior,Silao de la Victoria (Gto),Fabricación de llantas y cámaras,251 y más personas,DENUE 05/2026 (colonia = parque),https://www.inegi.org.mx/contenidos/masiva/denue/denue_11_csv.zip,2026-08-26
PLASSES,Castro del Río,Irapuato (Gto),Fabricación de autopartes de plástico con y sin reforzamiento,251 y más personas,DENUE 05/2026 (colonia = parque),https://www.inegi.org.mx/contenidos/masiva/denue/denue_11_csv.zip,2026-08-26
RELATS MEXICO,Guanajuato Puerto Interior,Silao de la Victoria (Gto),"Fabricación de tubería y conexiones, y tubos para embalaje",101 a 250 personas,DENUE 05/2026 (colonia = parque),https://www.inegi.org.mx/contenidos/masiva/denue/denue_11_csv.zip,2026-08-26
SRG GLOBAL MEXICO,Castro del Río,Irapuato (Gto),Fabricación de otros productos de vidrio,251 y más personas,DENUE 05/2026 (colonia = parque),https://www.inegi.org.mx/contenidos/masiva/denue/denue_11_csv.zip,2026-08-26
STRATTEC SECURITY CORPORATION-ASDM2,Colinas de León,León (Gto),Fabricación de autopartes de plástico con y sin reforzamiento,251 y más personas,DENUE 05/2026 (colonia = parque),https://www.inegi.org.mx/contenidos/masiva/denue/denue_11_csv.zip,2026-08-26
TECHNIMARK DEL BAJIO,Guanajuato Puerto Interior,Silao de la Victoria (Gto),Fabricación de envases y contenedores de plástico para embalaje con y sin reforz,101 a 250 personas,DENUE 05/2026 (colonia = parque),https://www.inegi.org.mx/contenidos/masiva/denue/denue_11_csv.zip,2026-08-26
TGIMX,Castro del Río,Irapuato (Gto),Fabricación de autopartes de plástico con y sin reforzamiento,251 y más personas,DENUE 05/2026 (colonia = parque),https://www.inegi.org.mx/contenidos/masiva/denue/denue_11_csv.zip,2026-08-26
TIGERPOLY INDUSTRIA DE MEXICO,Guanajuato Puerto Interior,Silao de la Victoria (Gto),Fabricación de autopartes de plástico con y sin reforzamiento,251 y más personas,DENUE 05/2026 (colonia = parque),https://www.inegi.org.mx/contenidos/masiva/denue/denue_11_csv.zip,2026-08-26
TRITECH AUTOPARTS MEXICANA,Guanajuato Puerto Interior,Silao de la Victoria (Gto),Fabricación de autopartes de plástico con y sin reforzamiento,251 y más personas,DENUE 05/2026 (colonia = parque),https://www.inegi.org.mx/contenidos/masiva/denue/denue_11_csv.zip,2026-08-26
WRSI DE MEXICO WEBASTO,Castro del Río,Irapuato (Gto),Fabricación de vidrio,251 y más personas,DENUE 05/2026 (colonia = parque),https://www.inegi.org.mx/contenidos/masiva/denue/denue_11_csv.zip,2026-08-26
AAM MAQUILADORA DE MEXICO PLANTA 6,FIPASI,Silao de la Victoria (Gto),Fabricación de partes de sistemas de transmisión para vehículos automotores,251 y más personas,DENUE 05/2026 (colonia = parque),https://www.inegi.org.mx/contenidos/masiva/denue/denue_11_csv.zip,2026-08-26
AAM MAQUILADORA MEXICO,FIPASI,Silao de la Victoria (Gto),Fabricación de partes de sistemas de transmisión para vehículos automotores,251 y más personas,DENUE 05/2026 (colonia = parque),https://www.inegi.org.mx/contenidos/masiva/denue/denue_11_csv.zip,2026-08-26
AISIN TAKAOKA MEXICO,Castro del Río,Irapuato (Gto),Fabricación de partes de sistemas de frenos para vehículos automotrices,251 y más personas,DENUE 05/2026 (colonia = parque),https://www.inegi.org.mx/contenidos/masiva/denue/denue_11_csv.zip,2026-08-26
AIV MAFLOW,Guanajuato Puerto Interior,Silao de la Victoria (Gto),Fabricación de equipo de aire acondicionado y calefacción,251 y más personas,DENUE 05/2026 (colonia = parque),https://www.inegi.org.mx/contenidos/masiva/denue/denue_11_csv.zip,2026-08-26
AKEBONO BRAKE MEXICO,Guanajuato Puerto Interior,Silao de la Victoria (Gto),Fabricación de partes de sistemas de frenos para vehículos automotrices,101 a 250 personas,DENUE 05/2026 (colonia = parque),https://www.inegi.org.mx/contenidos/masiva/denue/denue_11_csv.zip,2026-08-26
ARCELORMITTAL TAILORED BLANKS SILAO,FIPASI,Silao de la Victoria (Gto),Fabricación de piezas metálicas troqueladas para vehículos automotrices,101 a 250 personas,DENUE 05/2026 (colonia = parque),https://www.inegi.org.mx/contenidos/masiva/denue/denue_11_csv.zip,2026-08-26
ASAHI ALUMINIUM MEXICO,Guanajuato Puerto Interior,Silao de la Victoria (Gto),Fabricación de motores de gasolina y sus partes para vehículos automotrices,251 y más personas,DENUE 05/2026 (colonia = parque),https://www.inegi.org.mx/contenidos/masiva/denue/denue_11_csv.zip,2026-08-26
ASPINA,Castro del Río,Irapuato (Gto),Fabricación de equipo de aire acondicionado y calefacción,251 y más personas,DENUE 05/2026 (colonia = parque),https://www.inegi.org.mx/contenidos/masiva/denue/denue_11_csv.zip,2026-08-26
ASTEMO SILAO SA DE CV,Guanajuato Puerto Interior,Silao de la Victoria (Gto),Fabricación de partes de sistemas de dirección y de suspensión para vehículos au,251 y más personas,DENUE 05/2026 (colonia = parque),https://www.inegi.org.mx/contenidos/masiva/denue/denue_11_csv.zip,2026-08-26
BORGWARNER PDS IRAPUATO,Castro del Río,Irapuato (Gto),Fabricación de partes de sistemas de transmisión para vehículos automotores,251 y más personas,DENUE 05/2026 (colonia = parque),https://www.inegi.org.mx/contenidos/masiva/denue/denue_11_csv.zip,2026-08-26
CHIYODA INTEGRE DE MEXICO,Colinas de León,León (Gto),Fabricación de asientos y accesorios interiores para vehículos automotores,101 a 250 personas,DENUE 05/2026 (colonia = parque),https://www.inegi.org.mx/contenidos/masiva/denue/denue_11_csv.zip,2026-08-26
COFICAB LEON,Guanajuato Puerto Interior,Silao de la Victoria (Gto),Fabricación de cables de conducción eléctrica,251 y más personas,DENUE 05/2026 (colonia = parque),https://www.inegi.org.mx/contenidos/masiva/denue/denue_11_csv.zip,2026-08-26
CORPORACIÓN MITSUBA DE MÉXICO,Guanajuato Puerto Interior,Silao de la Victoria (Gto),Fabricación de equipo eléctrico y electrónico y sus partes para vehículos automo,251 y más personas,DENUE 05/2026 (colonia = parque),https://www.inegi.org.mx/contenidos/masiva/denue/denue_11_csv.zip,2026-08-26
DENSO MEXICO,Guanajuato Puerto Interior,Silao de la Victoria (Gto),Fabricación de equipo eléctrico y electrónico y sus partes para vehículos automo,251 y más personas,DENUE 05/2026 (colonia = parque),https://www.inegi.org.mx/contenidos/masiva/denue/denue_11_csv.zip,2026-08-26
DONALDSON,Colinas de León,León (Gto),Fabricación de otras partes para vehículos automotrices,101 a 250 personas,DENUE 05/2026 (colonia = parque),https://www.inegi.org.mx/contenidos/masiva/denue/denue_11_csv.zip,2026-08-26
EQUIPOS PARA REDES ECLECTRICAS DEL CENTRO EPRECSA,Castro del Río,Irapuato (Gto),Fabricación de equipo y aparatos de distribución de energía eléctrica,101 a 250 personas,DENUE 05/2026 (colonia = parque),https://www.inegi.org.mx/contenidos/masiva/denue/denue_11_csv.zip,2026-08-26
FABRICA DE AUTOPARTES RONGTAI INDUSTRIAL DEVELOPMENT,Colinas de León,León (Gto),Fabricación de partes de sistemas de transmisión para vehículos automotores,251 y más personas,DENUE 05/2026 (colonia = parque),https://www.inegi.org.mx/contenidos/masiva/denue/denue_11_csv.zip,2026-08-26
FABRICA DE TORNILLOS KAMAX MEXICO,Colinas de León,León (Gto),"Fabricación de tornillos, tuercas, remaches y similares",101 a 250 personas,DENUE 05/2026 (colonia = parque),https://www.inegi.org.mx/contenidos/masiva/denue/denue_11_csv.zip,2026-08-26
FAIST ALUCAST,Guanajuato Puerto Interior,Silao de la Victoria (Gto),Moldeo por fundición de piezas metálicas no ferrosas,251 y más personas,DENUE 05/2026 (colonia = parque),https://www.inegi.org.mx/contenidos/masiva/denue/denue_11_csv.zip,2026-08-26
FREUDENBERG FILTRATION TECHNOLOGIES,Guanajuato Puerto Interior,Silao de la Victoria (Gto),Fabricación de otras partes para vehículos automotrices,101 a 250 personas,DENUE 05/2026 (colonia = parque),https://www.inegi.org.mx/contenidos/masiva/denue/denue_11_csv.zip,2026-08-26
FUJIKOKI DE MÉXICO,Castro del Río,Irapuato (Gto),Fabricación de equipo de aire acondicionado y calefacción,251 y más personas,DENUE 05/2026 (colonia = parque),https://www.inegi.org.mx/contenidos/masiva/denue/denue_11_csv.zip,2026-08-26
GEMOMEX,Castro del Río,Irapuato (Gto),Fabricación de asientos y accesorios interiores para vehículos automotores,101 a 250 personas,DENUE 05/2026 (colonia = parque),https://www.inegi.org.mx/contenidos/masiva/denue/denue_11_csv.zip,2026-08-26
GRUPO ANTOLIN SILAO,FIPASI,Silao de la Victoria (Gto),Fabricación de asientos y accesorios interiores para vehículos automotores,101 a 250 personas,DENUE 05/2026 (colonia = parque),https://www.inegi.org.mx/contenidos/masiva/denue/denue_11_csv.zip,2026-08-26
HAL ALUMINUM MEXICO,Guanajuato Puerto Interior,Silao de la Victoria (Gto),Fabricación de motores de gasolina y sus partes para vehículos automotrices,251 y más personas,DENUE 05/2026 (colonia = parque),https://www.inegi.org.mx/contenidos/masiva/denue/denue_11_csv.zip,2026-08-26
HARTING,Guanajuato Puerto Interior,Silao de la Victoria (Gto),Fabricación de componentes electrónicos,101 a 250 personas,DENUE 05/2026 (colonia = parque),https://www.inegi.org.mx/contenidos/masiva/denue/denue_11_csv.zip,2026-08-26
HIROTEC MEXICO SILAO,FIPASI,Silao de la Victoria (Gto),Fabricación de piezas metálicas troqueladas para vehículos automotrices,251 y más personas,DENUE 05/2026 (colonia = parque),https://www.inegi.org.mx/contenidos/masiva/denue/denue_11_csv.zip,2026-08-26
HIROTEC TOOLING DE MEXICO,Guanajuato Puerto Interior,Silao de la Victoria (Gto),Fabricación de otra maquinaria y equipo para la industria en general,101 a 250 personas,DENUE 05/2026 (colonia = parque),https://www.inegi.org.mx/contenidos/masiva/denue/denue_11_csv.zip,2026-08-26
HIRUTA,Guanajuato Puerto Interior,Silao de la Victoria (Gto),Fabricación de partes de sistemas de frenos para vehículos automotrices,251 y más personas,DENUE 05/2026 (colonia = parque),https://www.inegi.org.mx/contenidos/masiva/denue/denue_11_csv.zip,2026-08-26
IKD FAEZA,Castro del Río,Irapuato (Gto),Fabricación de piezas metálicas troqueladas para vehículos automotrices,251 y más personas,DENUE 05/2026 (colonia = parque),https://www.inegi.org.mx/contenidos/masiva/denue/denue_11_csv.zip,2026-08-26
INALFA ROOF SYSTEMS DE MÉXICO,Castro del Río,Irapuato (Gto),Fabricación de otras partes para vehículos automotrices,251 y más personas,DENUE 05/2026 (colonia = parque),https://www.inegi.org.mx/contenidos/masiva/denue/denue_11_csv.zip,2026-08-26
INTEVA MEXICO,Guanajuato Puerto Interior,Silao de la Victoria (Gto),Fabricación de asientos y accesorios interiores para vehículos automotores,251 y más personas,DENUE 05/2026 (colonia = parque),https://www.inegi.org.mx/contenidos/masiva/denue/denue_11_csv.zip,2026-08-26
ISS MÉXICO MANUFACTURING,Castro del Río,Irapuato (Gto),Fabricación de partes de sistemas de transmisión para vehículos automotores,101 a 250 personas,DENUE 05/2026 (colonia = parque),https://www.inegi.org.mx/contenidos/masiva/denue/denue_11_csv.zip,2026-08-26
ITT MOTION TECHNOLOGIES MÉXICO,Guanajuato Puerto Interior,Silao de la Victoria (Gto),Fabricación de otras partes para vehículos automotrices,251 y más personas,DENUE 05/2026 (colonia = parque),https://www.inegi.org.mx/contenidos/masiva/denue/denue_11_csv.zip,2026-08-26
K TECH INDUSTRIAL MEXICO,Guanajuato Puerto Interior,Silao de la Victoria (Gto),Fabricación de otras partes para vehículos automotrices,251 y más personas,DENUE 05/2026 (colonia = parque),https://www.inegi.org.mx/contenidos/masiva/denue/denue_11_csv.zip,2026-08-26
KAWADA MX,Guanajuato Puerto Interior,Silao de la Victoria (Gto),Fabricación de otras partes para vehículos automotrices,101 a 250 personas,DENUE 05/2026 (colonia = parque),https://www.inegi.org.mx/contenidos/masiva/denue/denue_11_csv.zip,2026-08-26
KROMBERG & SCHUBERT MEXICO LE IRAPUATO 75,Castro del Río,Irapuato (Gto),Fabricación de equipo eléctrico y electrónico y sus partes para vehículos automo,251 y más personas,DENUE 05/2026 (colonia = parque),https://www.inegi.org.mx/contenidos/masiva/denue/denue_11_csv.zip,2026-08-26
KYB MEXICO,Guanajuato Puerto Interior,Silao de la Victoria (Gto),Fabricación de otras partes para vehículos automotrices,251 y más personas,DENUE 05/2026 (colonia = parque),https://www.inegi.org.mx/contenidos/masiva/denue/denue_11_csv.zip,2026-08-26
MAGNA,Guanajuato Puerto Interior,Silao de la Victoria (Gto),Fabricación de productos de herrería,251 y más personas,DENUE 05/2026 (colonia = parque),https://www.inegi.org.mx/contenidos/masiva/denue/denue_11_csv.zip,2026-08-26
MAGNA AUTOMOTIVE SYSTEM,Guanajuato Puerto Interior,Silao de la Victoria (Gto),Fabricación de piezas metálicas troqueladas para vehículos automotrices,101 a 250 personas,DENUE 05/2026 (colonia = parque),https://www.inegi.org.mx/contenidos/masiva/denue/denue_11_csv.zip,2026-08-26
MAILHOT DE MEXICO,Guanajuato Puerto Interior,Silao de la Victoria (Gto),Fabricación de maquinaria y equipo para levantar y trasladar,101 a 250 personas,DENUE 05/2026 (colonia = parque),https://www.inegi.org.mx/contenidos/masiva/denue/denue_11_csv.zip,2026-08-26
MANUFACTURA DE TUBO DE ACERO PARA EL RAMO AUTOMOTRIZ NIPPON STEEL,Guanajuato Puerto Interior,Silao de la Victoria (Gto),Fabricación de piezas metálicas troqueladas para vehículos automotrices,251 y más personas,DENUE 05/2026 (colonia = parque),https://www.inegi.org.mx/contenidos/masiva/denue/denue_11_csv.zip,2026-08-26
MARQUARDT MEXICO,Castro del Río,Irapuato (Gto),Fabricación de componentes electrónicos,251 y más personas,DENUE 05/2026 (colonia = parque),https://www.inegi.org.mx/contenidos/masiva/denue/denue_11_csv.zip,2026-08-26
MARTINREA SILAO PLANTA 1,Guanajuato Puerto Interior,Silao de la Victoria (Gto),Fabricación de piezas metálicas troqueladas para vehículos automotrices,251 y más personas,DENUE 05/2026 (colonia = parque),https://www.inegi.org.mx/contenidos/masiva/denue/denue_11_csv.zip,2026-08-26
MARTINREA SILAO PLANTA2,Guanajuato Puerto Interior,Silao de la Victoria (Gto),Fabricación de piezas metálicas troqueladas para vehículos automotrices,101 a 250 personas,DENUE 05/2026 (colonia = parque),https://www.inegi.org.mx/contenidos/masiva/denue/denue_11_csv.zip,2026-08-26
MD ELEKTRONIK DE MEXICO,Colinas de León,León (Gto),Fabricación de cables de conducción eléctrica,251 y más personas,DENUE 05/2026 (colonia = parque),https://www.inegi.org.mx/contenidos/masiva/denue/denue_11_csv.zip,2026-08-26
MINEBEA ACCESOLUTIONS MEXICO,Guanajuato Puerto Interior,Silao de la Victoria (Gto),Fabricación de otras partes para vehículos automotrices,251 y más personas,DENUE 05/2026 (colonia = parque),https://www.inegi.org.mx/contenidos/masiva/denue/denue_11_csv.zip,2026-08-26
MINO,Colinas de León,León (Gto),Fabricación de piezas metálicas troqueladas para vehículos automotrices,251 y más personas,DENUE 05/2026 (colonia = parque),https://www.inegi.org.mx/contenidos/masiva/denue/denue_11_csv.zip,2026-08-26
NHK SPRING MÉXICO,Castro del Río,Irapuato (Gto),Fabricación de partes de sistemas de dirección y de suspensión para vehículos au,251 y más personas,DENUE 05/2026 (colonia = parque),https://www.inegi.org.mx/contenidos/masiva/denue/denue_11_csv.zip,2026-08-26
NSK,Guanajuato Puerto Interior,Silao de la Victoria (Gto),Maquinado de piezas metálicas para maquinaria y equipo en general,101 a 250 personas,DENUE 05/2026 (colonia = parque),https://www.inegi.org.mx/contenidos/masiva/denue/denue_11_csv.zip,2026-08-26
NSK WARNER MEXICO,Guanajuato Puerto Interior,Silao de la Victoria (Gto),Fabricación de partes de sistemas de transmisión para vehículos automotores,101 a 250 personas,DENUE 05/2026 (colonia = parque),https://www.inegi.org.mx/contenidos/masiva/denue/denue_11_csv.zip,2026-08-26
NUCOR JFE STEEL MEXICO,FIPASI,Silao de la Victoria (Gto),Fabricación de carrocerías y remolques,101 a 250 personas,DENUE 05/2026 (colonia = parque),https://www.inegi.org.mx/contenidos/masiva/denue/denue_11_csv.zip,2026-08-26
NUKABE MEXICANA,Castro del Río,Irapuato (Gto),Maquinado de piezas metálicas para maquinaria y equipo en general,251 y más personas,DENUE 05/2026 (colonia = parque),https://www.inegi.org.mx/contenidos/masiva/denue/denue_11_csv.zip,2026-08-26
OKAWA MEXICANA,Castro del Río,Irapuato (Gto),Fabricación de otras partes para vehículos automotrices,101 a 250 personas,DENUE 05/2026 (colonia = parque),https://www.inegi.org.mx/contenidos/masiva/denue/denue_11_csv.zip,2026-08-26
OSHKOSH,Colinas de León,León (Gto),Fabricación de maquinaria y equipo para levantar y trasladar,251 y más personas,DENUE 05/2026 (colonia = parque),https://www.inegi.org.mx/contenidos/masiva/denue/denue_11_csv.zip,2026-08-26
PAIGE ELECTRIC DE MEXICO,Guanajuato Puerto Interior,Silao de la Victoria (Gto),Fabricación de cables de conducción eléctrica,101 a 250 personas,DENUE 05/2026 (colonia = parque),https://www.inegi.org.mx/contenidos/masiva/denue/denue_11_csv.zip,2026-08-26
PARKER TRUTEC MEXICANA,Castro del Río,Irapuato (Gto),Recubrimientos y terminados metálicos,101 a 250 personas,DENUE 05/2026 (colonia = parque),https://www.inegi.org.mx/contenidos/masiva/denue/denue_11_csv.zip,2026-08-26
PEC,Guanajuato Puerto Interior,Silao de la Victoria (Gto),Fabricación de asientos y accesorios interiores para vehículos automotores,251 y más personas,DENUE 05/2026 (colonia = parque),https://www.inegi.org.mx/contenidos/masiva/denue/denue_11_csv.zip,2026-08-26
PLANTA DE MOTORES,Castro del Río,Irapuato (Gto),Fabricación de motores y generadores eléctricos,251 y más personas,DENUE 05/2026 (colonia = parque),https://www.inegi.org.mx/contenidos/masiva/denue/denue_11_csv.zip,2026-08-26
PLAY CLUB,Guanajuato Puerto Interior,Silao de la Victoria (Gto),Fabricación de juguetes,101 a 250 personas,DENUE 05/2026 (colonia = parque),https://www.inegi.org.mx/contenidos/masiva/denue/denue_11_csv.zip,2026-08-26
ROKI MEXICO,Guanajuato Puerto Interior,Silao de la Victoria (Gto),Fabricación de otras partes para vehículos automotrices,251 y más personas,DENUE 05/2026 (colonia = parque),https://www.inegi.org.mx/contenidos/masiva/denue/denue_11_csv.zip,2026-08-26
RYOBI,Castro del Río,Irapuato (Gto),Moldeo por fundición de piezas metálicas no ferrosas,251 y más personas,DENUE 05/2026 (colonia = parque),https://www.inegi.org.mx/contenidos/masiva/denue/denue_11_csv.zip,2026-08-26
SAGA TEKKOHSHO MEXICANA,Castro del Río,Irapuato (Gto),"Fabricación de tornillos, tuercas, remaches y similares",101 a 250 personas,DENUE 05/2026 (colonia = parque),https://www.inegi.org.mx/contenidos/masiva/denue/denue_11_csv.zip,2026-08-26
SAMOT INDUSTRIA MECANICA,Guanajuato Puerto Interior,Silao de la Victoria (Gto),Fabricación de piezas metálicas troqueladas para vehículos automotrices,101 a 250 personas,DENUE 05/2026 (colonia = parque),https://www.inegi.org.mx/contenidos/masiva/denue/denue_11_csv.zip,2026-08-26
SANAC PRECISION MEXICO,Guanajuato Puerto Interior,Silao de la Victoria (Gto),Fabricación de otras partes para vehículos automotrices,101 a 250 personas,DENUE 05/2026 (colonia = parque),https://www.inegi.org.mx/contenidos/masiva/denue/denue_11_csv.zip,2026-08-26
SANNOHASHI MANUFACTURING MEXICO,Guanajuato Puerto Interior,Silao de la Victoria (Gto),Maquinado de piezas metálicas para maquinaria y equipo en general,101 a 250 personas,DENUE 05/2026 (colonia = parque),https://www.inegi.org.mx/contenidos/masiva/denue/denue_11_csv.zip,2026-08-26
SANOH INDUSTRIAL DE MEXICO,Castro del Río,Irapuato (Gto),Fabricación de otras partes para vehículos automotrices,101 a 250 personas,DENUE 05/2026 (colonia = parque),https://www.inegi.org.mx/contenidos/masiva/denue/denue_11_csv.zip,2026-08-26
SANWA PACKING INDUSTRY MEXICO,Castro del Río,Irapuato (Gto),Fabricación de otras partes para vehículos automotrices,101 a 250 personas,DENUE 05/2026 (colonia = parque),https://www.inegi.org.mx/contenidos/masiva/denue/denue_11_csv.zip,2026-08-26
SCHAEFFLER MÉXICO,Castro del Río,Irapuato (Gto),Fabricación de baleros y rodamientos,251 y más personas,DENUE 05/2026 (colonia = parque),https://www.inegi.org.mx/contenidos/masiva/denue/denue_11_csv.zip,2026-08-26
SCHERDEL DE MEXICO,Guanajuato Puerto Interior,Silao de la Victoria (Gto),Fabricación de partes de sistemas de frenos para vehículos automotrices,251 y más personas,DENUE 05/2026 (colonia = parque),https://www.inegi.org.mx/contenidos/masiva/denue/denue_11_csv.zip,2026-08-26
SISTEMAS MECATRONICOS INTICA,Guanajuato Puerto Interior,Silao de la Victoria (Gto),Fabricación de equipo de transmisión y recepción de señales de radio y televisió,101 a 250 personas,DENUE 05/2026 (colonia = parque),https://www.inegi.org.mx/contenidos/masiva/denue/denue_11_csv.zip,2026-08-26
SK TEC MEXICANA,Castro del Río,Irapuato (Gto),Fabricación de piezas metálicas troqueladas para vehículos automotrices,101 a 250 personas,DENUE 05/2026 (colonia = parque),https://www.inegi.org.mx/contenidos/masiva/denue/denue_11_csv.zip,2026-08-26
SUMINOE TEXTILE DE MÉXICO,Castro del Río,Irapuato (Gto),Fabricación de asientos y accesorios interiores para vehículos automotores,251 y más personas,DENUE 05/2026 (colonia = parque),https://www.inegi.org.mx/contenidos/masiva/denue/denue_11_csv.zip,2026-08-26
TAIGENE MEXICO,Colinas de León,León (Gto),Fabricación de partes de sistemas de dirección y de suspensión para vehículos au,251 y más personas,DENUE 05/2026 (colonia = parque),https://www.inegi.org.mx/contenidos/masiva/denue/denue_11_csv.zip,2026-08-26
TEKFOR MEXICO,Castro del Río,Irapuato (Gto),Fabricación de partes de sistemas de transmisión para vehículos automotores,101 a 250 personas,DENUE 05/2026 (colonia = parque),https://www.inegi.org.mx/contenidos/masiva/denue/denue_11_csv.zip,2026-08-26
THK RHYTHM MEXICANA,Guanajuato Puerto Interior,Silao de la Victoria (Gto),Fabricación de piezas metálicas troqueladas para vehículos automotrices,101 a 250 personas,DENUE 05/2026 (colonia = parque),https://www.inegi.org.mx/contenidos/masiva/denue/denue_11_csv.zip,2026-08-26
THYSSENKRUPP MATERIALS DE MEXICO PLANTA SILAO,FIPASI,Silao de la Victoria (Gto),Fabricación de otros productos de hierro y acero,251 y más personas,DENUE 05/2026 (colonia = parque),https://www.inegi.org.mx/contenidos/masiva/denue/denue_11_csv.zip,2026-08-26
TOPURA FASTENER DE MÉXICO,Castro del Río,Irapuato (Gto),"Fabricación de tornillos, tuercas, remaches y similares",101 a 250 personas,DENUE 05/2026 (colonia = parque),https://www.inegi.org.mx/contenidos/masiva/denue/denue_11_csv.zip,2026-08-26
TOPY MW,Guanajuato Puerto Interior,Silao de la Victoria (Gto),Fabricación de otras partes para vehículos automotrices,101 a 250 personas,DENUE 05/2026 (colonia = parque),https://www.inegi.org.mx/contenidos/masiva/denue/denue_11_csv.zip,2026-08-26
TS TECH,Castro del Río,Irapuato (Gto),Fabricación de asientos y accesorios interiores para vehículos automotores,251 y más personas,DENUE 05/2026 (colonia = parque),https://www.inegi.org.mx/contenidos/masiva/denue/denue_11_csv.zip,2026-08-26
TSUBAKIMOTO AUTOMOTIVE MEXICO,Guanajuato Puerto Interior,Silao de la Victoria (Gto),Fabricación de partes de sistemas de transmisión para vehículos automotores,101 a 250 personas,DENUE 05/2026 (colonia = parque),https://www.inegi.org.mx/contenidos/masiva/denue/denue_11_csv.zip,2026-08-26
UACJ GROUP,Castro del Río,Irapuato (Gto),Fabricación de piezas metálicas troqueladas para vehículos automotrices,101 a 250 personas,DENUE 05/2026 (colonia = parque),https://www.inegi.org.mx/contenidos/masiva/denue/denue_11_csv.zip,2026-08-26
UGN DE MEXICO,Guanajuato Puerto Interior,Silao de la Victoria (Gto),Fabricación de asientos y accesorios interiores para vehículos automotores,251 y más personas,DENUE 05/2026 (colonia = parque),https://www.inegi.org.mx/contenidos/masiva/denue/denue_11_csv.zip,2026-08-26
USUI INTERNATIONAL MANUFACTURING MEXICO,Guanajuato Puerto Interior,Silao de la Victoria (Gto),Fabricación de tubos y postes de hierro y acero,251 y más personas,DENUE 05/2026 (colonia = parque),https://www.inegi.org.mx/contenidos/masiva/denue/denue_11_csv.zip,2026-08-26
VOLKSWAGEN MOTORES Y COMPONENTES,Guanajuato Puerto Interior,Silao de la Victoria (Gto),Fabricación de motores de gasolina y sus partes para vehículos automotrices,251 y más personas,DENUE 05/2026 (colonia = parque),https://www.inegi.org.mx/contenidos/masiva/denue/denue_11_csv.zip,2026-08-26
WASION,Guanajuato Puerto Interior,Silao de la Victoria (Gto),"Fabricación de otros instrumentos de medición, control, navegación, y equipo méd",251 y más personas,DENUE 05/2026 (colonia = parque),https://www.inegi.org.mx/contenidos/masiva/denue/denue_11_csv.zip,2026-08-26
WURTH ELEKTRONIK MEXICO,Castro del Río,Irapuato (Gto),Fabricación de equipo eléctrico y electrónico y sus partes para vehículos automo,101 a 250 personas,DENUE 05/2026 (colonia = parque),https://www.inegi.org.mx/contenidos/masiva/denue/denue_11_csv.zip,2026-08-26
B & B APPAREL,Bernardo Quintana,El Marqués (Qro),Confección en serie de uniformes,251 y más personas,DENUE 05/2026 (colonia = parque),https://www.inegi.org.mx/contenidos/masiva/denue/denue_22_csv.zip,2026-08-26
EURO NUTEC PREMIX,Bernardo Quintana,El Marqués (Qro),Elaboración de alimentos para animales,101 a 250 personas,DENUE 05/2026 (colonia = parque),https://www.inegi.org.mx/contenidos/masiva/denue/denue_22_csv.zip,2026-08-26
INTERDELI,El Marqués (zona industrial),El Marqués (Qro),Elaboración de derivados y fermentos lácteos,251 y más personas,DENUE 05/2026 (colonia = parque),https://www.inegi.org.mx/contenidos/masiva/denue/denue_22_csv.zip,2026-08-26
LYNCOTT ALIMENTARIA,El Marqués (zona industrial),El Marqués (Qro),Elaboración de derivados y fermentos lácteos,251 y más personas,DENUE 05/2026 (colonia = parque),https://www.inegi.org.mx/contenidos/masiva/denue/denue_22_csv.zip,2026-08-26
NUEVA TECNOLOGIA EN ALIMENTACION,Bernardo Quintana,El Marqués (Qro),Elaboración de alimentos para animales,251 y más personas,DENUE 05/2026 (colonia = parque),https://www.inegi.org.mx/contenidos/masiva/denue/denue_22_csv.zip,2026-08-26
PLANTA PROCESO LOS CUES,El Marqués (zona industrial),El Marqués (Qro),Congelación de guisos y otros alimentos preparados,251 y más personas,DENUE 05/2026 (colonia = parque),https://www.inegi.org.mx/contenidos/masiva/denue/denue_22_csv.zip,2026-08-26
PRODUCTOS ALIMENTICIOS Y DIETETICOS RELAMPAGO,Bernardo Quintana,El Marqués (Qro),Elaboración de gelatinas y otros postres en polvo,251 y más personas,DENUE 05/2026 (colonia = parque),https://www.inegi.org.mx/contenidos/masiva/denue/denue_22_csv.zip,2026-08-26
PROVEEDORES DE INGENIERIA ALIMENTARIA,Bernardo Quintana,El Marqués (Qro),Elaboración de condimentos y aderezos,251 y más personas,DENUE 05/2026 (colonia = parque),https://www.inegi.org.mx/contenidos/masiva/denue/denue_22_csv.zip,2026-08-26
SYLPACK,Bernardo Quintana,El Marqués (Qro),"Elaboración de dulces, chicles y productos de confitería que no sean de chocolat",101 a 250 personas,DENUE 05/2026 (colonia = parque),https://www.inegi.org.mx/contenidos/masiva/denue/denue_22_csv.zip,2026-08-26
ADVAL TECH MEXICO,El Marqués (zona industrial),El Marqués (Qro),Fabricación de autopartes de plástico con y sin reforzamiento,101 a 250 personas,DENUE 05/2026 (colonia = parque),https://www.inegi.org.mx/contenidos/masiva/denue/denue_22_csv.zip,2026-08-26
APTAR QUERETARO,El Marqués (zona industrial),El Marqués (Qro),Fabricación de otros productos de plástico de uso industrial sin reforzamiento,251 y más personas,DENUE 05/2026 (colonia = parque),https://www.inegi.org.mx/contenidos/masiva/denue/denue_22_csv.zip,2026-08-26
ASPEL MOLDING DE MEXICO,El Marqués (zona industrial),El Marqués (Qro),Fabricación de autopartes de plástico con y sin reforzamiento,101 a 250 personas,DENUE 05/2026 (colonia = parque),https://www.inegi.org.mx/contenidos/masiva/denue/denue_22_csv.zip,2026-08-26
AVERY DENNISON,Parque Industrial Querétaro,Querétaro (Qro),Fabricación de bolsas de papel y productos celulósicos recubiertos y tratados,101 a 250 personas,DENUE 05/2026 (colonia = parque),https://www.inegi.org.mx/contenidos/masiva/denue/denue_22_csv.zip,2026-08-26
CENTURY MOLD MEXICO,El Marqués (zona industrial),El Marqués (Qro),Fabricación de autopartes de plástico con y sin reforzamiento,101 a 250 personas,DENUE 05/2026 (colonia = parque),https://www.inegi.org.mx/contenidos/masiva/denue/denue_22_csv.zip,2026-08-26
CHEONG WOON MEXICO,Parque Industrial Querétaro,Querétaro (Qro),Fabricación de otros productos de plástico de uso industrial sin reforzamiento,251 y más personas,DENUE 05/2026 (colonia = parque),https://www.inegi.org.mx/contenidos/masiva/denue/denue_22_csv.zip,2026-08-26
COMISION NACIONAL DE LIBROS DE TEXTO GRATUITO,Bernardo Quintana,El Marqués (Qro),"Impresión de libros, periódicos y revistas",101 a 250 personas,DENUE 05/2026 (colonia = parque),https://www.inegi.org.mx/contenidos/masiva/denue/denue_22_csv.zip,2026-08-26
COMISION NACIONAL DE LIBROS DE TEXTO GRATUITOS,Bernardo Quintana,El Marqués (Qro),"Impresión de libros, periódicos y revistas",101 a 250 personas,DENUE 05/2026 (colonia = parque),https://www.inegi.org.mx/contenidos/masiva/denue/denue_22_csv.zip,2026-08-26
CORGRATE FIBERGLASS SYSTEMS,Bernardo Quintana,El Marqués (Qro),Fabricación de otros productos de plástico con reforzamiento,251 y más personas,DENUE 05/2026 (colonia = parque),https://www.inegi.org.mx/contenidos/masiva/denue/denue_22_csv.zip,2026-08-26
CORRUGADOS DE BAJA CALIFORNIA QUERETARO HC PLANTA,Parque Industrial Querétaro,Querétaro (Qro),Fabricación de envases de cartón,101 a 250 personas,DENUE 05/2026 (colonia = parque),https://www.inegi.org.mx/contenidos/masiva/denue/denue_22_csv.zip,2026-08-26
DELISOURCE ALIMENTOS,El Marqués (zona industrial),El Marqués (Qro),Fabricación de preparaciones farmacéuticas,101 a 250 personas,DENUE 05/2026 (colonia = parque),https://www.inegi.org.mx/contenidos/masiva/denue/denue_22_csv.zip,2026-08-26
DISTRIBUIDORA COMERCIAL JAFRA,Parque Industrial Querétaro,Querétaro (Qro),"Fabricación de cosméticos, perfumes y otras preparaciones de tocador",251 y más personas,DENUE 05/2026 (colonia = parque),https://www.inegi.org.mx/contenidos/masiva/denue/denue_22_csv.zip,2026-08-26
DOOREMALEN INDUSTRIES MEXICO,Parque Industrial Querétaro,Querétaro (Qro),Fabricación de autopartes de plástico con y sin reforzamiento,101 a 250 personas,DENUE 05/2026 (colonia = parque),https://www.inegi.org.mx/contenidos/masiva/denue/denue_22_csv.zip,2026-08-26
FERRANDIZ,El Marqués (zona industrial),El Marqués (Qro),Impresión de formas continuas y otros impresos,101 a 250 personas,DENUE 05/2026 (colonia = parque),https://www.inegi.org.mx/contenidos/masiva/denue/denue_22_csv.zip,2026-08-26
FREUDENBERG NOK SEALING TECHNOLOGIES DE MEXICO,El Marqués (zona industrial),El Marqués (Qro),Fabricación de otros productos de hule,251 y más personas,DENUE 05/2026 (colonia = parque),https://www.inegi.org.mx/contenidos/masiva/denue/denue_22_csv.zip,2026-08-26
GRUPO ABC DE MEXICO PLANTA IV,Parque Industrial Querétaro,Querétaro (Qro),Fabricación de autopartes de plástico con y sin reforzamiento,251 y más personas,DENUE 05/2026 (colonia = parque),https://www.inegi.org.mx/contenidos/masiva/denue/denue_22_csv.zip,2026-08-26
HANMAC MEXICO,Parque Industrial Querétaro,Querétaro (Qro),Fabricación de otros productos de plástico de uso industrial sin reforzamiento,251 y más personas,DENUE 05/2026 (colonia = parque),https://www.inegi.org.mx/contenidos/masiva/denue/denue_22_csv.zip,2026-08-26
IMS GEAR S,El Marqués (zona industrial),El Marqués (Qro),Fabricación de autopartes de plástico con y sin reforzamiento,251 y más personas,DENUE 05/2026 (colonia = parque),https://www.inegi.org.mx/contenidos/masiva/denue/denue_22_csv.zip,2026-08-26
INDUSTRIAS CAMCA,Bernardo Quintana,El Marqués (Qro),Fabricación de otros productos de plástico de uso industrial sin reforzamiento,101 a 250 personas,DENUE 05/2026 (colonia = parque),https://www.inegi.org.mx/contenidos/masiva/denue/denue_22_csv.zip,2026-08-26
ITW POLY MEX,Bernardo Quintana,El Marqués (Qro),Fabricación de aceites y grasas lubricantes,101 a 250 personas,DENUE 05/2026 (colonia = parque),https://www.inegi.org.mx/contenidos/masiva/denue/denue_22_csv.zip,2026-08-26
KI MEXICO,El Marqués (zona industrial),El Marqués (Qro),Fabricación de otros productos de plástico de uso industrial sin reforzamiento,101 a 250 personas,DENUE 05/2026 (colonia = parque),https://www.inegi.org.mx/contenidos/masiva/denue/denue_22_csv.zip,2026-08-26
KOPPERT MEXICO,El Marqués (zona industrial),El Marqués (Qro),"Fabricación de pesticidas y otros agroquímicos, excepto fertilizantes",101 a 250 personas,DENUE 05/2026 (colonia = parque),https://www.inegi.org.mx/contenidos/masiva/denue/denue_22_csv.zip,2026-08-26
LOSIFRA,Bernardo Quintana,El Marqués (Qro),Fabricación de productos para embalaje y envases de madera,251 y más personas,DENUE 05/2026 (colonia = parque),https://www.inegi.org.mx/contenidos/masiva/denue/denue_22_csv.zip,2026-08-26
MATERIAL Y EQUIPO LECTRICO DE QUERETARO,Bernardo Quintana,El Marqués (Qro),Fabricación de productos preesforzados de concreto,101 a 250 personas,DENUE 05/2026 (colonia = parque),https://www.inegi.org.mx/contenidos/masiva/denue/denue_22_csv.zip,2026-08-26
MEXICO YUSEI,Parque Industrial Querétaro,Querétaro (Qro),Fabricación de resinas sintéticas,101 a 250 personas,DENUE 05/2026 (colonia = parque),https://www.inegi.org.mx/contenidos/masiva/denue/denue_22_csv.zip,2026-08-26
MONOSUISSE,Parque Industrial Querétaro,Querétaro (Qro),Fabricación de fibras químicas,101 a 250 personas,DENUE 05/2026 (colonia = parque),https://www.inegi.org.mx/contenidos/masiva/denue/denue_22_csv.zip,2026-08-26
NOLATO,El Marqués (zona industrial),El Marqués (Qro),Fabricación de autopartes de plástico con y sin reforzamiento,101 a 250 personas,DENUE 05/2026 (colonia = parque),https://www.inegi.org.mx/contenidos/masiva/denue/denue_22_csv.zip,2026-08-26
NUCITEC,Parque Industrial Querétaro,Querétaro (Qro),Fabricación de preparaciones farmacéuticas,251 y más personas,DENUE 05/2026 (colonia = parque),https://www.inegi.org.mx/contenidos/masiva/denue/denue_22_csv.zip,2026-08-26
OPTOFLUX MEXICO,El Marqués (zona industrial),El Marqués (Qro),Fabricación de autopartes de plástico con y sin reforzamiento,101 a 250 personas,DENUE 05/2026 (colonia = parque),https://www.inegi.org.mx/contenidos/masiva/denue/denue_22_csv.zip,2026-08-26
PHILLIPS MEDISIZE A MOLEX COMPANY,Parque Industrial Querétaro,Querétaro (Qro),Fabricación de autopartes de plástico con y sin reforzamiento,251 y más personas,DENUE 05/2026 (colonia = parque),https://www.inegi.org.mx/contenidos/masiva/denue/denue_22_csv.zip,2026-08-26
PROVEM,Parque Industrial Querétaro,Querétaro (Qro),Fabricación de envases de cartón,101 a 250 personas,DENUE 05/2026 (colonia = parque),https://www.inegi.org.mx/contenidos/masiva/denue/denue_22_csv.zip,2026-08-26
ROBIN MEXICANA,Bernardo Quintana,El Marqués (Qro),Fabricación de bandas y mangueras de hule y de plástico,251 y más personas,DENUE 05/2026 (colonia = parque),https://www.inegi.org.mx/contenidos/masiva/denue/denue_22_csv.zip,2026-08-26
S RIKO DE QUERETARO,Bernardo Quintana,El Marqués (Qro),Fabricación de otros productos de hule,251 y más personas,DENUE 05/2026 (colonia = parque),https://www.inegi.org.mx/contenidos/masiva/denue/denue_22_csv.zip,2026-08-26
SAAR GUMMI MEXICO,Bernardo Quintana,El Marqués (Qro),Fabricación de otros productos de hule,251 y más personas,DENUE 05/2026 (colonia = parque),https://www.inegi.org.mx/contenidos/masiva/denue/denue_22_csv.zip,2026-08-26
SAINT-GOBAIN PLAKA,Parque Industrial Querétaro,Querétaro (Qro),Fabricación de yeso y productos de yeso,101 a 250 personas,DENUE 05/2026 (colonia = parque),https://www.inegi.org.mx/contenidos/masiva/denue/denue_22_csv.zip,2026-08-26
VIÑOPLASTIC INYECCION,Parque Industrial Querétaro,Querétaro (Qro),Fabricación de otros productos de plástico de uso industrial sin reforzamiento,251 y más personas,DENUE 05/2026 (colonia = parque),https://www.inegi.org.mx/contenidos/masiva/denue/denue_22_csv.zip,2026-08-26
WOCO TECH DE MEXICO,Bernardo Quintana,El Marqués (Qro),Fabricación de otros productos de hule,251 y más personas,DENUE 05/2026 (colonia = parque),https://www.inegi.org.mx/contenidos/masiva/denue/denue_22_csv.zip,2026-08-26
WYN DE MEXICO PRODUCTOS QUIMICOS,Bernardo Quintana,El Marqués (Qro),Fabricación de resinas sintéticas,251 y más personas,DENUE 05/2026 (colonia = parque),https://www.inegi.org.mx/contenidos/masiva/denue/denue_22_csv.zip,2026-08-26
ACPS AUTOMOTIVE,Parque Industrial Querétaro,Querétaro (Qro),Fabricación de carrocerías y remolques,251 y más personas,DENUE 05/2026 (colonia = parque),https://www.inegi.org.mx/contenidos/masiva/denue/denue_22_csv.zip,2026-08-26
ALPHA INDUSTRY QUERETARO,El Marqués (zona industrial),El Marqués (Qro),Fabricación de herrajes y cerraduras,251 y más personas,DENUE 05/2026 (colonia = parque),https://www.inegi.org.mx/contenidos/masiva/denue/denue_22_csv.zip,2026-08-26
AMQ,Bernardo Quintana,El Marqués (Qro),Fabricación de piezas metálicas troqueladas para vehículos automotrices,101 a 250 personas,DENUE 05/2026 (colonia = parque),https://www.inegi.org.mx/contenidos/masiva/denue/denue_22_csv.zip,2026-08-26
ASIENTOS ESTEBAN MEXICO,Bernardo Quintana,El Marqués (Qro),Fabricación de asientos y accesorios interiores para vehículos automotores,101 a 250 personas,DENUE 05/2026 (colonia = parque),https://www.inegi.org.mx/contenidos/masiva/denue/denue_22_csv.zip,2026-08-26
ASTEMO MEXICO,Parque Industrial Querétaro,Querétaro (Qro),Fabricación de partes de sistemas de dirección y de suspensión para vehículos au,251 y más personas,DENUE 05/2026 (colonia = parque),https://www.inegi.org.mx/contenidos/masiva/denue/denue_22_csv.zip,2026-08-26
AURIA,Bernardo Quintana,El Marqués (Qro),Fabricación de asientos y accesorios interiores para vehículos automotores,251 y más personas,DENUE 05/2026 (colonia = parque),https://www.inegi.org.mx/contenidos/masiva/denue/denue_22_csv.zip,2026-08-26
AUTO CAST MEXICO,Bernardo Quintana,El Marqués (Qro),Fabricación de piezas metálicas troqueladas para vehículos automotrices,101 a 250 personas,DENUE 05/2026 (colonia = parque),https://www.inegi.org.mx/contenidos/masiva/denue/denue_22_csv.zip,2026-08-26
AUTOLIV,El Marqués (zona industrial),El Marqués (Qro),Fabricación de otras partes para vehículos automotrices,251 y más personas,DENUE 05/2026 (colonia = parque),https://www.inegi.org.mx/contenidos/masiva/denue/denue_22_csv.zip,2026-08-26
BMC MEXICO AUTO PARTS,Parque Industrial Querétaro,Querétaro (Qro),Fabricación de productos metálicos forjados y troquelados,101 a 250 personas,DENUE 05/2026 (colonia = parque),https://www.inegi.org.mx/contenidos/masiva/denue/denue_22_csv.zip,2026-08-26
BOMBARDIER AEROSPACE MEXICO,El Marqués (zona industrial),El Marqués (Qro),Fabricación de equipo aeroespacial,101 a 250 personas,DENUE 05/2026 (colonia = parque),https://www.inegi.org.mx/contenidos/masiva/denue/denue_22_csv.zip,2026-08-26
BROSE,El Marqués (zona industrial),El Marqués (Qro),Fabricación de otras partes para vehículos automotrices,251 y más personas,DENUE 05/2026 (colonia = parque),https://www.inegi.org.mx/contenidos/masiva/denue/denue_22_csv.zip,2026-08-26
CLIMATE SYSTEMS MEXICANA,El Marqués (zona industrial),El Marqués (Qro),Fabricación de otras partes para vehículos automotrices,251 y más personas,DENUE 05/2026 (colonia = parque),https://www.inegi.org.mx/contenidos/masiva/denue/denue_22_csv.zip,2026-08-26
COMMOSA,El Marqués (zona industrial),El Marqués (Qro),Fabricación de carrocerías y remolques,101 a 250 personas,DENUE 05/2026 (colonia = parque),https://www.inegi.org.mx/contenidos/masiva/denue/denue_22_csv.zip,2026-08-26
DANFOSS,Parque Industrial Querétaro,Querétaro (Qro),Fabricación de otras partes para vehículos automotrices,251 y más personas,DENUE 05/2026 (colonia = parque),https://www.inegi.org.mx/contenidos/masiva/denue/denue_22_csv.zip,2026-08-26
DIVISION WIPERS L17 VESTA1,Parque Industrial Querétaro,Querétaro (Qro),Fabricación de equipo eléctrico y electrónico y sus partes para vehículos automo,251 y más personas,DENUE 05/2026 (colonia = parque),https://www.inegi.org.mx/contenidos/masiva/denue/denue_22_csv.zip,2026-08-26
DK MEX,Bernardo Quintana,El Marqués (Qro),Fabricación de equipo de refrigeración industrial y comercial,101 a 250 personas,DENUE 05/2026 (colonia = parque),https://www.inegi.org.mx/contenidos/masiva/denue/denue_22_csv.zip,2026-08-26
ECKERLE DE MEXICO,Parque Industrial Querétaro,Querétaro (Qro),Fabricación de equipo eléctrico y electrónico y sus partes para vehículos automo,251 y más personas,DENUE 05/2026 (colonia = parque),https://www.inegi.org.mx/contenidos/masiva/denue/denue_22_csv.zip,2026-08-26
EIKA MEXICO,Bernardo Quintana,El Marqués (Qro),Fabricación de otros productos eléctricos,251 y más personas,DENUE 05/2026 (colonia = parque),https://www.inegi.org.mx/contenidos/masiva/denue/denue_22_csv.zip,2026-08-26
EMZ HANAUER DE MEXICO,El Marqués (zona industrial),El Marqués (Qro),Fabricación de aparatos de línea blanca,251 y más personas,DENUE 05/2026 (colonia = parque),https://www.inegi.org.mx/contenidos/masiva/denue/denue_22_csv.zip,2026-08-26
FEDERAL MOGUL SP MEXICO,Parque Industrial Querétaro,Querétaro (Qro),Fabricación de otras partes para vehículos automotrices,101 a 250 personas,DENUE 05/2026 (colonia = parque),https://www.inegi.org.mx/contenidos/masiva/denue/denue_22_csv.zip,2026-08-26
FEG DE QUERETARO,Parque Industrial Querétaro,Querétaro (Qro),Fabricación de productos metálicos forjados y troquelados,251 y más personas,DENUE 05/2026 (colonia = parque),https://www.inegi.org.mx/contenidos/masiva/denue/denue_22_csv.zip,2026-08-26
FRENOS Y MECANISMOS,Parque Industrial Querétaro,Querétaro (Qro),Fabricación de partes de sistemas de frenos para vehículos automotrices,251 y más personas,DENUE 05/2026 (colonia = parque),https://www.inegi.org.mx/contenidos/masiva/denue/denue_22_csv.zip,2026-08-26
GREENKOTE,Parque Industrial Querétaro,Querétaro (Qro),Recubrimientos y terminados metálicos,101 a 250 personas,DENUE 05/2026 (colonia = parque),https://www.inegi.org.mx/contenidos/masiva/denue/denue_22_csv.zip,2026-08-26
HARMAN DE MEXICO,Parque Industrial Querétaro,Querétaro (Qro),Fabricación de equipo de audio y de video,251 y más personas,DENUE 05/2026 (colonia = parque),https://www.inegi.org.mx/contenidos/masiva/denue/denue_22_csv.zip,2026-08-26
HATCH STAMPING DE MEXICO,El Marqués (zona industrial),El Marqués (Qro),Fabricación de piezas metálicas troqueladas para vehículos automotrices,101 a 250 personas,DENUE 05/2026 (colonia = parque),https://www.inegi.org.mx/contenidos/masiva/denue/denue_22_csv.zip,2026-08-26
HC QUERETARO,El Marqués (zona industrial),El Marqués (Qro),Fabricación de partes de sistemas de frenos para vehículos automotrices,251 y más personas,DENUE 05/2026 (colonia = parque),https://www.inegi.org.mx/contenidos/masiva/denue/denue_22_csv.zip,2026-08-26
HI LEX MEXICANA,El Marqués (zona industrial),El Marqués (Qro),Fabricación de otras partes para vehículos automotrices,251 y más personas,DENUE 05/2026 (colonia = parque),https://www.inegi.org.mx/contenidos/masiva/denue/denue_22_csv.zip,2026-08-26
INDUSTRIAS MONTACARGAS CROWN,Parque Industrial Querétaro,Querétaro (Qro),Fabricación de maquinaria y equipo para levantar y trasladar,251 y más personas,DENUE 05/2026 (colonia = parque),https://www.inegi.org.mx/contenidos/masiva/denue/denue_22_csv.zip,2026-08-26
INLAND TRAILER,El Marqués (zona industrial),El Marqués (Qro),Fabricación de carrocerías y remolques,101 a 250 personas,DENUE 05/2026 (colonia = parque),https://www.inegi.org.mx/contenidos/masiva/denue/denue_22_csv.zip,2026-08-26
INTEGRITY TOOL AND MOLD DE MEXICO,El Marqués (zona industrial),El Marqués (Qro),Fabricación de maquinaria y equipo para la industria metalmecánica,251 y más personas,DENUE 05/2026 (colonia = parque),https://www.inegi.org.mx/contenidos/masiva/denue/denue_22_csv.zip,2026-08-26
IRIZAR MEXICO,Bernardo Quintana,El Marqués (Qro),Fabricación de camiones y tractocamiones,251 y más personas,DENUE 05/2026 (colonia = parque),https://www.inegi.org.mx/contenidos/masiva/denue/denue_22_csv.zip,2026-08-26
JB TECNICS MEXICO,El Marqués (zona industrial),El Marqués (Qro),Fabricación de material desechable de uso médico,101 a 250 personas,DENUE 05/2026 (colonia = parque),https://www.inegi.org.mx/contenidos/masiva/denue/denue_22_csv.zip,2026-08-26
JOHNSON MATTHEY DE MÉXICO,Bernardo Quintana,El Marqués (Qro),Fabricación de otras partes para vehículos automotrices,251 y más personas,DENUE 05/2026 (colonia = parque),https://www.inegi.org.mx/contenidos/masiva/denue/denue_22_csv.zip,2026-08-26
MALASA MEX CONTRACT,Bernardo Quintana,El Marqués (Qro),Fabricación de muebles de oficina y estantería,101 a 250 personas,DENUE 05/2026 (colonia = parque),https://www.inegi.org.mx/contenidos/masiva/denue/denue_22_csv.zip,2026-08-26
MANN HUMMEL MEXICO,Parque Industrial Querétaro,Querétaro (Qro),Fabricación de otras partes para vehículos automotrices,251 y más personas,DENUE 05/2026 (colonia = parque),https://www.inegi.org.mx/contenidos/masiva/denue/denue_22_csv.zip,2026-08-26
MICROPLANE MEXICANA,El Marqués (zona industrial),El Marqués (Qro),Fabricación de utensilios de cocina metálicos,101 a 250 personas,DENUE 05/2026 (colonia = parque),https://www.inegi.org.mx/contenidos/masiva/denue/denue_22_csv.zip,2026-08-26
MSA DE MEXICO,El Marqués (zona industrial),El Marqués (Qro),"Fabricación de equipo no electrónico para uso médico, dental y para laboratorio",251 y más personas,DENUE 05/2026 (colonia = parque),https://www.inegi.org.mx/contenidos/masiva/denue/denue_22_csv.zip,2026-08-26
NEATON AUTO MEXICANA,El Marqués (zona industrial),El Marqués (Qro),Fabricación de asientos y accesorios interiores para vehículos automotores,251 y más personas,DENUE 05/2026 (colonia = parque),https://www.inegi.org.mx/contenidos/masiva/denue/denue_22_csv.zip,2026-08-26
NETTELHOFF COLECTORES MEXICO,Bernardo Quintana,El Marqués (Qro),Fabricación de motores de gasolina y sus partes para vehículos automotrices,101 a 250 personas,DENUE 05/2026 (colonia = parque),https://www.inegi.org.mx/contenidos/masiva/denue/denue_22_csv.zip,2026-08-26
NIHON PLAST MEXICANA,Bernardo Quintana,El Marqués (Qro),Fabricación de asientos y accesorios interiores para vehículos automotores,251 y más personas,DENUE 05/2026 (colonia = parque),https://www.inegi.org.mx/contenidos/masiva/denue/denue_22_csv.zip,2026-08-26
PETERSON SPRING,El Marqués (zona industrial),El Marqués (Qro),"Fabricación de alambre, productos de alambre y resortes",101 a 250 personas,DENUE 05/2026 (colonia = parque),https://www.inegi.org.mx/contenidos/masiva/denue/denue_22_csv.zip,2026-08-26
SAMSUNG ELECTRONICS DIGITAL APPLIANCES MEXICO,Parque Industrial Querétaro,Querétaro (Qro),Fabricación de aparatos de línea blanca,251 y más personas,DENUE 05/2026 (colonia = parque),https://www.inegi.org.mx/contenidos/masiva/denue/denue_22_csv.zip,2026-08-26
TROQUELADORA BATESVILLE DE MEXICO,Parque Industrial Querétaro,Querétaro (Qro),Fabricación de productos metálicos forjados y troquelados,251 y más personas,DENUE 05/2026 (colonia = parque),https://www.inegi.org.mx/contenidos/masiva/denue/denue_22_csv.zip,2026-08-26
VALEO SISTEMAS ELECTRICOS LIGTHING L17,Parque Industrial Querétaro,Querétaro (Qro),Fabricación de equipo eléctrico y electrónico y sus partes para vehículos automo,251 y más personas,DENUE 05/2026 (colonia = parque),https://www.inegi.org.mx/contenidos/masiva/denue/denue_22_csv.zip,2026-08-26
VENTRAMEX,Bernardo Quintana,El Marqués (Qro),Fabricación de partes de sistemas de frenos para vehículos automotrices,251 y más personas,DENUE 05/2026 (colonia = parque),https://www.inegi.org.mx/contenidos/masiva/denue/denue_22_csv.zip,2026-08-26
VIBRACOUSTIC DE MEXICO QUERETARO,El Marqués (zona industrial),El Marqués (Qro),Fabricación de partes de sistemas de dirección y de suspensión para vehículos au,101 a 250 personas,DENUE 05/2026 (colonia = parque),https://www.inegi.org.mx/contenidos/masiva/denue/denue_22_csv.zip,2026-08-26
WATLOW DE MEXICO,El Marqués (zona industrial),El Marqués (Qro),Fabricación de otros productos eléctricos,251 y más personas,DENUE 05/2026 (colonia = parque),https://www.inegi.org.mx/contenidos/masiva/denue/denue_22_csv.zip,2026-08-26
