no,nombre_instalacion,estado,anio_vigencia,tipo_certificado
1,"PETRÓLEOS MEXICANOS, HOSPITAL GENERAL ÉBANO",San Luis Potosi,2025,Calidad Ambiental
2,"CASA CUERVO, S.A. DE C.V. PLANTA CAMICHINES",Jalisco,2025,Industria Limpia
3,"CFE DISTRIBUCIÓN, GERENCIA GOLFO NORTE, ZONA PIEDRAS NEGRAS, SUBESTACIÓN FUENTE",Coahuila,2025,Calidad Ambiental
4,"CFE DISTRIBUCIÓN, GERENCIA GOLFO NORTE, ZONA PIEDRAS NEGRAS, SUBESTACIÓN AMISTAD",Coahuila,2025,Calidad Ambiental
5,"MANTENIMIENTO INTEGRAL FINSA, S.A. DE C.V. (PARQUE INDUSTRIAL FINSA QUERÉTARO I)",Queretaro,2025,Calidad Ambiental
6,"TEQUILA SIETE LEGUAS, S.A. DE C.V. (PLANTA LA VENCEDORA)",Jalisco,2025,Industria Limpia
7,"LEAR CORPORATION MÉXICO, S. DE R.L. DE C.V., PLANTA TLÁHUAC",Cd. de México / Zmvm,2025,Industria Limpia
8,"CORPORACIÓN MULTIMODAL, S.A. DE C.V.",Colima,2025,Calidad Ambiental
9,"GRANELERA MANZANILLO, S.A. DE C.V.",Colima,2025,Calidad Ambiental
10,"PROMOTORA TURÍSTICA COSTA DE ORO, S.A. DE C.V.(GRAND FIESTA AMERICANA VERACRUZ)",Veracruz,2025,Calidad Ambiental Turistica
11,"HELLA AUTOMOTIVE MÉXICO, S.A. DE C.V. PLANTA PL7",Guanajuato,2025,Industria Limpia
12,"CFE DISTRIBUCIÓN, GERENCIA ORIENTE, ZONA TEZIUTLÁN, SUBESTACIÓN MARGARITAS",Puebla,2025,Calidad Ambiental
13,"INGREDION MÉXICO, S.A. DE C.V. PLANTA PARAÍSO",Jalisco,2025,Industria Limpia
14,"ENVASES UNIVERSALES DE MÉXICO, S.A.P.I. DE C.V. (PLANTA 1006, TEPOTZOTLÁN)",México,2025,Industria Limpia
15,EMBOTELLADORA MEXICANA DE BEBIDAS REFRESCANTES S. DE R.L. DE C.V. (PLANTA LOS REYES),Cd. de México / Zmvm,2025,Industria Limpia
16,"ALAMBRADOS Y CIRCUITOS ELÉCTRICOS, S. DE R.L. DE C.V. (PLANTA X)",Chihuahua,2025,Industria Limpia
17,"SDS DE MÉXICO, S. DE R.L DE C.V.",Baja California,2025,Industria Limpia
18,"ENVASES UNIVERSALES DE MÉXICO, S.A.P.I. DE C.V. PLANTA TORREÓN",Coahuila,2025,Industria Limpia
19,"CFE DISTRIBUCIÓN, GERENCIA BAJA CALIFORNIA, ZONA TIJUANA SUBESTACIÓN ELÉCTRICA ENCINAL",Baja California,2025,Calidad Ambiental
20,"CFE DISTRIBUCIÓN, GERENCIA BAJA CALIFORNIA, ZONA TIJUANA, SUBESTACIÓN TECATE UNO",Baja California,2025,Calidad Ambiental
21,"CFE DISTRIBUCIÓN, GERENCIA BAJA CALIFORNIA, ZONA TIJUANA (SUBESTACIÓN ELÉCTRICA VALLE DE LAS PALMAS)",Baja California,2025,Calidad Ambiental
22,"CFE DISTRIBUCIÓN, GERENCIA ORIENTE, ZONA TEZIUTLÁN, SUBESTACIONES HUMEROS III Y TEZIUTLÁN II",Puebla,2025,Calidad Ambiental
23,"EVM ENERGIA DEL VALLE DE MÉXICO, S.A.P.I. DE C.V., (EVM I)",México,2025,Industria Limpia
24,"AUTOS JUVENTUD DE CHIHUAHUA, S.A. DE C.V.",Chihuahua,2025,Calidad Ambiental
25,"CFE DISTRIBUCIÓN, GERENCIA ORIENTE, ZONA PAPALOAPAN, SUBESTACIONES EL JICARO, GRANJA TRES, RODRÍGUEZ CLARA, TLACOTALPAN Y PLAYA VICENTE",Veracruz,2025,Calidad Ambiental
26,"CFE DISTRIBUCIÓN, GERENCIA ORIENTE, ZONA TEZIUTLÁN, SUBESTACIONES SANTA SOFIA, VEGA DE ALATORRE, TLAPACOYAN Y ALTOTONGA",Veracruz,2025,Calidad Ambiental
27,"CFE DISTRIBUCIÓN, GERENCIA ORIENTE, ZONA CÓRDOBA, SUBESTACIÓN OMEALCA",Veracruz,2025,Calidad Ambiental
28,"CFE DISTRIBUCIÓN, GERENCIA ORIENTE, ZONA COATZACOALCOS, SUBESTACIONES UXPANAPA TRES, NUEVO MORELOS, EMILIANO ZAPATA, CHINAMECA DOS, NANCHITAL DOS Y PAJARITOS DOS",Veracruz,2025,Calidad Ambiental
29,"CFE DISTRIBUCIÓN, GERENCIA ORIENTE, ZONA LOS TUXTLAS, SUBESTACIONES CHILAPAN AMPLIACIÓN Y HUEYAPAN DE OCAMPO",Veracruz,2025,Calidad Ambiental
30,"CFE DISTRIBUCIÓN, GERENCIA ORIENTE, ZONA POZA RICA, SUBESTACIONES LA BARRA, IXHUATLAN, AEROPUERTO Y POZA RICA TRES",Veracruz,2025,Calidad Ambiental
31,"ROSAN INTERNACIONAL, S.C. DE R.L. DE C.V",Tlaxcala,2025,Industria Limpia
32,"CONSORCIO INDUSTRIAL MEXICANO DE AUTOPARTES, S. DE R.L. DE C.V., PLANTA TOLUCA",México,2025,Industria Limpia
33,"GRUPO AMERICAN INDUSTRIES, S.A. DE C.V. (PROYECTO TEXTRON AEROSPACE DE MÉXICO PLANTA 3)",Chihuahua,2025,Industria Limpia
34,PRODUCTORA NACIONAL DE BIOLÓGICOS VETERINARIOS (PRONABIVE),Cd. de México / Zmvm,2025,Industria Limpia
35,"GRANJAS CARROLL DE MÉXICO, S. DE R.L. DE C.V. (GRANJA 1 SITIOS 1-1/2-1, 1-2A, 1-2B/2-2, 1-3A, 1-3B/2-3)",Veracruz,2025,Calidad Ambiental
36,"GRANJAS CARROLL DE MÉXICO, S. DE R.L. DE C.V. (GRANJA 11: SITIOS 11-1, 11-2 A, 11-2B, 11-3 A, 11-3B AHORA LLAMADA 4-3)",Veracruz,2025,Calidad Ambiental
37,"ELECTRÓNICA CLARION, S.A. DE C.V.",Queretaro,2025,Industria Limpia
38,"CFE DISTRIBUCIÓN, GERENCIA BAJA CALIFORNIA, ZONA SAN LUIS, SUBESTACIÓN OCKERSON",Baja California,2025,Calidad Ambiental
39,"CFE DISTRIBUCIÓN, GERENCIA BAJA CALIFORNIA, ZONA SAN LUIS SUBESTACIÓN PAREDONES",Baja California,2025,Calidad Ambiental
40,"CFE DISTRIBUCIÓN, GERENCIA BAJA CALIFORNIA, ZONA SAN LUIS (SUBESTACIÓN ELÉCTRICA SANTA ROSA)",Baja California,2025,Calidad Ambiental
41,"MULTIPAK, S.A. DE C.V. (PLANTA DURANGO)",Durango,2025,Industria Limpia
42,INSTITUTO DE CIENCIAS FORENSES (INCIFO),Cd. de México / Zmvm,2025,Calidad Ambiental
43,"CORPORACION INTEGRAL DE COMERCIO EXTERIOR, S.A. DE C.V. (TERMINAL MULTIUSOS)",Veracruz,2025,Calidad Ambiental
44,"CFE DISTRIBUCIÓN, GERENCIA PENINSULAR, ZONA RIVIERA MAYA, SUBESTACIONES AK TUNCHEN Y AKUMAL II",Quintana Roo,2025,Calidad Ambiental
45,"CFE DISTRIBUCIÓN, GERENCIA GOLFO CENTRO, ZONA SAN LUIS POTOSÍ, SUBESTACIÓN SAN LUIS PONIENTE Y SENDERO",San Luis Potosi,2025,Calidad Ambiental
46,"CFE DISTRIBUCIÓN, GERENCIA GOLFO CENTRO, ZONA MATEHUALA, SUBESTACIONES MOCTEZUMA Y MATEHUALA SUR",San Luis Potosi,2025,Calidad Ambiental
47,"CFE DISTRIBUCIÓN, GERENCIA GOLFO CENTRO, ZONA VALLES, SUBESTACIÓN LA ROSITA",San Luis Potosi,2025,Calidad Ambiental
48,"CFE DISTRIBUCIÓN, GERENCIA GOLFO CENTRO, ZONA MANTE, SUBESTACIONES MANUEL, MANTE Y CITROFRUT.",Tamaulipas,2025,Calidad Ambiental
49,"BIMBO, S.A. DE C.V. PLANTA BIMBO OCCIDENTE",Jalisco,2025,Industria Limpia
50,"CFE GENERACIÓN II EPS, (CENTRAL HIDROELÉCTRICA COLIMILLA)",Jalisco,2025,Industria Limpia
51,"CFE GENERACIÓN II EPS, (CENTRAL HIDROELÉCTRICA PUENTE GRANDE)",Jalisco,2025,Industria Limpia
52,"CFE GENERACIÓN II EPS, (CENTRAL HIDROELÉCTRICA LUIS M. ROJAS)",Jalisco,2025,Industria Limpia
53,"CFE GENERACIÓN II EPS, CENTRAL HIDROELÉCTRICA GRAL. MANUEL M. DIÉGUEZ",Jalisco,2025,Industria Limpia
54,"SÚRFAX, S.A. DE C.V.",Jalisco,2025,Industria Limpia
55,"RÍO BRAVO ELÉCTRICOS, S. DE R.L. DE C.V. (PLANTA VII)",Chihuahua,2025,Industria Limpia
56,"COMPAĄÍA EMBOTELLADORA DEL FUERTE, S. DE R.L. DE C.V. PLANTA LOS MOCHIS",Sinaloa,2025,Industria Limpia
57,"LEAR MEXICAN TRIM OPERATIONS, S. DE R.L. DE C.V., PLANTA PIEDRAS NEGRAS III",Coahuila,2025,Industria Limpia
58,"LEAR MEXICAN TRIM OPERATIONS, S. DE R.L. DE C.V., PLANTA NCG EDIFICIO PAQUIME",Chihuahua,2025,Industria Limpia
59,"LEAR ELECTRICAL SYSTEMS DE MÉXICO, S. DE R.L. DE C.V., PLANTA INTERMEX",Chihuahua,2025,Industria Limpia
60,"LEAR ELECTRICAL SYSTEMS DE MÉXICO, S. DE R.L. DE C.V., PLANTA ALPHA",Chihuahua,2025,Industria Limpia
61,"AEROPUERTO DE TAPACHULA, S.A. DE C.V.",Chiapas,2025,Calidad Ambiental
62,PROMOTORA AMBIENTAL DE LA LAGUNA S.A. DE C.V. (OFICINAS Y TALLER LOS MOCHIS),Sinaloa,2025,Calidad Ambiental
63,"PROMOTORA AMBIENTAL DE LA LAGUNA, S.A. DE C.V. (DIVISIÓN, LOS MOCHIS RELLENO SANITARIO)",Sinaloa,2025,Calidad Ambiental
64,"PROMOTORA AMBIENTAL DE LA LAGUNA, S.A. DE C.V. (DIVISIÓN GUASAVE, RECOLECCIÓN Y RELLENO SANITARIO)",Sinaloa,2025,Calidad Ambiental
65,"SERVICIOS ESTRELLA AZUL DE OCCIDENTE, S.A. DE C.V. (PLANTA MONTERREY)",Nuevo León,2025,Calidad Ambiental
66,"PELIKAN MÉXICO, S.A. DE C.V.",Puebla,2025,Industria Limpia
67,"MULTI-COLOR LABEL CORPORATION-MÉXICO, S.A. DE C.V.",Jalisco,2025,Industria Limpia
68,"PRAXAIR MÉXICO, S. DE R.L. DE C.V. (COMPLEJO GUADALAJARA)",Jalisco,2025,Industria Limpia
69,"SAFRAN LANDING SYSTEMS SERVICES AMERICAS, S.A. DE C.V.",Queretaro,2025,Industria Limpia
70,"FLEXTRONICS TECHNOLOGIES MÉXICO, S. DE R.L. DE C.V.",Jalisco,2025,Industria Limpia
71,CFE GENERACIÓN I EPS (CENTRAL HIDROELÉCTRICA ING. FERNANDO HIRIART BALDERRAMA),Hidalgo,2025,Industria Limpia
72,"CONTINENTAL AUTOMOTIVE GUADALAJARA MÉXICO, S. DE R.L. DE C.V. PLANTA PERIFÉRICO",Jalisco,2025,Industria Limpia
73,"LEAR MEXICAN TRIM OPERATIONS, S. DE R.L. DE C.V., PLANTA CASAS GRANDES",Chihuahua,2025,Industria Limpia
74,"SERVICIOS REFRESQUEROS DEL GOLFO Y BAJÍO, S. DE R.L. DE C.V. (PLANTA COATEPEC)",Veracruz,2025,Industria Limpia
75,"DRAGADOS OFFSHORE DE MÉXICO, S.A. DE C.V., PATIO TAMPICO",Veracruz,2025,Industria Limpia
76,"MANUFACTURERA EL JARUDO, S. DE R.L. DE C.V. (PLANTA SELLOS DE JUÁREZ)",Chihuahua,2025,Industria Limpia
77,"INDUSTRIAL PATRONA, S.A. DE C.V.",Veracruz,2025,Industria Limpia
78,"GRUPO YAZAKI, S.A DE C.V. (PLANTA TECOMAN)",Colima,2025,Industria Limpia
79,"EVONIK INDUSTRIES DE MÉXICO, S.A. DE C.V., CENTRO DE DISTRIBUCIÓN QUERÉTARO",Queretaro,2025,Calidad Ambiental
80,"AEROPUERTO DE AGUASCALIENTES, S.A. DE C.V.",Aguascalientes,2025,Calidad Ambiental
81,"CFE DISTRIBUCIÓN, GERENCIA GOLFO CENTRO, ZONA VICTORIA, SUBESTACIONES LIBERTAD, OLIVO Y BICENTENARIO",Tamaulipas,2025,Calidad Ambiental
82,"SERVICIOS ECOLÓGICOS Y RECICLADOS, S. DE R.L.M.I. (SUCURSAL JUÁREZ)",Chihuahua,2025,Calidad Ambiental
83,"CAMIONERA DEL PACÍFICO, S.A. DE C.V. (SUCURSAL MAZATLÁN)",Sinaloa,2025,Calidad Ambiental
84,MARTÍNEZ CHATARRA S.A. DE C.V.,Sinaloa,2025,Calidad Ambiental
85,"AEROPUERTO DE LA PAZ, S.A. DE C.V.",Baja California Sur,2025,Calidad Ambiental
86,"KENWORTH DE JALISCO, S.A. DE C.V. (SUCURSAL. COLIMA)",Colima,2025,Calidad Ambiental
87,"CFE TRANSMISIÓN, GERENCIA ORIENTE, ZONA TEMASCAL, SUBESTACIÓN CERRO DE ORO",Oaxaca,2025,Calidad Ambiental
88,"CFE DISTRIBUCIÓN, GERENCIA PENINSULAR, ZONA CANCÚN, SUBESTACIONES PLAYA MUJERES Y PUNTA SAM",Quintana Roo,2025,Calidad Ambiental
89,"CFE DISTRIBUCIÓN, GERENCIA PENINSULAR, ZONA MOTUL, SUBESTACIONES: TEMAX Y SANTO DOMINGO",Yucatán,2025,Calidad Ambiental
90,AEROPUERTOS Y SERVICIOS AUXILIARES (AEROPUERTO NACIONAL DE POZA RICA),Veracruz,2025,Calidad Ambiental
91,MARINTER S.A. DE C.V.,Cd. de México / Zmvm,2025,Calidad Ambiental
92,"BASF MEXICANA, S.A. DE C.V. SITIO PUEBLA",Puebla,2025,Industria Limpia
93,"EUWE EUGEN WEXLER DE MÉXICO, S.A. DE C.V.",Tlaxcala,2025,Industria Limpia
94,"HONDA DE MÉXICO, S.A. DE C.V. (PLANTA MOTOCICLETAS)",Jalisco,2025,Industria Limpia
95,"BARCEL, S.A. DE C.V. PLANTA ATITALAQUIA",Hidalgo,2025,Industria Limpia
96,"AGNICO EAGLE MÉXICO, S.A. DE C.V. (UNIDAD PINOS ALTOS)",Chihuahua,2026,Industria Limpia
97,"SMURFIT CARTÓN Y PAPEL DE MÉXICO, S.A. DE C.V. (PLANTA CORRUGADO CULIACÁN)",Sinaloa,2026,Industria Limpia
98,"INMUEBLES DEL GOLFO, S. DE R.L. DE C.V. PLANTA SAN CRISTOBAL",Chiapas,2025,Industria Limpia
99,"DENSO AIR SYSTEMS DE MÉXICO, S.A. DE C.V.",Coahuila,2025,Industria Limpia
100,BIMBO S.A. DE C.V. PLANTA CHIHUAHUA,Chihuahua,2025,Industria Limpia
101,"APTIV CONTRACT SERVICES ZACATECAS, S. DE R.L. DE C.V. (PLANTA IV)",Zacatecas,2025,Industria Limpia
102,"ENVASES UNIVERSALES DE MÉXICO, S.A.P.I. DE C.V. PLANTA 2001 MAZATLÁN",Sinaloa,2025,Industria Limpia
103,TEKNIA MÉXICO CITY S.A. DE C.V.,Cd. de México / Zmvm,2025,Industria Limpia
104,NETZAHUALCÓYOTL PRECIADO TORRES (LABORATORIOS PRECIADO MONTES CORPORATIVO),Colima,2025,Calidad Ambiental
105,"TU MEJOR AGENCIA AUTOMOTRIZ, S.A. DE C.V. (SUCURSAL CUAUHTÉMOC)",Chihuahua,2026,Calidad Ambiental
106,PROPIMEX S. DE R.L. DE C.V. (CENTRO DE DISTRIBUCIÓN ZIHUATANEJO),Guerrero,2026,Calidad Ambiental
107,"CFE DISTRIBUCIÓN, GERENCIA ORIENTE, ZONA POZA RICA, SUBESTACIONES COATZINTLA Y CAZONES.",Veracruz,2025,Calidad Ambiental
108,"CFE DISTRIBUCIÓN, GERENCIA ORIENTE, ZONA PAPALOAPAN, SUBESTACIÓN LA TINAJA.",Veracruz,2025,Calidad Ambiental
109,"HGK AUTOMOTRIZ, S. A. DE C. V. (KIA JUVENTUD)",Chihuahua,2026,Calidad Ambiental
110,"CFE DISTRIBUCIÓN, GERENCIA ORIENTE, ZONA TEZIUTLÁN, SUBESTACIONES LA GUADALUPE, MARTÍNEZ DE LA TORRE III Y LAS VIGAS II",Veracruz,2025,Calidad Ambiental
111,"CFE DISTRIBUCIÓN, GERENCIA ORIENTE, ZONA CÓRDOBA, SUBESTACIONES COSCOMATEPEC Y CUITLÁHUAC.",Veracruz,2025,Calidad Ambiental
112,"CFE DISTRIBUCIÓN GERENCIA ORIENTE, ZONA COATZACOALCOS, SUBESTACIONES CANTICAS,LAS CHOAPAS II, MATAS Y PUERTO FRANCO",Veracruz,2025,Calidad Ambiental
113,"MASEPO FUMIGADORA FITOZOOSANITARIA DE MÉXICO, S.A. DE C.V.",Colima,2025,Calidad Ambiental
114,"CFE DISTRIBUCIÓN, GERENCIA PENINSULAR, ZONA CAMPECHE, SUBESTACIONES CAYAL Y CALKINÍ II",Campeche,2025,Calidad Ambiental
115,"CFE DISTRIBUCIÓN, GERENCIA PENINSULAR, ZONA CAMPECHE, SUBESTACIÓN HECELCHAKÁN",Campeche,2025,Calidad Ambiental
116,"CFE DISTRIBUCIÓN, GERENCIA PENINSULAR, ZONA CARMEN, SUBESTACIONES CARMEN Y CONCORDIA",Campeche,2025,Calidad Ambiental
117,"CFE DISTRIBUCIÓN, GERENCIA PENINSULAR, ZONA CARMEN, SUBESTACIÓN PALMAR",Campeche,2025,Calidad Ambiental
118,"TU MEJOR AGENCIA AUTOMOTRIZ, S. A. DE C. V. (SUCURSAL CAMARGO)",Chihuahua,2025,Calidad Ambiental
119,"GENERAL MOTORS DE MÉXICO, S. DE R.L. DE C.V., TOLUCA",México,2025,Industria Limpia
120,"MAHLE COMPONENTES DE MOTOR DE MÉXICO, S. DE R.L. DE C.V.",Aguascalientes,2025,Industria Limpia
121,"FÁBRICA DE PAPEL SAN FRANCISCO, S.A. DE C.V. (PLANTA CONVERSIÓN GUADALAJARA)",Jalisco,2026,Industria Limpia
122,"DANA DE MÉXICO CORPORACIÓN, S. DE R. L. DE C.V. (DIVISIÓN ENGRANES CÓNICOS)",Queretaro,2026,Industria Limpia
123,"CHESTERTON MEXICANA, S.A. DE C.V.",Cd. de México / Zmvm,2026,Industria Limpia
124,"GRUPO INDUSTRIAL FLEX, S.A. DE C.V.",Cd. de México / Zmvm,2025,Industria Limpia
125,"APTIV CONTRACT SERVICES ZACATECAS, S. DE R.L. DE C.V. (PLANTA I)",Zacatecas,2025,Industria Limpia
126,"APTIV CONTRACT SERVICES ZACATECAS, S. DE R.L. DE C.V. (PLANTA II)",Zacatecas,2026,Industria Limpia
127,"COMPAĄÍA EMBOTELLADORA DEL FUERTE, S. DE R.L. DE C.V. PLANTA TIJUANA",Baja California,2026,Industria Limpia
128,"BIMBO, S.A. DE C.V. PLANTA MEXICALI",Baja California,2026,Industria Limpia
129,CFE GENERACIÓN III EPS (CENTRAL CICLO COMBINADO HERMOSILLO),Sonora,2025,Industria Limpia
130,"GOODRICH AEROSPACE DE MÉXICO, S. DE R.L. DE C.V.",Baja California,2025,Industria Limpia
131,"BJ SERVICES COMPANY MEXICANA, S.A. DE C.V. (PLANTA DE FLUIDOS Y PLANTA DE MEZCLADO DE CEMENTOS, BASE BAKER HUGHES DOS BOCAS)",Tabasco,2026,Industria Limpia
132,"ENVASES UNIVERSALES DE MÉXICO, S.A.P.I. DE C.V. (PLANTA INSURGENTES)",Nuevo León,2025,Industria Limpia
133,"ENVASES UNIVERSALES DE MÉXICO, S.A.P.I. DE C.V. (PLANTA GUADALUPE)",Nuevo León,2025,Industria Limpia
134,"ENVASES UNIVERSALES DE MÉXICO, S.A.P.I. DE C.V. (PLANTA TOPO CHICO)",Nuevo León,2025,Industria Limpia
135,"COMPAĄÍA ARMADORA, S. DE R.L. DE C.V.",Chihuahua,2025,Industria Limpia
136,"CFE DISTRIBUCIÓN, GERENCIA BAJÍO, ZONA SALVATIERRA, SUBESTACIÓN SENDAI",Guanajuato,2025,Calidad Ambiental
137,"CFE DISTRIBUCIÓN, GERENCIA CENTRO ORIENTE, ZONA PACHUCA, SUBESTACIÓN CUBITOS",Hidalgo,2025,Calidad Ambiental
138,"CELANESE OPERATIONS MÉXICO, S. DE R.L. DE C.V. (TERMINAL MARÍTIMA COATZACOALCOS)",Veracruz,2026,Calidad Ambiental
139,"AUTOMOTORES TOKIO, S.A. DE C.V. (MATRIZ)",Chihuahua,2026,Calidad Ambiental
140,"FUMIGACION ESPECIALIZADA DEL PUERTO FEPSA, S.A. DE C.V.",Colima,2026,Calidad Ambiental
141,"AUTOMOTORES TOKIO, S.A. DE C.V. (ESTADIO SUR)",Chihuahua,2026,Calidad Ambiental
142,"COMPUTO Y ELECTRÓNICA DE COATZACOALCOS, S.A. DE C.V",Tabasco,2025,Calidad Ambiental
143,"AUTO CAMIONES DE CHIHUAHUA, S.A. DE C.V. (TALLER DE LAMINADO Y PINTURA)",Chihuahua,2026,Calidad Ambiental
144,"CFE DISTRIBUCIÓN, GERENCIA ORIENTE, ZONA LOS TUXTLAS, SUBESTACIONES SAN ANDRÉS II Y CATEMACO.",Veracruz,2025,Calidad Ambiental
145,"SERVICIOS, MANIOBRAS Y ALMACENAMIENTOS DE VERACRUZ, S.A. DE C.V. (SEMAVE)",Veracruz,2025,Calidad Ambiental
146,"GENERAL CABLE DE MÉXICO, S.A. DE C.V.",Tlaxcala,2025,Industria Limpia
147,"SERVICIOS REFRESQUEROS DEL GOLFO Y BAJÍO, S. DE R.L. DE C.V. PLANTA MORELIA",Michoacan,2026,Industria Limpia
148,"MANE MÉXICO, S.A. DE C.V.",México,2025,Industria Limpia
149,"GELITA MÉXICO, S. DE R.L. DE C.V.",México,2025,Industria Limpia
150,"INTERNATIONAL PAPER MÉXICO COMPANY, S. DE R.L. DE C.V. - PLANTA SAN JOSÉ ITURBIDE",Guanajuato,2026,Industria Limpia
151,"ILUMINACIÓN ESPECIALIZADA DE OCCIDENTE, S.A. DE C.V.",Queretaro,2025,Industria Limpia
152,"FÁBRICA NACIONAL DE LIJA, S.A. DE C.V. (PLANTA QUERÉTARO)",Queretaro,2025,Industria Limpia
153,"CONSORCIO INDUSTRIAL MEXICANO DE AUTOPARTES, S. DE R.L. DE C.V., PLANTA SILAO",Guanajuato,2026,Industria Limpia
154,"ALAMBRADOS Y CIRCUITOS ELÉCTRICOS, S. DE R.L. DE C.V. (PLANTA VII)",Sinaloa,2026,Industria Limpia
155,"APTIV CONTRACT SERVICES ZACATECAS, S. DE R.L. DE C.V. (PLANTA III)",Zacatecas,2026,Industria Limpia
156,"CENTURY MOLD MÉXICO, S. DE R.L. DE C.V.",Chihuahua,2026,Industria Limpia
157,"MARTEK POWER, S.A. DE C.V.",Baja California,2026,Industria Limpia
158,"FELDMEX, S.A. DE C.V.",Puebla,2026,Industria Limpia
159,"ALPLA MÉXICO, S.A. DE C.V. (PLANTA SBM SAN CRISTÓBAL)",Chiapas,2026,Industria Limpia
160,"MANTENIMIENTO INTEGRAL FINSA, S.A. DE C.V. (PARQUE INDUSTRIAL FINSA QUERETARO II)",Queretaro,2026,Calidad Ambiental
161,"KAESER COMPRESORES DE MÉXICO, S. DE R.L. DE C.V.",Queretaro,2025,Calidad Ambiental
162,"OPEVER, S.A. DE C.V.",Veracruz,2025,Calidad Ambiental
163,"HOSPITAL FATIMA, S.A. DE C.V.",Sinaloa,2026,Calidad Ambiental
164,"GEOCYCLE MÉXICO, S.A. DE C.V. (PLANTA MACUSPANA)",Tabasco,2026,Calidad Ambiental
165,"PRODUCTOS AUTOMOTRICES, S.A. DE C.V. (SUCURSAL PARRAL)",Chihuahua,2025,Calidad Ambiental
166,"MANTENIMIENTO INTEGRAL FINSA, S.A. DE C.V. (PARQUE INDUSTRIAL FINSA TIJUANA)",Baja California,2025,Calidad Ambiental
167,"GRANJAS CARROLL DE MÉXICO, S. DE R.L. DE C.V. (GRANJA 3. SITIOS 3-1/4-1, 3-2)",Veracruz,2026,Calidad Ambiental
168,"GRANJAS CARROLL DE MÉXICO, S. DE R.L. DE C.V. (GRANJA 4 SITIOS 4-2, 4-3 AHORA 11-3B)",Veracruz,2026,Calidad Ambiental
169,"AEROPUERTO DE HERMOSILLO, S.A. DE C.V.",Sonora,2025,Calidad Ambiental
170,"GRANJAS CARROLL DE MÉXICO, S. DE R.L. DE C.V. (GRANJA 5 SITIOS 5-1, 5-2, 5-3)",Veracruz,2026,Calidad Ambiental
171,"GRANJAS CARROLL DE MÉXICO, S. DE R.L. DE C.V. (GRANJA 16. SITIOS 16-1, 16-3A, 16-3B, 16-3C, 16-3D, 16-3E, 16-3F.",Veracruz,2026,Calidad Ambiental
172,"PROMOTORA AMBIENTAL DE LA LAGUNA, S.A. DE C.V. (RELLENO SANITARIO PRIVADO)",Chihuahua,2026,Calidad Ambiental
173,"CFE DISTRIBUCIÓN, GERENCIA CENTRO OCCIDENTE, ZONA COLIMA, SUBESTACIONES ARMERÍA, BICENTENARIO, COLIMA NORTE, CUAUHTÉMOC, TECOMÁN, VALLE DE TECOMÁN Y VILLA DE ÁLVAREZ",Colima,2025,Calidad Ambiental
174,"ADMINISTRACIÓN DEL SISTEMA PORTUARIO NACIONAL PUERTO CHIAPAS, S.A. DE C.V. (TERMINAL DE USOS MULTIPLES Y TERMINAL DE CONTENEDORES)",Chiapas,2025,Calidad Ambiental
175,"CFE DISTRIBUCIÓN, GERENCIA CENTRO OCCIDENTE, ZONA COLIMA, SUBESTACIONES ALZADA, ASMOLES, MORALETE Y TECOLAPA.",Colima,2025,Calidad Ambiental
176,"GRANJAS CARROLL DE MÉXICO, S. DE R.L. DE C.V. (GRANJA 10 SITIOS 10-1, 10-2A, 10-2B, 10-3A, 10-3B)",Veracruz,2026,Calidad Ambiental
177,"NATURASOL, S.A. DE C.V. (PLANTA CEREALES)",Cd. de México / Zmvm,2025,Calidad Ambiental
178,"LÍNEA COAHUILA DURANGO, S.A. DE C.V.",Coahuila,2025,Calidad Ambiental
179,"GRANJAS CARROLL DE MÉXICO, S. DE R.L. DE C.V. (GRANJA PORCICOLA SITIOS 3-3, 13-3A)",Veracruz,2026,Calidad Ambiental
180,"CFE DISTRIBUCIÓN, GERENCIA CENTRO SUR, ZONA MORELOS, SUBESTACIONES JOJUTLA, TEJALPA Y JIUTEPEC",Morelos,2025,Calidad Ambiental
181,"CFE DISTRIBUCIÓN, GERENCIA NORTE, ZONA DURANGO, SUBESTACIÓN GUADIANA",Durango,2025,Calidad Ambiental
182,"CFE DISTRIBUCIÓN, GERENCIA NORTE, ZONA DURANGO, SUBESTACIÓN MILENIO",Durango,2025,Calidad Ambiental
183,"PRODUCTOS INTERNACIONALES MABE, S.A. DE C.V. PLANTA PUEBLA",Puebla,2026,Industria Limpia
184,"BIMBO, S.A. DE C.V. PLANTA SUANDY",México,2026,Industria Limpia
185,"FLEX N GATE MÉXICO, S. DE R.L. DE C.V.",Guanajuato,2026,Industria Limpia
186,"BEBIDAS MUNDIALES, S. DE R.L. DE C.V. (PLANTA LAS TROJES)",Aguascalientes,2025,Industria Limpia
187,"ITALAISE, S.A. DE C.V.",Queretaro,2025,Industria Limpia
188,"CFE GENERACIÓN I EPS, CENTRAL CICLO COMBINADO TULA",Hidalgo,2026,Industria Limpia
189,"ROTOPLAS, S.A. DE C.V. (PLANTA ANÁHUAC)",Cd. de México / Zmvm,2025,Industria Limpia
190,"CARTONES PONDEROSA, S.A. DE C.V.",Queretaro,2026,Industria Limpia
191,"LII UNITED PRODUCTS, S. DE R.L. DE C.V., PLANTA 1",Coahuila,2025,Industria Limpia
192,"PRAXAIR MÉXICO, S. DE R.L. DE C.V., PLANTA MAZATLÁN",Sinaloa,2026,Industria Limpia
193,"MOTORES JOHN DEERE, S.A. DE C.V.",Coahuila,2025,Industria Limpia
194,"ADMINISTRACIÓN DEL SISTEMA PORTUARIO NACIONAL, PUERTO CHIAPAS, S.A. DE C.V. (CENTRO INTEGRAL DE ATENCIÓN A CRUCEROS",Chiapas,2025,Calidad Ambiental Turistica
195,"ZF POWERTRAIN MODULES SALTILLO, S.A. DE C.V.",Coahuila,2026,Industria Limpia
196,"LEAR MEXICAN TRIM OPERATIONS, S. DE R.L DE C.V., PLANTA JARUDO",Chihuahua,2026,Industria Limpia
197,"EATON INDUSTRIES, S. DE R.L. DE C.V. (EATON AEROSPACE TIJUANA)",Baja California,2026,Industria Limpia
198,"ABB ELECTRICAL CONTROL SYSTEMS, S. DE R.L. DE C.V. - PLANTA RAMOS ARIZPE",Coahuila,2025,Industria Limpia
199,"FUERZA Y ENERGÍA DE NACO NOGALES, S.A. DE C.V.",Sonora,2026,Industria Limpia
200,"CFE GENERACIÓN VI EPS, CENTRAL CICLO COMBINADO POZA RICA",Veracruz,2025,Industria Limpia
201,"MOTORES JOHN DEERE, S.A. DE C.V. (JOHN DEERE ELECTRONIC SOLUTIONS)",Coahuila,2025,Industria Limpia
202,"CUAUTIPACK, S. DE R.L. DE C.V.",Cd. de México / Zmvm,2026,Industria Limpia
203,"CFE DISTRIBUCIÓN, GERENCIA JALISCO, ZONA METROPOLITANA HIDALGO, SUBESTACIÓN MOJONERA",Jalisco,2025,Calidad Ambiental
204,"CFE DISTRIBUCIÓN, GERENCIA JALISCO, ZONA METROPOLITANA HIDALGO, SUBESTACIÓN PINAR",Jalisco,2025,Calidad Ambiental
205,"CFE DISTRIBUCIÓN, GERENCIA JALISCO, ZONA METROPOLITANA HIDALGO, SUBESTACIÓN ZOQUIPAN",Jalisco,2025,Calidad Ambiental
206,"CFE DISTRIBUCIÓN, GERENCIA JALISCO, ZONA METROPOLITANA LIBERTAD, SUBESTACIÓN HUENTITÁN NUEVA",Jalisco,2025,Calidad Ambiental
207,"CFE DISTRIBUCIÓN, GERENCIA JALISCO, ZONA METROPOLITANA HIDALGO, SUBESTACIÓN MÉXICO",Jalisco,2025,Calidad Ambiental
208,"CFE DISTRIBUCIÓN, GERENCIA JALISCO, ZONA METROPOLITANA HIDALGO, SUBESTACIÓN ALAMEDA",Jalisco,2025,Calidad Ambiental
209,"CFE DISTRIBUCIÓN, GERENCIA JALISCO, ZONA METROPOLITANA HIDALGO, SUBESTACIÓN EXPERIENCIA",Jalisco,2025,Calidad Ambiental
210,"CASA EL FRIJOLITO, S.A. DE C.V. (PLANTA)",Aguascalientes,2026,Calidad Ambiental
211,"APM TERMINALS LÁZARO CÁRDENAS, S.A. DE C.V.",Michoacan,2025,Calidad Ambiental
212,UNIVERSIDAD AUTÓNOMA DE NUEVO LEÓN (FACULTAD DE CIENCIAS QUÍMICAS Y DIVISIÓN DE ESTUDIOS SUPERIORES),Nuevo León,2025,Calidad Ambiental
213,"PROMOTORA AMBIENTAL DE LA LAGUNA, S.A. DE C.V.(CENTRO DE OPERACIONES DEL SERVICIO DE RECOLECCIÓN EN EL MUNICIPIO DE COZUMEL)",Quintana Roo,2026,Calidad Ambiental
214,JUNTA MUNICIPAL DE AGUA POTABLE Y ALCANTARILLADO DE CULIACÁN (PLANTA POTABILIZADORA COUNTRY),Sinaloa,2026,Calidad Ambiental
215,"CFE DISTRIBUCIÓN, GERENCIA ORIENTE, ZONA VERACRUZ, SUBESTACIONES RIO MEDIO, MANDINGA Y VERACRUZ I",Veracruz,2025,Calidad Ambiental
216,"PROPIMEX, S. DE R.L. DE C.V. (CENTRO DE DISTRIBUCIÓN IZTACALCO)",Cd. de México / Zmvm,2025,Calidad Ambiental
217,"CFE DISTRIBUCIÓN, GERENCIA ORIENTE, ZONA ORIZABA, SUBESTACIONES ESCAMELA, FORTÍN, RÍO BLANCO Y ZONGOLICA.",Veracruz,2025,Calidad Ambiental
218,"CFE DISTRIBUCIÓN, GERENCIA ORIENTE, ZONA POZA RICA, SUBESTACIONES BUENA VISTA, CERRO AZUL II, ESFUERZO Y GUTIERREZ ZAMORA II.",Veracruz,2025,Calidad Ambiental
219,"PRODUCTOS AUTOMOTRICES, S.A. DE C.V. (SUCURSAL PERIFÉRICO DE LA JUVENTUD)",Chihuahua,2026,Calidad Ambiental
220,"AEROPUERTO DE MONTERREY, S.A. DE C.V.",Nuevo León,2026,Calidad Ambiental
221,"CFE DISTRIBUCIÓN, GERENCIA PENINSULAR, ZONA CANCÚN, SUBESTACIÓN PUERTO JUÁREZ",Quintana Roo,2025,Calidad Ambiental
222,"CFE DISTRIBUCIÓN, GERENCIA PENINSULAR, ZONA RIVIERA MAYA, SUBESTACIÓN TULUM",Quintana Roo,2025,Calidad Ambiental
223,"CFE DISTRIBUCIÓN, GERENCIA PENINSULAR, ZONA RIVIERA MAYA, SUBESTACIONES MAYAKOBA Y PLAYACAR",Quintana Roo,2025,Calidad Ambiental
224,"CFE DISTRIBUCIÓN, GERENCIA PENINSULAR, ZONA CHETUMAL, SUBESTACIÓN FELIPE CARRILLO PUERTO",Quintana Roo,2025,Calidad Ambiental
225,"CFE DISTRIBUCIÓN, GERENCIA PENINSULAR, ZONA CHETUMAL, SUBESTACIONES INSURGENTES Y CHETUMAL NORTE",Quintana Roo,2025,Calidad Ambiental
226,"PENTA MOTRIZ, S. A. DE C. V.",Chihuahua,2026,Calidad Ambiental
227,"COMERCIAL AUTOMOTRIZ DEL NOROESTE, S.A. DE C.V. (PLASSA NISSAN)",Sinaloa,2026,Calidad Ambiental
228,"CFE DISTRIBUCIÓN, GERENCIA CENTRO SUR, ZONA MORELOS, SUBESTACIONES CUAUTLA, CUAUTLA II, INDUSTRIAL CUAUTLA Y LOMAS DE COCOYOC",Morelos,2026,Calidad Ambiental
229,"LA ITALIANA, S.A. DE C.V.",Puebla,2026,Industria Limpia
230,"CFE GENERACIÓN I EPS, CENTRAL CICLO COMBINADO SAN LORENZO POTENCIA",Puebla,2026,Industria Limpia
231,"GRESAISE, S.A. DE C.V.",Tlaxcala,2026,Industria Limpia
232,"FIMEX, S.A. DE C.V.",Jalisco,2026,Industria Limpia
233,"CFE GENERACIÓN I, (CENTRAL TURBO GAS ATENCO)",México,2026,Industria Limpia
234,"CFE GENERACIÓN I, (CENTRAL TURBO GAS COYOTEPEC I Y II)",México,2026,Industria Limpia
235,"AGNICO EAGLE MÉXICO, S.A. DE C.V. (UNIDAD MASCOTA)",Chihuahua,2026,Industria Limpia
236,"ALUCAPS MEXICANA, S.A. DE C.V.",Morelos,2026,Industria Limpia
237,"INTERNATIONAL PAPER MÉXICO COMPANY, S. DE R.L DE C.V. (PLANTA LOS MOCHIS)",Sinaloa,2026,Industria Limpia
238,"PILGRIMęS PRIDE, S. DE R.L. DE C.V. (PLANTA ALIMENTOS I)",Durango,2026,Industria Limpia
239,"MEXICAN SILICATES, S.A. DE C.V. (MINA SEGUNDAS CHIVERIAS)",Puebla,2026,Industria Limpia
240,"ECOMINERALI MEXICANA, S.A. DE C.V. (MINA LA VALENTINA)",Puebla,2026,Industria Limpia
241,"ECOMINERALI MEXICANA, S.A. DE C.V. (MINA LA RIELERA)",Puebla,2026,Industria Limpia
242,"ECOMINERALI MEXICANA, S.A. DE C.V. (MINA NUEVA AMERICA)",Puebla,2026,Industria Limpia
243,"BEBIDAS MUNDIALES, S. DE R.L. DE C.V. PLANTA PIEDRAS NEGRAS",Coahuila,2025,Industria Limpia
244,"CFE DISTRIBUCIÓN, GERENCIA CENTRO ORIENTE, ZONA TLAXCALA, SUBESTACIÓN HUAMANTLA II",Tlaxcala,2026,Calidad Ambiental
245,"CFE DISTRIBUCIÓN, GERENCIA CENTRO ORIENTE, ZONA TLAXCALA, SUBESTACIÓN HUEYOTLIPAN",Tlaxcala,2026,Calidad Ambiental
246,"CFE DISTRIBUCIÓN, GERENCIA CENTRO ORIENTE, ZONA PUEBLA ORIENTE, SUBESTACIÓN BOSQUES",Puebla,2026,Calidad Ambiental
247,"CFE DISTRIBUCIÓN, GERENCIA CENTRO ORIENTE, ZONA PUEBLA ORIENTE, SUBESTACIÓN INDUSTRIAL",Puebla,2026,Calidad Ambiental
248,"CFE DISTRIBUCIÓN, GERENCIA CENTRO ORIENTE, ZONA PUEBLA ORIENTE, SUBESTACIÓN CINCO DE MAYO",Puebla,2026,Calidad Ambiental
249,"CFE DISTRIBUCIÓN, GERENCIA CENTRO ORIENTE, ZONA PUEBLA ORIENTE, SUBESTACIÓN BUGAMBILIAS SF6",Puebla,2026,Calidad Ambiental
250,"CFE DISTRIBUCIÓN, GERENCIA CENTRO ORIENTE, ZONA PUEBLA ORIENTE, SUBESTACIÓN CHAPULCO",Puebla,2026,Calidad Ambiental
251,"CFE DISTRIBUCIÓN, GERENCIA CENTRO ORIENTE, ZONA PUEBLA PONIENTE, SUBESTACIÓN EXCELOPOLIS",Puebla,2026,Calidad Ambiental
252,"CFE DISTRIBUCIÓN, GERENCIA CENTRO ORIENTE, ZONA PUEBLA PONIENTE, SUBESTACIÓN PUEBLA UNO SF6",Puebla,2026,Calidad Ambiental
253,"CFE DISTRIBUCIÓN, GERENCIA CENTRO ORIENTE, ZONA TLAXCALA, SUBESTACIÓN CUAUHTÉMOC",Tlaxcala,2026,Calidad Ambiental
254,"CFE DISTRIBUCIÓN, GERENCIA CENTRO ORIENTE, ZONA TLAXCALA, SUBESTACIÓN XICOHTENCATL",Tlaxcala,2026,Calidad Ambiental
255,"CFE DISTRIBUCIÓN, GERENCIA CENTRO ORIENTE, ZONA PUEBLA ORIENTE, SUBESTACIÓN PUEBLA 2000",Puebla,2026,Calidad Ambiental
256,"CFE DISTRIBUCIÓN, GERENCIA CENTRO ORIENTE, ZONA PUEBLA PONIENTE, SUBESTACIÓN EL CONDE",Puebla,2026,Calidad Ambiental
257,"CFE DISTRIBUCIÓN, GERENCIA CENTRO ORIENTE, ZONA PUEBLA ORIENTE, SUBESTACIÓN FUERTES",Puebla,2026,Calidad Ambiental
258,"CFE DISTRIBUCIÓN, GERENCIA CENTRO ORIENTE, ZONA TLAXCALA, SUBESTACIÓN CHIGNAHUAPAN",Puebla,2026,Calidad Ambiental
259,"CFE DISTRIBUCIÓN, GERENCIA CENTRO ORIENTE, ZONA PUEBLA PONIENTE, SUBESTACIÓN ATLIXCAYOTL",Puebla,2026,Calidad Ambiental
260,"CFE DISTRIBUCIÓN, GERENCIA CENTRO ORIENTE, ZONA PUEBLA ORIENTE, SUBESTACIÓN AMOZOC II",Puebla,2026,Calidad Ambiental
261,"CFE DISTRIBUCIÓN, GERENCIA CENTRO ORIENTE, ZONA PUEBLA ORIENTE, SUBESTACIÓN VALSEQUILLO",Puebla,2026,Calidad Ambiental
262,"CFE DISTRIBUCIÓN, GERENCIA CENTRO ORIENTE, ZONA PUEBLA ORIENTE, SUBESTACIÓN AGUA SANTA",Puebla,2026,Calidad Ambiental
263,"CFE DISTRIBUCIÓN, GERENCIA CENTRO ORIENTE, ZONA PUEBLA PONIENTE, SUBESTACIÓN ANTUĄANO",Puebla,2026,Calidad Ambiental
264,"CFE DISTRIBUCIÓN, GERENCIA CENTRO ORIENTE, ZONA TLAXCALA, SUBESTACIÓN APIZACO II",Tlaxcala,2026,Calidad Ambiental
265,"CFE DISTRIBUCIÓN, GERENCIA CENTRO ORIENTE, ZONA TLAXCALA, SUBESTACIÓN PANOTLA",Tlaxcala,2026,Calidad Ambiental
266,"CFE DISTRIBUCIÓN, GERENCIA CENTRO ORIENTE, ZONA TLAXCALA, SUBESTACIÓN PAPALOTLA",Tlaxcala,2026,Calidad Ambiental
267,"CFE DISTRIBUCIÓN, GERENCIA CENTRO ORIENTE, ZONA TLAXCALA, SUBESTACIÓN SANTA ANITA",Tlaxcala,2026,Calidad Ambiental
268,"CFE DISTRIBUCIÓN, GERENCIA CENTRO ORIENTE, ZONA TLAXCALA, SUBESTACIÓN ATLIHUETZIA",Tlaxcala,2026,Calidad Ambiental
269,"CFE DISTRIBUCIÓN, GERENCIA CENTRO ORIENTE, ZONA TLAXCALA, SUBESTACIÓN CONTLA",Tlaxcala,2026,Calidad Ambiental
270,"CFE DISTRIBUCIÓN, GERENCIA CENTRO ORIENTE, ZONA PUEBLA PONIENTE, SUBESTACIÓN RESURRECCIÓN",Tlaxcala,2026,Calidad Ambiental
271,"CFE DISTRIBUCIÓN, GERENCIA CENTRO ORIENTE, ZONA PUEBLA PONIENTE, SUBESTACIÓN ALMECATLA",Puebla,2026,Calidad Ambiental
272,"CFE DISTRIBUCIÓN, GERENCIA CENTRO ORIENTE, ZONA SAN MARTÍN, SUBESTACIÓN EL MORAL",Puebla,2026,Calidad Ambiental
273,"CFE DISTRIBUCIÓN, GERENCIA CENTRO ORIENTE, ZONA TLAXCALA, SUBESTACIÓN SANTA ANA CHIAUTEMPAN",Tlaxcala,2026,Calidad Ambiental
274,"CFE DISTRIBUCIÓN, GERENCIA CENTRO ORIENTE, ZONA SAN MARTÍN, SUBESTACIÓN SAN MARTÍN",Tlaxcala,2026,Calidad Ambiental
275,"CFE DISTRIBUCIÓN, GERENCIA CENTRO ORIENTE, ZONA TLAXCALA, SUBESTACIÓN ACUITLAPILCO",Tlaxcala,2026,Calidad Ambiental
276,"CFE DISTRIBUCIÓN, GERENCIA CENTRO SUR, ZONA VALLE DE BRAVO, SUBESTACIONES PALIZADA, TEXCALTITLÁN, TEJUPILCO Y AGUSTÍN MILLÁN",México,2026,Calidad Ambiental
277,"CFE DISTRIBUCIÓN, GERENCIA CENTRO SUR, ZONA ATLACOMULCO, SUBESTACIONES ATLACOMULCO, JILOTEPEC, COMALCO NUEVA, JILOTEPEC INDUSTRIAL, SAN FELIPE DEL PROGRESO Y ATLACOMULCO INDUSTRIAL",México,2026,Calidad Ambiental
278,"CAMIONERA DEL PACÍFICO, S.A. DE C.V. (MATRIZ)",Sinaloa,2026,Calidad Ambiental
279,"AUTO CAMIONES DE CHIHUAHUA, S. A. DE C. V. (SUCURSAL CUAUHTÉMOC)",Chihuahua,2026,Calidad Ambiental
280,"CFE DISTRIBUCIÓN, GERENCIA CENTRO ORIENTE, ZONA TECAMACHALCO, SUBESTACIÓN ZACATEPEC",Puebla,2026,Calidad Ambiental
281,POPUL AUTO DE MAZATLÁN S.A. DE C.V. (VOLKSWAGEN MAZATLÁN),Sinaloa,2026,Calidad Ambiental
282,"CFE DISTRIBUCIÓN, GERENCIA CENTRO ORIENTE, ZONA TLAXCALA, SUBESTACIÓN CALPULALPAN II",Tlaxcala,2026,Calidad Ambiental
283,"CFE DISTRIBUCIÓN, GERENCIA CENTRO ORIENTE, ZONA TECAMACHALCO, SUBESTACIÓN TEPEACA II",Puebla,2026,Calidad Ambiental
284,"CFE DISTRIBUCIÓN, GERENCIA CENTRO ORIENTE, ZONA TLAXCALA, SUBESTACIÓN ALTZAYANCA",Tlaxcala,2026,Calidad Ambiental
285,"CFE DISTRIBUCIÓN, GERENCIA CENTRO ORIENTE, ZONA MATAMOROS, SUBESTACIÓN ATLIXCO II",Puebla,2026,Calidad Ambiental
286,"CFE DISTRIBUCIÓN, GERENCIA CENTRO ORIENTE, ZONA TEHUACÁN, SUBESTACIÓN COAPAN",Puebla,2026,Calidad Ambiental
287,"CFE DISTRIBUCIÓN, GERENCIA CENTRO ORIENTE, ZONA MATAMOROS, SUBESTACIÓN IZÚCAR DE MATAMOROS II",Puebla,2026,Calidad Ambiental
288,"CFE DISTRIBUCIÓN, GERENCIA CENTRO ORIENTE, ZONA TECAMACHALCO, SUBESTACIÓN TECAMACHALCO II",Puebla,2026,Calidad Ambiental
289,"AEROPUERTO DE PUERTO VALLARTA, S.A. DE C.V.(AEROPUERTO INTERNACIONAL VALLARTA - NAYARIT)",Jalisco,2026,Calidad Ambiental
290,"TRINITY RAIL DE MÉXICO, S. DE R.L. DE C.V. (PLANTA TRANSPORTES 319)",Coahuila,2026,Calidad Ambiental
291,"PREMIER AUTOCOUNTRY, S.A. DE C.V. (SUCURSAL LOS MOCHIS)",Sinaloa,2026,Calidad Ambiental
292,"CFE DISTRIBUCIÓN, GERENCIA ORIENTE, ZONA PAPALOAPAN, SUBESTACIÓN VALLE NACIONAL",Oaxaca,2026,Calidad Ambiental
293,"OMNIBUS DE MÉXICO, S.A. DE C.V. (TRES ANEGAS)",Cd. de México / Zmvm,2026,Calidad Ambiental
294,"CFE GENERACIÓN II EPS, (CENTRAL HIDROELÉCTRICA VALENTÍN GÓMEZ FARÍAS)",Jalisco,2026,Industria Limpia
295,"PFIZER, S.A. DE C.V., PLANTA TOLUCA",México,2026,Industria Limpia
296,"FIBRA HOTELERA, S.C. FIDEICOMISO F/1596 (HOTEL FIESTA AMERICANA AGUASCALIENTES)",Aguascalientes,2026,Calidad Ambiental Turistica
297,"CERVECERÍA MODELO, S. DE. R.L. DE C.V.",Cd. de México / Zmvm,2026,Industria Limpia
298,"QUÍMICA Y FARMACIA, S.A. DE C.V.",Coahuila,2026,Industria Limpia
299,"CFE GENERACIÓN IV EPS, CENTRAL TERMOELÉCTRICA GUADALUPE VICTORIA (LERDO).",Durango,2026,Industria Limpia
300,"GRUPO EMBOTELLADOR CIMSA, S. DE R.L. DE C.V. (CENTRO PRODUCTOR CUERNAVACA)",Morelos,2026,Industria Limpia
301,CFE GENERACIÓN VI EPS (CENTRAL HIDROELÉCTRICA CAMILO ARRIAGA EL SALTO),San Luis Potosi,2026,Industria Limpia
302,CFE GENERACIÓN III (CENTRAL HIDROELÉCTRICA ELECTROQUÍMICA),San Luis Potosi,2026,Industria Limpia
303,CFE GENERACIÓN VI EPS (CENTRAL HIDROELÉCTRICA MICOS),San Luis Potosi,2026,Industria Limpia
304,"CONDOMINIO MAYAKOBA, A.C. (DESARROLLO TURÍSTICO MAYAKOBA, HOTELES, FAIRMONT, ROSEWOOD, BANYAN TREE Y ANDAZ, CAMPO DE GOLF EL CAMALEÓN, FAIRMONT HERITAGE PLACE).",Quintana Roo,2026,Calidad Ambiental Turistica
305,"CFE GENERACIÓN I EPS, C.H. ING. CARLOS RAMÍREZ ULLOA (EL CARACOL)",Guerrero,2026,Industria Limpia
306,"DESARROLLO MARINA VALLARTA, S.A. DE C.V. - HOTEL SEA GARDEN - DESARROLLO MAYAN PALACE NUEVO VALLARTA",Nayarit,2026,Calidad Ambiental Turistica
307,"DESARROLLO MARINA VALLARTA, S.A. DE C.V. (CAMPO DE GOLF NAYAR - DESARROLLO MAYAN PALACE NUEVO VALLARTA)",Nayarit,2026,Calidad Ambiental Turistica
308,"DESARROLLO MARINA VALLARTA, S.A. DE C.V. (HOTEL THE GRAND MAYAN - DESARROLLO MAYAN PALACE NUEVO VALLARTA)",Nayarit,2026,Calidad Ambiental Turistica
309,"RGL ARRENDADORA DE INMUEBLES, S.A. DE C.V. (CAMPO DE GOLF GREG NORMAN)",Jalisco,2026,Calidad Ambiental Turistica
310,"DESARROLLO MARINA VALLARTA, S.A. DE C.V. (EDIFICIO DE SERVICIOS - DESARROLLO MAYAN PALACE NUEVO VALLARTA)",Nayarit,2026,Calidad Ambiental Turistica
311,"OPLEX, S.A. DE C.V.",Cd. de México / Zmvm,2026,Industria Limpia
312,"DESARROLLO MARINA VALLARTA, S.A. DE C.V. (HOTEL THE GRAND BLISS, - DESARROLLO MAYAN PALACE NUEVO VALLARTA)",Nayarit,2026,Calidad Ambiental Turistica
313,"DESARROLLO MARINA VALLARTA, S.A. DE C.V. (HOTEL GRAND LUXXE - DESARROLLO MAYAN PALACE NUEVO VALLARTA)",Nayarit,2026,Calidad Ambiental Turistica
314,"YAZAKI COMPONENTES DE MÉXICO, S. DE R.L. DE C.V. (PLANTA DURANGO)",Durango,2026,Industria Limpia
315,"GLOBAL FLOCK DE MÉXICO, S. DE R.L. DE C.V.",Tlaxcala,2026,Industria Limpia
316,"IQCHEMICALS & LABS, S.A. DE C.V.",Tlaxcala,2026,Industria Limpia
317,"PAPELERA DEL NEVADO, S.A. DE C.V.",México,2026,Industria Limpia
318,"BUSSMANN, S. DE R.L. DE C.V.",Queretaro,2026,Industria Limpia
319,"SÁNCHEZ, S.A. DE C.V. PLANTA TEPEJI",Hidalgo,2026,Industria Limpia
320,"BUEHLER MOTOR DE MÉXICO, S. DE R.L. DE C.V.",Chihuahua,2026,Industria Limpia
321,"MEXICHEM FLÚOR, S.A. DE C.V.",Tamaulipas,2026,Industria Limpia
322,"THALES DIS MÉXICO, S.A. DE C.V.",Morelos,2026,Industria Limpia
323,"BLAZKI, S.A. DE C.V. (HOTEL PUEBLO BONITO EMERALD BAY RESORT & SPA)",Sinaloa,2026,Calidad Ambiental Turistica
324,"HOTEL PLAYA MAZATLÁN, S.A.P.I. DE C.V.",Sinaloa,2026,Calidad Ambiental Turistica
325,"IMBERA, S.A. DE C.V.",Queretaro,2026,Industria Limpia
326,FOMENTO TURÍSTICO DE MAZATLÁN S.A. DE C.V. (GAVIANA RESORT),Sinaloa,2026,Calidad Ambiental Turistica
327,"IMPORTADORA Y MANUFACTURERA BRULUART, S.A.",Cd. de México / Zmvm,2026,Industria Limpia
328,"CORPORACIÓN INMOBILIARIA KTRC, S.A. DE C.V., (HARD ROCK GOLF CLUB RIVIERA MAYA)",Quintana Roo,2026,Calidad Ambiental Turistica
329,MAXION WHEELS DE MÉXICO S. DE R.L. DE C.V.,San Luis Potosi,2026,Industria Limpia
330,COLOMER S.A DE C.V.,Hidalgo,2026,Industria Limpia
331,"INMOBILIARIA LUNA DEL CARIBE, S.A. DE C.V., (SALÚM Y BEACH CLUB RIVIERA MAYA)",Quintana Roo,2026,Calidad Ambiental Turistica
332,"DESARROLLO MARINA VALLARTA, S.A. DE C.V., (CAMPO DE GOLF, RIVIERA MAYA)",Quintana Roo,2026,Calidad Ambiental Turistica
333,"DESARROLLO MARINA VALLARTA, S.A. DE C.V. (TEATRO VIDANTA VILLAGE)",Quintana Roo,2026,Calidad Ambiental Turistica
334,"DESARROLLO MARINA VALLARTA, S.A. DE C.V., (GRAND LUXXE RIVIERA MAYA)",Quintana Roo,2026,Calidad Ambiental Turistica
335,"DESARROLLO MARINA VALLARTA, S.A. DE C.V., (THE GRAND MAYAN RIVIERA MAYA)",Quintana Roo,2026,Calidad Ambiental Turistica
336,"DESARROLLO MARINA VALLARTA, S.A. DE C.V., (THE GRAND BLISS Y LOBBY CENTRAL RIVIERA MAYA)",Quintana Roo,2026,Calidad Ambiental Turistica
337,"METAPOL, S.A. DE C.V.",Tlaxcala,2026,Industria Limpia
338,"POLAQUIMIA, S.A. DE C.V. PLANTA TLAXCALA",Tlaxcala,2026,Industria Limpia
339,"CONSORCIO INDUSTRIAL MEXICANO DE AUTOPARTES, S. DE R.L. DE C.V., PLANTA HUAMANTLA",Tlaxcala,2026,Industria Limpia
340,"ACEITES, GRASAS Y DERIVADOS, S.A. DE C.V. (PLANTA ZAPOPAN)",Jalisco,2026,Industria Limpia
341,"PROCTER & GAMBLE MANUFACTURING MÉXICO, S. DE R.L. DE C.V. (PLANTA MARISCALA)",Guanajuato,2026,Industria Limpia
342,"INGREDION MÉXICO, S.A. DE C.V. PLANTA ACEITERA",Jalisco,2026,Industria Limpia
343,"TELAS LAPROTEX, S. DE R.L. DE C.V.",Aguascalientes,2026,Industria Limpia
344,"ECOFIBRAS PONDEROSA, S.A. DE C.V. (CENTRO DE ACOPIO QUERÉTARO)",Queretaro,2026,Calidad Ambiental
345,"CFE DISTRIBUCIÓN, GERENCIA CENTRO OCCIDENTE, ZONA LÁZARO CÁRDENAS, SUBESTACIONES LÁZARO CÁRDENAS DISTRIBUCIÓN, CAYACAL, LA MIRA, GUACAMAYAS, ARTEAGA",Michoacan,2026,Calidad Ambiental
346,"CFE DISTRIBUCIÓN, GERENCIA CENTRO OCCIDENTE, ZONA LÁZARO CÁRDENAS, SUBESTACIÓN INFIERNILLO.",Michoacan,2026,Calidad Ambiental
347,"GRUPO FERTINAL, S.A. DE C.V. (MUELLE)",Michoacan,2026,Calidad Ambiental
348,"ASTRAZENECA, S.A. DE C.V",Cd. de México / Zmvm,2026,Industria Limpia
349,"CFE DISTRIBUCIÓN, GERENCIA ORIENTE, ZONA POZA RICA, SUBESTACIÓN AGUA FRÍA.",Puebla,2026,Calidad Ambiental
350,"AEROPUERTO DE VERACRUZ, S.A. DE C.V.",Veracruz,2026,Calidad Ambiental
351,"DYNO NOBEL MÉXICO, S.A. DE C.V.",Durango,2026,Industria Limpia
352,"AEROPUERTO DE TIJUANA, S.A. DE C.V.",Baja California,2026,Calidad Ambiental
353,"PROVEEDORA MEXICANA DE MONOFILAMENTOS, S.A. DE C.V.",Cd. de México / Zmvm,2026,Industria Limpia
354,"JIDOSHA INTERNACIONAL, S.A. DE C.V. (SUCURSAL NUEVO CASAS GRANDES)",Chihuahua,2026,Calidad Ambiental
355,"ENERGÍA AZTECA X, S.A. DE C.V.",Baja California,2026,Industria Limpia
356,"CONSOLIDATED MEDICAL EQUIPMENT COMPANY, S. DE R.L. DE C.V.",Chihuahua,2026,Industria Limpia
357,"LEXMARK INTERNACIONAL, S.A. DE C.V.",Chihuahua,2026,Industria Limpia
358,"PRODUCTOS MEDIX, S.A. DE C.V.",Cd. de México / Zmvm,2026,Industria Limpia
359,"CFE DISTRIBUCIÓN, GERENCIA GOLFO CENTRO, ZONA MATEHUALA, SUBESTACIONES GUADALCÁZAR Y MATEHUALA",San Luis Potosi,2026,Calidad Ambiental
360,"BEROKY, S.A. DE C.V.",Cd. de México / Zmvm,2026,Industria Limpia
361,"CAMIONERA DE CHIHUAHUA, S.A. DE C.V. (MATRIZ)",Chihuahua,2026,Calidad Ambiental
362,"CFE DISTRIBUCIÓN, GERENCIA CENTRO OCCIDENTE, ZONA COLIMA, SUBESTACIÓN COAHUAYANA",Michoacan,2026,Calidad Ambiental
363,"DESARROLLO MARINA VALLARTA, S.A. DE C.V. (PLANTA DE TRATAMIENTO DE AGUAS RESIDUALES RIVIERA MAYA)",Quintana Roo,2026,Calidad Ambiental
364,"CFE DISTRIBUCIÓN, GERENCIA ORIENTE, ZONA TEZIUTLÁN, SUBESTACIONES TEZIUTLÁN Y ZACAPOAXTLA.",Puebla,2026,Calidad Ambiental
365,"CFE DISTRIBUCIÓN, GERENCIA SURESTE, ZONA LOS RÍOS, SUBESTACIONES CONALEP, LA CURVA, MACUSPANA Y TENOSIQUE.",Tabasco,2026,Calidad Ambiental
366,"OMNIBUS DE MÉXICO, S.A. DE C.V. (AV. CENTRAL)",Cd. de México / Zmvm,2026,Calidad Ambiental
367,SALA REGIONAL ESPECIALIZADA DEL TRIBUNAL ELECTORAL DEL PODER JUDICIAL DE LA FEDERACIÓN,Cd. de México / Zmvm,2026,Calidad Ambiental
368,"OLAM ENERGY, S.A. DE C.V. (BASE OLAM CARMEN)",Campeche,2026,Calidad Ambiental
369,"PFIZER, S.A. DE C.V. OFICINAS CORPORATIVAS",Cd. de México / Zmvm,2026,Calidad Ambiental
370,"CFE DISTRIBUCIÓN, GERENCIA CENTRO SUR, ZONA ZIHUATANEJO, SUBESTACIONES PUNTA IXTAPA Y SAN JERÓNIMO",Guerrero,2026,Calidad Ambiental
371,"CFE DISTRIBUCIÓN, GERENCIA CENTRO ORIENTE, ZONA TLAXCALA, SUBESTACIÓN XALOSTOC",Tlaxcala,2026,Calidad Ambiental
372,"LEAR MEXICAN TRIM OPERATIONS, S. DE R.L. DE C.V., PLANTA PANZACOLA",Tlaxcala,2026,Industria Limpia
373,"CFE DISTRIBUCIÓN, GERENCIA CENTRO ORIENTE, ZONA TLAXCALA, SUBESTACIÓN CACAXTLA",Tlaxcala,2026,Calidad Ambiental
374,"CFE DISTRIBUCIÓN, GERENCIA JALISCO, ZONA METROPOLITANA HIDALGO, SUBESTACIÓN ANDARES",Jalisco,2026,Calidad Ambiental
375,"CFE DISTRIBUCIÓN, GERENCIA JALISCO, ZONA METROPOLITANA HIDALGO, SUBESTACIÓN ACUEDUCTO",Jalisco,2026,Calidad Ambiental
376,"VENTRAMEX, S. DE R.L. DE C.V.",Queretaro,2026,Industria Limpia
377,"CFE DISTRIBUCIÓN, GERENCIA JALISCO, ZONA ALTOS, SUBESTACIÓN TEOCALTICHE",Jalisco,2026,Calidad Ambiental
378,"CFE DISTRIBUCIÓN, GERENCIA JALISCO, ZONA CIÉNEGA, SUBESTACIÓN JAMAY",Jalisco,2026,Calidad Ambiental
379,"CFE DISTRIBUCIÓN, GERENCIA JALISCO, ZONA ALTOS, SUBESTACIÓN CAPILLA DE GUADALUPE",Jalisco,2026,Calidad Ambiental
380,"CFE DISTRIBUCIÓN, GERENCIA JALISCO, ZONA CIÉNEGA, SUBESTACIÓN TOTOTLÁN",Jalisco,2026,Calidad Ambiental
381,"CFE DISTRIBUCIÓN, GERENCIA JALISCO, ZONA CHAPALA, SUBESTACIÓN CHAPALA",Jalisco,2026,Calidad Ambiental
382,"CFE DISTRIBUCIÓN, GERENCIA JALISCO, ZONA METROPOLITANA REFORMA, SUBESTACIÓN PARQUE INDUSTRIAL",Jalisco,2026,Calidad Ambiental
383,"CFE DISTRIBUCIÓN, GERENCIA JALISCO, ZONA METROPOLITANA REFORMA, SUBESTACIÓN SAN GASPAR",Jalisco,2026,Calidad Ambiental
384,"CFE DISTRIBUCIÓN, GERENCIA JALISCO, ZONA METROPOLITANA REFORMA, SUBESTACIÓN ZALATITÁN",Jalisco,2026,Calidad Ambiental
385,"CFE DISTRIBUCIÓN, GERENCIA JALISCO, ZONA CHAPALA, SUBESTACIÓN ZAPOTLANEJO",Jalisco,2026,Calidad Ambiental
386,"CFE DISTRIBUCIÓN, GERENCIA JALISCO, ZONA ALTOS, SUBESTACIÓN LA CUEVA",Jalisco,2026,Calidad Ambiental
387,"CFE DISTRIBUCIÓN, GERENCIA JALISCO, ZONA ALTOS, SUBESTACIÓN MEXTICACÁN",Jalisco,2026,Calidad Ambiental
388,"CFE DISTRIBUCIÓN, GERENCIA JALISCO, ZONA ALTOS, SUBESTACIÓN VALLE DE GUADALUPE",Jalisco,2026,Calidad Ambiental
389,"CFE DISTRIBUCIÓN, GERENCIA JALISCO, ZONA ALTOS, SUBESTACIÓN SAN MIGUEL",Jalisco,2026,Calidad Ambiental
390,"CFE DISTRIBUCIÓN, GERENCIA BAJÍO, ZONA AGUASCALIENTES, SUBESTACIÓN PALO ALTO",Aguascalientes,2026,Calidad Ambiental
391,"PAPELERA DE CHIHUAHUA, S.A. DE C.V.",Chihuahua,2026,Industria Limpia
392,"CASA CUERVO, S.A. DE C.V. (PLANTA GUADALAJARA)",Jalisco,2026,Industria Limpia
393,"CEMEX , S.A.B. DE C.V. (TERMINAL MARÍTIMA MANZANILLO)",Colima,2026,Calidad Ambiental
394,"PILGRIMęS PRIDE, S. DE R.L. DE C.V. (INCUBADORA LAGUNA)",Durango,2026,Calidad Ambiental
395,"CODEMÉXICO, S.A. DE C.V. PLANTA ZACATECAS",Zacatecas,2026,Industria Limpia
396,"CFE DISTRIBUCIÓN, GERENCIA JALISCO, ZONA VALLARTA, SUBESTACIÓN FLUVIAL",Jalisco,2026,Calidad Ambiental
397,"BIOTECSA, S.A. DE C.V.",Cd. de México / Zmvm,2026,Industria Limpia
398,"ENVASES UNIVERSALES DE MÉXICO, S.A.P.I. DE CV. PLANTA SAN JUAN DEL RÍO",Queretaro,2026,Industria Limpia
399,"ENERGÍA SIERRA JUÁREZ, S. DE R.L DE C.V.",Baja California,2026,Industria Limpia
400,TRIBUNAL ELECTORAL DEL PODER JUDICIAL DE LA FEDERACIÓN (SALA REGIONAL XALAPA),Veracruz,2026,Calidad Ambiental
401,"AUMA SALTILLO, S.A. DE C.V.",Coahuila,2026,Industria Limpia
402,"CFE DISTRIBUCIÓN, GERENCIA SURESTE, ZONA CHONTALPA, SUBESTACIONES CHONTALPA, COMALCALCO ORIENTE, CUNDUACÁN II, HUIMANGUILLO, PARQUE INDUSTRIAL CUNDUACÁN, TULIPÁN, COMALCALCO SUR, JALPA, PARAÍSO Y TECOLUTILLA",Tabasco,2026,Calidad Ambiental
403,"CFE DISTRIBUCIÓN, GERENCIA VALLE DE MÉXICO SUR, ZONA VOLCANES, SUBESTACIÓN JUCHITEPEC",México,2026,Calidad Ambiental
404,"SSA MÉXICO, S.A. DE C.V. (ALMACÉN DE CONTENEDORES VACÍOS Y SERVICIOS DE TRASLADOS EN TRACTOCAMIONES-MANZANILLO)",Colima,2026,Calidad Ambiental
405,"TIP DE MÉXICO, S. A. P. I. DE C. V. (CUAUTITLÁN IZCALLI)",Cd. de México / Zmvm,2026,Calidad Ambiental
406,"MEAD JOHNSON NUTRICIONALES DE MÉXICO, S. DE R.L. DE C.V.",Cd. de México / Zmvm,2026,Industria Limpia
407,"RED RECOLECTOR, S.A. DE C.V (INSTALACIÓN DURANGO)",Durango,2026,Calidad Ambiental
408,"COTEMAR, S.A. DE C.V., PATIO DE ALMACENES Y MANTENIMIENTO KM 10.5",Campeche,2026,Calidad Ambiental
409,"CFE DISTRIBUCIÓN, GERENCIA CENTRO OCCIDENTE, ZONA PÁTZCUARO, SUBESTACIONES ARIO DE ROSALES, CERRO HUECO, DON VASCO Y PÁTZCUARO SUR.",Michoacan,2026,Calidad Ambiental
410,"CFE DISTRIBUCIÓN, GERENCIA CENTRO OCCIDENTE, ZONA PÁTZCUARO, SUBESTACIONES LAGUNILLAS, PÁTZCUARO NORTE, PURUARÁN, TINGAMBATO.",Michoacan,2026,Calidad Ambiental
411,"ENERGÍA SAN LUIS DE LA PAZ, S.A. DE C.V.",Guanajuato,2026,Industria Limpia
412,"CFE DISTRIBUCIÓN, GERENCIA VALLE DE MÉXICO SUR, ZONA TENANGO, SUBESTACIÓN ZICTEPEC",México,2026,Calidad Ambiental
413,"SENSATA TECHNOLOGIES DE MÉXICO, S. DE R.L. DE C.V.",Aguascalientes,2026,Industria Limpia
414,"CFE DISTRIBUCIÓN, GERENCIA CENTRO ORIENTE, ZONA PACHUCA, SUBESTACIÓN CERRITOS",Hidalgo,2026,Calidad Ambiental
415,"CFE DISTRIBUCIÓN, GERENCIA CENTRO ORIENTE, ZONA PACHUCA, SUBESTACIÓN POZO GRANDE",Hidalgo,2026,Calidad Ambiental
416,"CFE DISTRIBUCIÓN, GERENCIA VALLE DE MÉXICO NORTE, ZONA NAUCALPAN, SUBESTACIÓN NAUCALPAN",Cd. de México / Zmvm,2026,Calidad Ambiental
417,"CABOT SPECIALTY CHEMICALS MÉXICO, S.A.P.I. DE C.V.",Tamaulipas,2026,Industria Limpia
418,"AUTOMOTRIZ DEL GUADIANA, S.A. DE C.V.",Durango,2026,Calidad Ambiental
419,"RÍO BRAVO ELÉCTRICOS, S. DE R.L. DE C.V. (PLANTA IX)",Chihuahua,2026,Industria Limpia
420,"RÍO BRAVO ELÉCTRICOS, S. DE R.L. DE C.V. (PLANTA V)",Chihuahua,2026,Industria Limpia
421,"APTIV CONTRACT SERVICES, S. DE R.L. DE C.V. (MÉXICO TECHNICAL CENTER)",Chihuahua,2026,Industria Limpia
422,SSA MÉXICO S.A. DE C.V. (TERMINAL MANZANILLO),Colima,2026,Calidad Ambiental
423,"SÁNCHEZ, S.A. DE C.V. (PLANTA TALISMÁN Y SAN JUAN)",Cd. de México / Zmvm,2026,Industria Limpia
424,"ELECTRÓNICA BRK DE MÉXICO, S.A. DE C.V., PLANTA II",Chihuahua,2026,Industria Limpia
425,"ELECTRÓNICA BRK DE MÉXICO, S.A. DE C.V., PLANTA I",Chihuahua,2026,Industria Limpia
426,"ROBERT BOSCH SISTEMAS AUTOMOTRICES, S.A. DE C.V. (PLANTA ZARAGOZA)",Chihuahua,2026,Industria Limpia
427,"CFE DISTRIBUCIÓN, GERENCIA VALLE DE MÉXICO NORTE, ZONA NAUCALPAN, SUBESTACIÓN CAREAGA",Cd. de México / Zmvm,2026,Calidad Ambiental
428,"PROPIMEX, S. DE R.L. DE C.V. (CEDIS SAN JUAN DEL RÍO)",Queretaro,2026,Calidad Ambiental
429,"PRAXAIR MÉXICO, S. DE R.L. DE C.V., (PLANTA COATZACOALCOS)",Veracruz,2026,Industria Limpia
430,"CFE DISTRIBUCIÓN, GERENCIA VALLE DE MÉXICO NORTE, ZONA TLALNEPANTLA, SUBESTACIÓN LA QUEBRADA",Cd. de México / Zmvm,2026,Calidad Ambiental
431,"CFE DISTRIBUCIÓN, GERENCIA VALLE DE MÉXICO NORTE, ZONA TLALNEPANTLA, SUBESTACIÓN BARRIENTOS",Cd. de México / Zmvm,2026,Calidad Ambiental
432,"CFE DISTRIBUCIÓN, GERENCIA VALLE DE MÉXICO NORTE, ZONA ATIZAPAN, SUBESTACIÓN LECHERIA",Cd. de México / Zmvm,2026,Calidad Ambiental
433,"CFE DISTRIBUCIÓN, GERENCIA VALLE DE MÉXICO NORTE, ZONA BASILICA, SUBESTACIÓN PATERA",Cd. de México / Zmvm,2026,Calidad Ambiental
434,"CFE DISTRIBUCIÓN, GERENCIA VALLE DE MÉXICO NORTE, ZONA BASILICA, SUBESTACIÓN INSURGENTES",Cd. de México / Zmvm,2026,Calidad Ambiental
435,"CFE DISTRIBUCIÓN, GERENCIA VALLE DE MÉXICO NORTE, ZONA TLALNEPANTLA, SUBESTACIÓN LA LOMA",Cd. de México / Zmvm,2026,Calidad Ambiental
436,"CFE DISTRIBUCIÓN, GERENCIA VALLE DE MÉXICO NORTE, ZONA ECATEPEC, SUBESTACIÓN VILLA DE LAS FLORES",Cd. de México / Zmvm,2026,Calidad Ambiental
437,"CFE DISTRIBUCIÓN, GERENCIA VALLE DE MÉXICO NORTE, ZONA BASILICA, SUBESTACIÓN GUADALUPE",Cd. de México / Zmvm,2026,Calidad Ambiental
438,"CFE DISTRIBUCIÓN, GERENCIA VALLE DE MÉXICO NORTE, ZONA CUAUTITLAN, SUBESTACIÓN CUAUTITLAN",Cd. de México / Zmvm,2026,Calidad Ambiental
439,"HAEMOTRONIC DE MÉXICO, S. DE R.L. DE C.V.",Tamaulipas,2026,Industria Limpia
440,"SSA MÉXICO, S.A. DE C.V. (PATIO EXTERNO II MANZANILLO)",Colima,2026,Calidad Ambiental
441,"SSA MÉXICO, S.A. DE C.V. (PATIO DE ALMACÉN DE CONTENEDORES LLENOS MANZANILLO)",Colima,2026,Calidad Ambiental
442,"ELECTRÓNICA BRK DE MÉXICO, S.A. DE C.V. PLANTA III",Chihuahua,2026,Industria Limpia
443,BIMBO S.A. DE C.V. PLANTA 2 BIMBO AZCAPOTZALCO,Cd. de México / Zmvm,2026,Industria Limpia
444,"CFE DISTRIBUCIÓN, GERENCIA CENTRO ORIENTE, ZONA PACHUCA, SUBESTACIÓN DOS CARLOS",Hidalgo,2026,Calidad Ambiental
445,"CFE DISTRIBUCIÓN, GERENCIA CENTRO ORIENTE, ZONA PACHUCA, SUBESTACIÓN SAN AGUSTÍN",Hidalgo,2026,Calidad Ambiental
446,"CFE DISTRIBUCIÓN, GERENCIA CENTRO ORIENTE, ZONA PACHUCA, SUBESTACIÓN ZEMPOALA",Hidalgo,2026,Calidad Ambiental
447,"CFE DISTRIBUCIÓN, GERENCIA CENTRO ORIENTE, ZONA MATAMOROS, SUBESTACIÓN HUAQUECHULA",Puebla,2026,Calidad Ambiental
448,"STEERINGMEX, S. DE R.L. DE C.V. (PLANTA 65)",Queretaro,2026,Industria Limpia
449,H. CAMARA DE DIPUTADOS DEL CONGRESO DE LA UNION,Cd. de México / Zmvm,2026,Calidad Ambiental
450,"TREFILADOS INOXIDABLES DE MÉXICO, S.A. DE C.V.",Tlaxcala,2026,Industria Limpia
451,"MATERIAS PRIMAS MONTERREY, S. DE R.L. DE C.V., PLANTA TLAXCALA",Tlaxcala,2026,Industria Limpia
452,"LABORATORIO ÉCLAT, S.A. DE C.V.",Hidalgo,2026,Industria Limpia
453,"TELEVISA, S. DE R.L. DE C.V. (SAN ÁNGEL) (COMPUESTO POR GRUPO TELEVISA, S.A.B., ALTAVISTA SUR INMOBILIARIA, S.A. DE C.V., TELEVISA PRODUCCIONES, S.A. DE C.V., ECOPRODUCCIONES, S.A. DE C.V., PRODUCCIONES DEPORTIVAS TUDN, S.A. DE C.V., CORPORATIVO TELEVISA, S.A. DE C.V., DESARROLLO VISTAHERMOSA)",Cd. de México / Zmvm,2026,Calidad Ambiental
454,"GRUPO AMERICAN INDUSTRIES, S.A. DE C.V. (PROYECTO TEXTRON AEROSPACE DE MÉXICO PLANTA 8)",Chihuahua,2026,Industria Limpia
455,"OXITENO MÉXICO, S.A. DE C.V. (PLANTA GUADALAJARA)",Jalisco,2026,Industria Limpia
456,"ENVASES Y TAPAS MODELO, S. DE R.L. DE C.V.",Zacatecas,2026,Industria Limpia
457,"AGROINDUSTRIAS UNIDAS DE CACAO, S.A. DE C.V.",Veracruz,2026,Industria Limpia
458,"CFE GENERACIÓN VI EPS, (CENTRAL HIDROELÉCTRICA ENCANTO)",Veracruz,2026,Industria Limpia
459,"CFE GENERACIÓN VI EPS, (CENTRAL HIDROELÉCTRICA LAS MINAS)",Veracruz,2026,Industria Limpia
460,"CFE GENERACIÓN VI EPS, (CENTRAL HIDROELÉCTRICA TEXOLO)",Veracruz,2026,Industria Limpia
461,"SOLDADURA DE MÉXICO, S.A. DE C.V.",Chihuahua,2026,Industria Limpia
462,"CONTINENTAL AUTOMOTIVE MAQUILA MÉXICO, S. DE R.L. DE C.V. (PLANTA NOGALES)",Sonora,2026,Industria Limpia
463,"CONTROLADORA HOTELERA POH, S.A. DE C.V. (FIESTA INN PLAZA CENTRAL AEROPUERTO)",Cd. de México / Zmvm,2026,Calidad Ambiental Turistica
464,"ENGICOM, S. DE R.L. DE C.V.",Coahuila,2026,Industria Limpia
465,"CEMEX, S.A.B. DE C.V. (TERMINAL MARÍTIMA PICHILINGUE)",Baja California Sur,2026,Calidad Ambiental
466,"VEOLIA SOLUCIONES INDUSTRIALES MÉXICO, S.A. DE C.V., (CENTRO DE SERVICIOS AMBIENTALES XALOSTOC)",Cd. de México / Zmvm,2026,Industria Limpia
467,"COMPAĄIA CERVECERA DE OBREGÓN, S. DE R.L DE C.V",Sonora,2026,Industria Limpia
468,"CFE DISTRIBUCIÓN, GERENCIA NORTE, ZONA DURANGO, SUBESTACIÓN CLID",Durango,2026,Calidad Ambiental
469,"CFE DISTRIBUCIÓN, GERENCIA SURESTE, ZONA VILLAHERMOSA, SUBESTACIONES CIUDAD INDUSTRIAL, MACULTEPEC, PARRILLA, POMOCA, SALOYA, TABASQUILLO, VILLAHERMOSA CENTRO, VILLAHERMOSA I, VILLAHERMOSA PONIENTE, LA CHOCA, TACOTALPA, TAMULTE, TEAPA Y VILLAHERMOSA II",Tabasco,2026,Calidad Ambiental
470,"JOHNSON ELECTRIC GROUP MÉXICO, S. DE R.L. DE C.V.",Zacatecas,2026,Industria Limpia
471,"US TECHNOLOGIES, S.A. DE C.V.",Cd. de México / Zmvm,2026,Industria Limpia
472,"CARGO CONTROL, S.A.",Sinaloa,2026,Calidad Ambiental
473,"LEAR ELECTRICAL SYSTEMS DE MÉXICO, S. DE R.L. DE C.V., PLANTA TORRES",Chihuahua,2026,Industria Limpia
474,"INDUSTRIA QUÍMICA DEL ISTMO, S.A. DE C.V. PLANTA TLAXCALA",Tlaxcala,2026,Industria Limpia
475,"HERRAMIENTAS STANLEY, S.A. DE C.V.",Puebla,2026,Industria Limpia
476,"BIMBO, S.A. DE C.V. PLANTA TIA ROSA",México,2026,Industria Limpia
477,"BIMBO, S.A. DE C.V. PLANTA HAZPAN",México,2026,Industria Limpia
478,"MOLDES Y EXHIBIDORES, S.A. DE C.V.",México,2026,Industria Limpia
479,SALA REGIONAL DE LA QUINTA CIRCUNSCRIPCIÓN PLURINOMINAL CON SEDE EN TOLUCA ESTADO DE MÉXICO DEL TRIBUNAL ELECTORAL DEL PODER JUDICIAL DE LA FEDERACIÓN (SALA REGIONAL TOLUCA DEL TRIBUNAL ELECTORAL DEL PODER JUDICIAL DE LA FEDERACIÓN),México,2026,Calidad Ambiental
480,"AVON COSMETICS MANUFACTURING, S. DE R.L. DE C.V.",Guanajuato,2026,Industria Limpia
481,"PROPIMEX, S. DE R.L. DE C.V. (CENTRO ON PREMISE)",Cd. de México / Zmvm,2026,Calidad Ambiental
482,"TOY AUTOMOTORES, S.A. DE C.V. (MATRIZ)",Chihuahua,2026,Calidad Ambiental
483,"GRUPO ESSEX SOLUTIONS TORREÓN, S. DE R.L. DE C.V.",Coahuila,2026,Industria Limpia
484,"WHIRLPOOL INTERNACIONAL, S. DE R.L. DE C.V. PLANTA RAMOS ARIZPE",Coahuila,2026,Industria Limpia
485,"GRISI HNOS, S.A. DE C.V.",Cd. de México / Zmvm,2026,Industria Limpia
486,"FLEX-N-GATE HERMOSILLO, S. DE R.L. DE C.V.",Sonora,2026,Industria Limpia
487,"INTERMEX MANUFACTURA DE CHIHUAHUA, S.A. DE C.V. (PLANTA TEXTRON)",Chihuahua,2026,Industria Limpia
488,"INSIGNIA MOTORS, S.A. DE C.V.",Chihuahua,2026,Calidad Ambiental
489,"CFE DISTRIBUCIÓN, GERENCIA BAJA CALIFORNIA, ZONA ENSENADA, SUBESTACIONES ENSENADA, GALLO, JATAY Y EL SAUZAL.",Baja California,2026,Calidad Ambiental
490,"PILGRIMS PRIDE, S. DE R.L. DE C.V. (INCUBADORA CITRA)",Durango,2026,Industria Limpia
491,"PLASTIGLAS DE MÉXICO, S.A. DE C.V. (PLANTA SAN LUIS POTOSÍ)",San Luis Potosi,2026,Industria Limpia
492,"MANTENIMIENTO INTEGRAL FINSA, S.A. DE C.V. (PARQUE INDUSTRIAL FINSA SANTA CATARINA II)",Nuevo León,2026,Calidad Ambiental
493,"PROPIMEX, S. DE R.L. DE C.V. (CENTRO DE DISTRIBUCIÓN NORTE)",Cd. de México / Zmvm,2026,Calidad Ambiental
494,"TRW STEERING WHEEL SYSTEMS DE CHIHUAHUA, S. DE R. L. DE C.V.",Chihuahua,2026,Industria Limpia
495,"TELÉFONOS DE MÉXICO, S.A.B. DE C.V., CENTRAL TELEFÓNICA VALLE",Cd. de México / Zmvm,2026,Calidad Ambiental
496,"TU MEJOR AGENCIA AUTOMOTRIZ, S.A. DE C.V. (SUCURSAL DELICIAS)",Chihuahua,2026,Calidad Ambiental
497,"TOY AUTOMOTORES, S.A. DE C.V. (SUCURSAL DELICIAS)",Chihuahua,2026,Calidad Ambiental
498,"INEOS STYROLUTION MEXICANA, S.A. DE C.V., TERMINAL MARÍTIMA",Tamaulipas,2026,Calidad Ambiental
499,"SAYER LACK MEXICANA, S.A. DE C.V.",Cd. de México / Zmvm,2026,Industria Limpia
500,"LEAR ELECTRICAL SYSTEMS DE MÉXICO, S. DE R.L. DE C.V., PLANTA TORREÓN",Coahuila,2026,Industria Limpia
501,"PROPIMEX, S. DE R. L. DE C. V. (UNIDAD OPERATIVA BANDERILLA)",Veracruz,2026,Calidad Ambiental
502,"PROPIMEX, S. DE R.L. DE C.V. (UNIDAD OPERATIVA CÁRDENAS)",Tabasco,2026,Calidad Ambiental
503,"INDUSTRIAS GW, S. DE R. L.",Tamaulipas,2026,Industria Limpia
504,"CFE TRANSMISIÓN, GERENCIA REGIONAL DE TRANSMISIÓN PENINSULAR, ZONA DE TRANSMISIÓN CAMPECHE, SUBESTACIÓN CHAMPOTÓN",Campeche,2026,Calidad Ambiental
505,"PLÁSTICOS ESPECIALES GAREN, S.A. DE C.V.",Tlaxcala,2026,Industria Limpia
506,"CFE DISTRIBUCIÓN, GERENCIA CENTRO ORIENTE, ZONA SAN MARTÍN, SUBESTACIÓN PUENTE DE EMPERADOR",Puebla,2026,Calidad Ambiental
507,"CFE DISTRIBUCIÓN, GERENCIA CENTRO ORIENTE, ZONA SAN MARTÍN, SUBESTACIÓN EL VERDE",Puebla,2026,Calidad Ambiental
508,"CFE DISTRIBUCIÓN, GERENCIA CENTRO ORIENTE, ZONA SAN MARTÍN, SUBESTACIÓN XOXTLA",Puebla,2026,Calidad Ambiental
509,"INDUSTRIA FARMACÉUTICA ANDRÓMACO, S.A. DE C.V",México,2026,Industria Limpia
510,"DOBOS, S.A. DE C.V.",México,2026,Industria Limpia
511,"REFACCIONARIA ROCA, S.A.DE C.V. (CENTRO DE SERVICIO TALIA)",Aguascalientes,2026,Calidad Ambiental
512,"CFE DISTRIBUCIÓN, GERENCIA CENTRO ORIENTE, ZONA PACHUCA, SUBESTACIÓN BOXAXNI",Hidalgo,2026,Calidad Ambiental
513,"TRITURADORA Y PROCESADORA DE MATERIALES SANTA ANITA, S.A. DE C.V. (PLANTA TULA).",Hidalgo,2026,Industria Limpia
514,"AEROPUERTO DE CHIHUAHUA, S.A. DE C.V.",Chihuahua,2026,Calidad Ambiental
515,"SCHWEITZER ENGINEERING LABORATORIES, S.A. DE C.V.",San Luis Potosi,2026,Industria Limpia
516,"PILGRIMęS PRIDE, S. DE R.L. DE C.V. (PLANTA CITRA)",Durango,2026,Industria Limpia
517,"PRODUCTOS ALIMENTICIOS DONDÉ, S.A. DE C.V.",Yucatán,2026,Industria Limpia
518,"DAIMLER VEHÍCULOS COMERCIALES MÉXICO, S. DE R.L. DE C.V. (PLANTA MONTERREY AUTOBUSES)",Nuevo León,2026,Industria Limpia
519,"PILGRIMS PRIDE, S. DE R.L. DE C.V. (PLANTA POPULAR)",Durango,2026,Industria Limpia
520,"CFE DISTRIBUCIÓN, GERENCIA VALLE DE MÉXICO CENTRO, ZONA NEZAHUALCÓYOTL, SUBESTACIÓN PANTITLÁN",Cd. de México / Zmvm,2026,Calidad Ambiental
521,"TELÉFONOS DE MÉXICO, S.A.B. DE C.V., OFICINAS ADMINISTRATIVAS PARQUE VÍA 198",Cd. de México / Zmvm,2026,Calidad Ambiental
522,"TELÉFONOS DE MÉXICO, S.A.B. DE C.V., CENTRAL TELEFÓNICA POPOCATEPETL I",Cd. de México / Zmvm,2026,Calidad Ambiental
523,"CFE DISTRIBUCIÓN, GERENCIA NOROESTE, ZONA CULIACÁN, SUBESTACIONES EL DORADO, COSTA RICA, CULIACÁN SUR, CULIACÁN CINCO, CULIACÁN DOS, ISLA MUSALA Y PERICOS.",Sinaloa,2026,Calidad Ambiental
524,"CFE DISTRIBUCIÓN, GERENCIA NOROESTE, ZONA NOGALES, SUBESTACIONES NUEVO NOGALES Y NUEVO PROGRESO.",Sonora,2026,Calidad Ambiental
525,"CFE DISTRIBUCIÓN, GERENCIA ORIENTE, ZONA XALAPA, SUBESTACIONES COATEPEC, JALAPA II, LAS TRANCAS Y LA REINA.",Veracruz,2026,Calidad Ambiental
526,"CFE DISTRIBUCIÓN, GERENCIA VALLE DE MÉXICO CENTRO, ZONA NEZAHUALCÓYOTL, SUBESTACIÓN NEZAHUALCÓYOTL",Cd. de México / Zmvm,2026,Calidad Ambiental
527,"TRINITY RAIL DE MÉXICO, S. DE R.L. DE C.V.( PLANTA CASTAĄOS 323)",Coahuila,2026,Industria Limpia
528,"CFE DISTRIBUCIÓN, GERENCIA ORIENTE, ZONA TEZIUTLÁN, SUBESTACIÓN MARTÍNEZ DE LA TORREII",Veracruz,2026,Calidad Ambiental
529,"CFE DISTRIBUCIÓN, GERENCIA ORIENTE, ZONA VERACRUZ, SUBESTACIONES ALUMINIO, BOCA DEL RÍO, CARDEL, FRAMBOYANES, INFONAVIT, PAGES, PIEDRAS NEGRAS Y PLAYA NORTE.",Veracruz,2026,Calidad Ambiental
530,"CFE DISTRIBUCIÓN, GERENCIA CENTRO ORIENTE, ZONA TEHUACÁN, SUBESTACIÓN TLACOTEPEC",Puebla,2026,Calidad Ambiental
531,"MEXICHEM COMPUESTOS, S.A. DE C.V. PLANTA ALTAMIRA I",Tamaulipas,2026,Industria Limpia
532,"CFE DISTRIBUCIÓN, GERENCIA CENTRO ORIENTE, ZONA TULANCINGO, SUBESTACIÓN SAN LORENZO",Hidalgo,2026,Calidad Ambiental
533,"CFE DISTRIBUCIÓN, GERENCIA CENTRO ORIENTE, ZONA PUEBLA ORIENTE, SUBESTACIÓN LARA GRAJALES",Puebla,2026,Calidad Ambiental
534,"CFE DISTRIBUCIÓN, GERENCIA CENTRO ORIENTE, ZONA TEHUACÁN, SUBESTACIÓN SIERRA NEGRA",Puebla,2026,Calidad Ambiental
535,"CFE DISTRIBUCIÓN, GERENCIA CENTRO ORIENTE, ZONA TECAMACHALCO, SUBESTACIÓN SERDÁN",Puebla,2026,Calidad Ambiental
536,"CFE DISTRIBUCIÓN, GERENCIA CENTRO ORIENTE, ZONA TECAMACHALCO, SUBESTACIÓN ATEXCAC",Puebla,2026,Calidad Ambiental
537,"CFE DISTRIBUCIÓN, GERENCIA CENTRO ORIENTE, ZONA TECAMACHALCO, SUBESTACIÓN GUADALUPE VICTORIA",Puebla,2026,Calidad Ambiental
538,"CFE DISTRIBUCIÓN, GERENCIA CENTRO ORIENTE, ZONA MATAMOROS, SUBESTACIÓN HUEHUETLÁN",Puebla,2026,Calidad Ambiental
539,"CFE DISTRIBUCIÓN, GERENCIA CENTRO ORIENTE, ZONA MATAMOROS, SUBESTACIÓN JOLALPAN",Puebla,2026,Calidad Ambiental
540,"CFE DISTRIBUCIÓN, GERENCIA CENTRO ORIENTE, ZONA TULANCINGO, SUBESTACIÓN TEXCAPA",Puebla,2026,Calidad Ambiental
541,"CFE DISTRIBUCIÓN, GERENCIA CENTRO ORIENTE, ZONA MATAMOROS, SUBESTACIÓN NEALTICAN",Puebla,2026,Calidad Ambiental
542,"LABORATORIOS SILANES, S.A. DE C.V.",México,2026,Industria Limpia
543,"VIBRACOUSTIC TOLUCA, S.A. DE C.V.",México,2026,Industria Limpia
544,"OPERACIÓN Y MANUFACTURA INTERCERAMIC, S.A. DE C.V. COMPLEJO SUR",Chihuahua,2026,Industria Limpia
545,"LEAR MEXICAN TRIM OPERATIONS, S. DE R.L. DE C.V., PLANTA SAN LORENZO",Chihuahua,2026,Industria Limpia
546,"PROPIMEX, S. DE R.L. DE C.V. (CENTRO DE DISTRIBUCIÓN MEGA ORIZABA)",Veracruz,2026,Calidad Ambiental
547,"TELÉFONOS DE MÉXICO, S.A.B. DE C.V., CENTRO TELEFÓNICO SAN JUAN",Cd. de México / Zmvm,2026,Calidad Ambiental
548,"CFE DISTRIBUCIÓN, GERENCIA BAJA CALIFORNIA, ZONA ENSENADA, SUBESTACIÓN SAN QUINTÍN.",Baja California,2026,Calidad Ambiental
549,"CFE DISTRIBUCIÓN, GERENCIA BAJA CALIFORNIA, ZONA ENSENADA, SUBESTACIÓN SAN SIMÓN.",Baja California,2026,Calidad Ambiental
550,"CFE DISTRIBUCIÓN, GERENCIA BAJA CALIFORNIA, ZONA ENSENADA, SUBESTACIÓN TRINIDAD.",Baja California,2026,Calidad Ambiental
551,"CFE DISTRIBUCIÓN, GERENCIA BAJA CALIFORNIA, ZONA ENSENADA SUBESTACIÓN MANEADERO",Baja California,2026,Calidad Ambiental
552,"CFE DISTRIBUCIÓN, GERENCIA BAJA CALIFORNIA, ZONA ENSENADA SUBESTACIÓN OJOS NEGROS",Baja California,2026,Calidad Ambiental
553,"CFE DISTRIBUCIÓN, GERENCIA BAJA CALIFORNIA, ZONA ENSENADA SUBESTACIÓN VALLE DE GUADALUPE",Baja California,2026,Calidad Ambiental
554,"CFE DISTRIBUCIÓN, GERENCIA SURESTE, ZONA VILLAHERMOSA, SUBESTACIONES FRONTERA Y CASA BLANCA",Tabasco,2026,Calidad Ambiental
555,"CFE DISTRIBUCIÓN, GERENCIA BAJA CALIFORNIA, ZONA TIJUANA, SUBESTACIÓN CÁRDENAS",Baja California,2026,Calidad Ambiental
556,"CFE DISTRIBUCIÓN, GERENCIA BAJA CALIFORNIA, ZONA TIJUANA, SUBESTACIÓN UNIVERSIDAD",Baja California,2026,Calidad Ambiental
557,"CFE DISTRIBUCIÓN, GERENCIA BAJA CALIFORNIA, ZONA TIJUANA, SUBESTACIÓN GUERRERO",Baja California,2026,Calidad Ambiental
558,"CFE DISTRIBUCIÓN, GERENCIA BAJA CALIFORNIA, ZONA TIJUANA, SUBESTACIÓN MÉXICO",Baja California,2026,Calidad Ambiental
559,"CFE DISTRIBUCIÓN, GERENCIA NORTE, ZONA DELICIAS, SUBESTACIÓN ARMENDÁRIZ",Chihuahua,2026,Calidad Ambiental
560,"CFE DISTRIBUCIÓN, GERENCIA NORTE, ZONA TORREÓN, SUBESTACIÓN ALLENDE",Coahuila,2026,Calidad Ambiental
561,"CFE DISTRIBUCIÓN, GERENCIA ORIENTE, ZONA PAPALOAPAN, SUBESTACIÓN ISLA.",Veracruz,2026,Calidad Ambiental
562,"CFE DISTRIBUCIÓN, GERENCIA NORTE, ZONA GÓMEZ PALACIO, SUBESTACIÓN SACRAMENTO",Durango,2026,Calidad Ambiental
563,"CFE DISTRIBUCIÓN, GERENCIA NORTE, ZONA GÓMEZ PALACIO, SUBESTACIÓN EL VERGEL",Durango,2026,Calidad Ambiental
564,"CFE DISTRIBUCIÓN, GERENCIA NORTE, ZONA GÓMEZ PALACIO, SUBESTACIÓN MIRAVALLE",Durango,2026,Calidad Ambiental
565,"CFE DISTRIBUCIÓN, GERENCIA NORTE, ZONA PARRAL, SUBESTACIÓN GUACHOCHI",Chihuahua,2026,Calidad Ambiental
566,"CFE DISTRIBUCIÓN, GERENCIA NORTE, ZONA PARRAL, SUBESTACIÓN ALTAVISTA",Chihuahua,2026,Calidad Ambiental
567,"CFE DISTRIBUCIÓN, GERENCIA NORTE, ZONA DELICIAS, SUBESTACIÓN DELICIAS",Chihuahua,2026,Calidad Ambiental
568,"CFE DISTRIBUCIÓN, GERENCIA NORTE, ZONA DELICIAS, SUBESTACIÓN BOQUILLITA",Chihuahua,2026,Calidad Ambiental
569,"CFE DISTRIBUCIÓN, GERENCIA NORTE, ZONA DELICIAS, SUBESTACIÓN LÁZARO CÁRDENAS",Chihuahua,2026,Calidad Ambiental
570,"CFE DISTRIBUCIÓN, GERENCIA NORTE, ZONA JUÁREZ, SUBESTACIÓN AZTECAS",Chihuahua,2026,Calidad Ambiental
571,"CFE DISTRIBUCIÓN, GERENCIA NORTE, ZONA JUÁREZ, SUBESTACIÓN EL GAVILÁN",Chihuahua,2026,Calidad Ambiental
572,"CFE DISTRIBUCIÓN, GERENCIA NORTE, ZONA JUÁREZ, SUBESTACIÓN LA CUESTA",Chihuahua,2026,Calidad Ambiental
573,"CFE DISTRIBUCIÓN, GERENCIA NORTE, ZONA JUÁREZ, SUBESTACIÓN LA PALMA",Chihuahua,2026,Calidad Ambiental
574,"CFE DISTRIBUCIÓN, GERENCIA NORTE, ZONA JUÁREZ, SUBESTACIÓN VALLE LA ESPERANZA",Chihuahua,2026,Calidad Ambiental
575,"CFE DISTRIBUCIÓN, GERENCIA NORTE, ZONA JUÁREZ, SUBESTACIÓN FUENTES",Chihuahua,2026,Calidad Ambiental
576,"CFE DISTRIBUCIÓN, GERENCIA NORTE, ZONA JUÁREZ, SUBESTACIÓN GÉMINIS",Chihuahua,2026,Calidad Ambiental
577,"CFE DISTRIBUCIÓN, GERENCIA NORTE, ZONA CASAS GRANDES, SUBESTACIÓN CASAS GRANDES",Chihuahua,2026,Calidad Ambiental
578,"CFE DISTRIBUCIÓN, GERENCIA NORTE, ZONA CASAS GRANDES, SUBESTACIÓN GALEANA",Chihuahua,2026,Calidad Ambiental
579,"CFE DISTRIBUCIÓN, GERENCIA NORTE, ZONA CASAS GRANDES, SUBESTACIÓN ASCENSIÓN",Chihuahua,2026,Calidad Ambiental
580,"CFE DISTRIBUCIÓN, GERENCIA NORTE, ZONA CUAUHTÉMOC, SUBESTACIÓN ARENALES",Chihuahua,2026,Calidad Ambiental
581,"CFE DISTRIBUCIÓN, GERENCIA NORTE, ZONA CUAUHTÉMOC, SUBESTACIÓN CARICHÍ",Chihuahua,2026,Calidad Ambiental
582,"CFE DISTRIBUCIÓN, GERENCIA NORTE, ZONA CASAS GRANDES, SUBESTACIÓN SAN BUENAVENTURA",Chihuahua,2026,Calidad Ambiental
583,"CFE DISTRIBUCIÓN, GERENCIA NORTE, ZONA CASAS GRANDES, SUBESTACIÓN JANOS",Chihuahua,2026,Calidad Ambiental
584,"CFE DISTRIBUCIÓN, GERENCIA NORTE, ZONA DELICIAS, SUBESTACIÓN MEOQUI",Chihuahua,2026,Calidad Ambiental
585,"AUTOLIV STEERING WHEELS MÉXICO, S. DE R.L. DE C.V. (PLANTA CMX)",Queretaro,2026,Industria Limpia
586,"W.H. BRADY, S. DE R.L. DE C.V., PLANTA QUERÉTARO",Queretaro,2026,Industria Limpia
587,"AEROVÍAS DE MÉXICO, S.A. DE C.V. (HANGAR ORIENTE)",Cd. de México / Zmvm,2026,Calidad Ambiental
588,"MULTIMODAL ACEROS DE SONORA, S.A. DE C.V.",Sonora,2026,Calidad Ambiental
589,"COSMOCEL, S.A.",Nuevo León,2026,Industria Limpia
590,"SÁBALO MAZATLÁN, S.A. DE C.V. (HOTEL PUEBLO BONITO)",Sinaloa,2026,Calidad Ambiental Turistica
591,"FÁBRICA DE JABÓN LA CORONA, S.A. DE C.V. (PLANTA DE DETERGENTE LÍQUIDO)",Cd. de México / Zmvm,2026,Industria Limpia
592,"PREMIER DE ORIENTE, S. DE R.L. DE C.V. SUCURSAL TOYOTA LOS MOCHIS",Sinaloa,2026,Calidad Ambiental
593,"LEAR MEXICAN TRIM OPERATIONS, S. DE R.L. DE C.V., PLANTA VILLA AHUMADA",Chihuahua,2026,Industria Limpia
594,"GRUPO AMERICAN INDUSTRIES, S.A DE C. V. (PROYECTO TEXTRON AEROSPACE DE MÉXICO PLANTA 1)",Chihuahua,2026,Industria Limpia
595,"LEAR MEXICAN TRIM OPERATIONS, S. DE R.L. DE C.V., COMPLEJO LA CUESTA",Chihuahua,2026,Industria Limpia
596,"ENVITA SUSTAINABILITY SOLUTIONS MÉXICO, S. DE R.L. DE C.V.",Chihuahua,2026,Calidad Ambiental
597,"TELÉFONOS DE MÉXICO, S.A.B. DE C.V. CENTRAL TELEFÓNICA VERÓNICA",Cd. de México / Zmvm,2026,Calidad Ambiental
598,"BEBIDAS MUNDIALES, S. DE R.L. DE C.V. CEDIS UNIVERSIDAD",Nuevo León,2026,Calidad Ambiental
599,"AUTOS PREMIER DE ORIENTE, S.A. DE C.V. (HYUNDAI CULIACÁN)",Sinaloa,2026,Calidad Ambiental
600,"AUTOS PREMIER DE ASIA, S.A. DE C.V. (KIA CULIACÁN)",Sinaloa,2026,Calidad Ambiental
601,"PROVETREN, S.A. DE C.V.",Cd. de México / Zmvm,2026,Calidad Ambiental
602,"BARAMIN, S.A. DE C.V.",Veracruz,2026,Industria Limpia
603,"CFE DISTRIBUCIÓN, GERENCIA SURESTE, ZONA VILLAHERMOSA, SUBESTACIONES PICHUCALCO Y REFORMA",Chiapas,2026,Calidad Ambiental
604,"CFE DISTRIBUCIÓN, GERENCIA NORTE, ZONA JUÁREZ, SUBESTACIÓN LAGOS",Chihuahua,2026,Calidad Ambiental
605,"CFE DISTRIBUCIÓN, GERENCIA NORTE, ZONA CASAS GRANDES, SUBESTACIÓN PALOMAS",Chihuahua,2026,Calidad Ambiental
606,"CRISOBA INDUSTRIAL, S.A. DE C.V. (PLANTA TEXMELUCAN)",Puebla,2026,Industria Limpia
607,"CFE DISTRIBUCIÓN, GERENCIA VALLE DE MÉXICO SUR, ZONA TENANGO, SUBESTACIÓN AMOMOLULCO",México,2026,Calidad Ambiental
608,"OPERACIÓN Y MANUFACTURA INTERCERAMIC, S.A. DE C.V. PLANTA 10",Guanajuato,2026,Industria Limpia
609,"INTERNATIONAL PAPER MÉXICO COMPANY, S. DE R.L. DE C.V. (PLANTA TOLUCA)",México,2026,Industria Limpia
610,"CFE DISTRIBUCIÓN, GERENCIA VALLE DE MÉXICO SUR, ZONA TENANGO, SUBESTACIÓN TLATELULCO",México,2026,Calidad Ambiental
611,"PETRAMIN, S.A. DE C.V.",Guanajuato,2026,Industria Limpia
612,"CFE DISTRIBUCIÓN, GERENCIA VALLE DE MÉXICO SUR ZONA VOLCANES SUBESTACIÓN CHALCO",Cd. de México / Zmvm,2026,Calidad Ambiental
613,"CFE DISTRIBUCIÓN, GERENCIA VALLE DE MÉXICO SUR, ZONA VOLCANES, SUBESTACIÓN COVADONGA",Cd. de México / Zmvm,2026,Calidad Ambiental
614,"ASFALTOS DE LA FRONTERA, S.A. DE C.V.",Chihuahua,2026,Industria Limpia
615,CFE GENERACIÓN VI (CENTRAL TERMOELÉCTRICA LERMA),Campeche,2026,Industria Limpia
616,"TORRES MAZATLÁN, S.A. DE C.V.",Sinaloa,2026,Calidad Ambiental Turistica
617,"PRODUCTOS AUTOMOTRICES, S.A. DE C.V. (SUCURSAL NUEVO CASAS GRANDES)",Chihuahua,2026,Calidad Ambiental
618,"USG MÉXICO, S.A. DE C.V. (PLANTA TECOMÁN)",Colima,2026,Industria Limpia
619,"COMPAĄÍA EMBOTELLADORA DEL FUERTE, S. DE R.L. DE C.V. (PLANTA CUAUHTÉMOC)",Chihuahua,2026,Industria Limpia
620,"AEROPUERTO DE MANZANILLO, S.A. DE C.V.",Colima,2026,Calidad Ambiental
621,"HOTELES EL CID MAZATLÁN, S.A. DE C.V. (HOTEL MARINA EL CID)",Sinaloa,2026,Calidad Ambiental Turistica
622,"ESTRATEGIAS AMBIENTALES DEL NORTE, S.A. DE C.V.",Chihuahua,2026,Industria Limpia
623,"CFE DISTRIBUCIÓN, GERENCIA GOLFO CENTRO, ZONA SAN LUIS POTOSÍ, SUBESTACIONES BOCA, COLINAS, LOGISTICK, SAN PEDRO, PEĄASCO, SATÉLITE, TRES NACIONES, TANGAMANGA, VILLA DE REYES Y JULIAN CARRILLO.",San Luis Potosi,2026,Calidad Ambiental
624,"PRAXAIR MÉXICO, S. DE R.L. DE C.V. (PLANTA TORREÓN)",Durango,2026,Industria Limpia
625,"CFE DISTRIBUCIÓN, GERENCIA GOLFO CENTRO, ZONA VALLES, SUBESTACIONES EL COCO, MUSEO Y AXTLA",San Luis Potosi,2026,Calidad Ambiental
626,"CFE DISTRIBUCIÓN, GERENCIA ORIENTE, ZONA VERACRUZ, SUBESTACIONES AEROPUERTO, BRISAS, SACRIFICIOS, SANTA FE Y TAMARINDO II.",Veracruz,2026,Calidad Ambiental
627,"COMISIÓN FEDERAL DE ELECTRICIDAD, SUBDIRECCIÓN DE GENERACIÓN, CRP NOROESTE, CENTRAL FOTOVOLTAICA SANTA ROSALÍA",Baja California Sur,2026,Industria Limpia
628,"CFE DISTRIBUCIÓN, GERENCIA VALLE DE MÉXICO CENTRO, ZONA POLANCO, SUBESTACIÓN REFORMA",Cd. de México / Zmvm,2026,Calidad Ambiental
629,"CFE DISTRIBUCIÓN, GERENCIA VALLE DE MÉXICO CENTRO, ZONA POLANCO, SUBESTACIÓN HUASTECA",Cd. de México / Zmvm,2026,Calidad Ambiental
630,"CONSTRUCTORA SUBACUÁTICA DIAVAZ, S.A. DE C.V. (EDIFICIO CORPORATIVO Y PATIO DE MANIOBRAS DE OPERACIONES DE EMBARQUE Y DESEMBARQUE)",Campeche,2026,Calidad Ambiental
631,"CFE TRANSMISIÓN, GERENCIA REGIONAL DE TRANSMISIÓN PENINSULAR, ZONA DE TRANSMISIÓN YUCATÁN, SUBESTACIÓN MÉRIDA POTENCIA, SUBESTACIÓN KANASÍN POTENCIA Y SUBESTACIÓN CAUCEL POTENCIA",Yucatán,2026,Calidad Ambiental
632,"CFE DISTRIBUCIÓN, GERENCIA ORIENTE, ZONA CÓRDOBA, SUBESTACIÓN CÓRDOBA II.",Veracruz,2026,Calidad Ambiental
633,"CFE DISTRIBUCIÓN, GERENCIA VALLE DE MÉXICO CENTRO, ZONA TACUBA, SUBESTACIÓN NONOALCO",Cd. de México / Zmvm,2026,Calidad Ambiental
634,"LEAR MEXICAN TRIM OPERATIONS, S. DE R.L DE C.V., PLANTA MEOQUI",Chihuahua,2026,Industria Limpia
635,"PREMIER DE AMERICA, S. A. DE C.V. (GMC LOS MOCHIS)",Sinaloa,2026,Calidad Ambiental
636,"CFE TRANSMISIÓN, GERENCIA REGIONAL DE TRANSMISIÓN PENINSULAR, ZONA DE TRANSMISIÓN YUCATAN, SUBESTACIÓN TICUL",Yucatán,2026,Calidad Ambiental
637,"CFE TRANSMISIÓN, GERENCIA REGIONAL DE TRANSMISIÓN PENINSULAR, ZONA DE TRANSMISIÓN YUCATAN, SUBESTACIÓN MANIOBRAS PROGRESO",Yucatán,2026,Calidad Ambiental
638,"CFE TRANSMISIÓN, GERENCIA REGIONAL DE TRANSMISIÓN PENINSULAR, ZONA DE TRANSMISIÓN VALLADOLID, SUBESTACIÓN TIZIMÍN",Yucatán,2026,Calidad Ambiental
639,"MEXICAN SILICATES, S.A. DE C.V. (PLANTA LA MAGDALENA)",Tlaxcala,2026,Industria Limpia
640,"BOCAR, S.A. DE C.V. PLANTA LERMA",México,2026,Industria Limpia
641,"ENVASES UNIVERSALES DE MÉXICO, S.A.P.I. DE C.V. (PLANTA AGUASCALIENTES)",Aguascalientes,2026,Industria Limpia
642,"EMPRESA AGA, S.A. DE C.V.",México,2026,Industria Limpia
643,"PROCTER & GAMBLE MANUFACTURING MÉXICO, S. DE R.L. DE C.V. (PLANTA NAUCALPAN)",Cd. de México / Zmvm,2026,Industria Limpia
644,"PAPELERA IRUĄA, S.A. DE C.V.",Cd. de México / Zmvm,2026,Industria Limpia
645,"PPG AP RESINAS, S.A. DE C.V.",Queretaro,2026,Industria Limpia
646,"CFE GENERACIÓN III EPS, CENTRAL GEOTERMOELÉCTRICA TRES VIRGENES",Baja California Sur,2026,Industria Limpia
647,"SCHÜTZ ELSA, S.A. DE C.V. (PLANTA TALISMÁN)",Cd. de México / Zmvm,2026,Industria Limpia
648,"INGENIO SAN MIGUEL DEL NARANJO, S.A. DE C.V.",San Luis Potosi,2026,Industria Limpia
649,"ZEPEMIN, A.R. DE I.C.",Durango,2026,Industria Limpia
650,"EÓLICA DE ARRIAGA, S.A.P.I. DE C.V.",Chiapas,2026,Industria Limpia
651,"ELECTRÓNICA DALE DE MÉXICO, S.A. DE C.V. (PLANTA BERMÚDEZ 1)",Chihuahua,2026,Industria Limpia
652,"VOL AUTOMOTRIZ, S.A. DE C.V.",Chihuahua,2026,Calidad Ambiental
653,"BAXTER, S.A. DE C.V.",Morelos,2026,Industria Limpia
654,"TU MEJOR AGENCIA AUTOMOTRIZ, S.A. DE C.V. (SUCURSAL ORTIZ MENA)",Chihuahua,2026,Calidad Ambiental
655,"ELECTRÓNICA DALE DE MÉXICO, S.A. DE C.V. (PLANTA BRAVOS)",Chihuahua,2026,Industria Limpia
656,"CFE DISTRIBUCIÓN, GERENCIA SURESTE, ZONA SAN CRISTÓBAL, SUBESTACIONES OXCHUC, SAN CRISTÓBAL ORIENTE, COMITÁN, TRINITARIA Y ACALA",Chiapas,2026,Calidad Ambiental
657,"AUTOMOTORES TOKIO, S.A. DE C.V. (SUCURSAL JUÁREZ)",Chihuahua,2026,Calidad Ambiental
658,"CAMIONERA DE CHIHUAHUA, S.A. DE C.V. (SUCURSAL JUÁREZ)",Chihuahua,2026,Calidad Ambiental
659,"CADISA, S.A. DE C.V. (SUCURSAL JUÁREZ)",Chihuahua,2026,Calidad Ambiental
660,"TRACTOCAMIONES KENWORTH DE CHIHUAHUA, S.A. DE C.V. (SUCURSAL JUÁREZ)",Chihuahua,2026,Calidad Ambiental
661,"PENTA MOTRIZ, S. A. DE C. V. (SUCURSAL JUÁREZ)",Chihuahua,2026,Calidad Ambiental
662,"CFE TRANSMISIÓN, GERENCIA NORTE, ZONA DE TRANSMISIÓN CHIHUAHUA, SUBESTACIONES AVALOS, CUAUHTÉMOC II, CHUVISCAR, SAN PEDRO POTENCIA, CHIHUAHUA NORTE, DIVISIÓN DEL NORTE, EL ENCINO, EL ENCINO II, LAGUNA DE ENCINILLAS, QUEVEDO Y CAHUISORI POTENCIA.",Chihuahua,2026,Calidad Ambiental
663,"CFE TRANSMISIÓN, GERENCIA REGIONAL DE TRANSMISIÓN PENINSULAR, ZONA DE TRANSMISIÓN YUCATAN, SUBESTACIÓN NORTE",Yucatán,2026,Calidad Ambiental
664,"CFE DISTRIBUCIÓN, GERENCIA JALISCO, ZONA ZAPOTLÁN SUBESTACIÓN TUXPAN",Jalisco,2026,Calidad Ambiental
665,"CFE DISTRIBUCIÓN, GERENCIA JALISCO, ZONA ZAPOTLÁN, SUBESTACIÓN ZAPOTILTIC",Jalisco,2026,Calidad Ambiental
666,"CFE DISTRIBUCIÓN, GERENCIA JALISCO, ZONA ZAPOTLÁN, SUBESTACIÓN JUAN RULFO",Jalisco,2026,Calidad Ambiental
667,"CFE DISTRIBUCIÓN, GERENCIA JALISCO, ZONA ZAPOTLÁN, SUBESTACIÓN SAYULA",Jalisco,2026,Calidad Ambiental
668,"CFE DISTRIBUCIÓN, GERENCIA JALISCO, ZONA METROPOLITANA JUÁREZ, SUBESTACIÓN EL SOL",Jalisco,2026,Calidad Ambiental
669,"CFE DISTRIBUCIÓN, GERENCIA JALISCO, ZONA METROPOLITANA JUÁREZ, SUBESTACIÓN MIRAVALLE",Jalisco,2026,Calidad Ambiental
670,"CFE DISTRIBUCIÓN, GERENCIA JALISCO, ZONA ALTOS, SUBESTACIÓN JALOSTOTITLÁN",Jalisco,2026,Calidad Ambiental
671,"CFE DISTRIBUCIÓN, GERENCIA JALISCO, ZONA ALTOS, SUBESTACIÓN SAN JUAN DE LOS LAGOS",Jalisco,2026,Calidad Ambiental
672,"CFE DISTRIBUCIÓN, GERENCIA JALISCO, ZONA MINAS, SUBESTACIÓN AMATITÁN",Jalisco,2026,Calidad Ambiental
673,"CFE DISTRIBUCIÓN, GERENCIA JALISCO, ZONA CIÉNEGA, SUBESTACIÓN LA BARCA",Jalisco,2026,Calidad Ambiental
674,"CFE DISTRIBUCIÓN, GERENCIA JALISCO, ZONA METROPOLITANA LIBERTAD, SUBESTACIÓN CUQUÍO",Jalisco,2026,Calidad Ambiental
675,"CFE DISTRIBUCIÓN, GERENCIA JALISCO, ZONA METROPOLITANA JUÁREZ, SUBESTACIÓN BUGAMBILIAS",Jalisco,2026,Calidad Ambiental
676,"CFE DISTRIBUCIÓN, GERENCIA JALISCO, ZONA METROPOLITANA LIBERTAD, SUBESTACIÓN OBLATOS",Jalisco,2026,Calidad Ambiental
677,"CFE DISTRIBUCIÓN, GERENCIA JALISCO, SUBESTACIÓN PUENTE GRANDE DOS",Jalisco,2026,Calidad Ambiental
678,"SERVICIOS ESTRELLA AZUL DE OCCIDENTE, S.A. DE C.V., PLANTA GUADALAJARA",Jalisco,2026,Calidad Ambiental
679,"CFE GENERACIÓN VI EPS, (CENTRAL HIDROELÉCTRICA CHILAPAN)",Veracruz,2026,Industria Limpia
680,"LEAR MEXICAN TRIM OPERATIONS, S. DE R.L. DE C.V., PLANTA PIEDRAS NEGRAS I Y II",Coahuila,2026,Industria Limpia
681,"LEAR MEXICAN TRIM OPERATIONS, S. DE R.L. DE C.V., PLANTA RÍO BRAVO",Chihuahua,2026,Industria Limpia
682,"CFE DISTRIBUCIÓN, GERENCIA BAJA CALIFORNIA, ZONA MEXICALI, SUBESTACIONES AEROPUERTO I Y SAN FELIPE",Baja California,2026,Calidad Ambiental
683,"CFE DISTRIBUCIÓN, GERENCIA JALISCO, ZONA COSTA, SUBESTACIÓN TALPA",Jalisco,2026,Calidad Ambiental
684,"CFE DISTRIBUCIÓN, GERENCIA JALISCO, ZONA COSTA, SUBESTACIÓN AUTLÁN",Jalisco,2026,Calidad Ambiental
685,"ALIGNTECH DE MÉXICO, S. DE R.L. DE C.V. (PLANTA 2)",Chihuahua,2026,Industria Limpia
686,"CFE DISTRIBUCIÓN, GERENCIA JALISCO, ZONA VALLARTA, SUBESTACIÓN MUELLE",Jalisco,2026,Calidad Ambiental
687,"CFE DISTRIBUCIÓN, GERENCIA JALISCO, ZONA TEPIC, SUBESTACIÓN TABACALERA",Nayarit,2026,Calidad Ambiental
688,"CFE DISTRIBUCIÓN, GERENCIA JALISCO, ZONA TEPIC SUBESTACIÓN TEPIC I",Nayarit,2026,Calidad Ambiental
689,"CFE DISTRIBUCIÓN, GERENCIA JALISCO, ZONA TEPIC, SUBESTACIÓN LAS BRISAS",Nayarit,2026,Calidad Ambiental
690,"CFE DISTRIBUCIÓN, GERENCIA JALISCO, ZONA VALLARTA, SUBESTACIÓN TAMARINDOS",Jalisco,2026,Calidad Ambiental
691,"CFE DISTRIBUCIÓN, GERENCIA JALISCO, ZONA CHAPALA, SUBESTACIÓN COCULA",Jalisco,2026,Calidad Ambiental
692,"CFE DISTRIBUCIÓN, GERENCIA JALISCO, ZONA MINAS, SUBESTACIÓN AMECA",Jalisco,2026,Calidad Ambiental
693,"CFE DISTRIBUCIÓN, GERENCIA JALISCO, ZONA TEPIC, SUBESTACIÓN AHUACATLÁN",Nayarit,2026,Calidad Ambiental
694,"AUTOS PREMIER DE ASIA, S.A. DE C.V. (KIA LOS MOCHIS)",Sinaloa,2026,Calidad Ambiental
695,"CFE DISTRIBUCIÓN, GERENCIA NOROESTE, ZONA GUAYMAS, SUBESTACIÓN GUAYMAS UNO",Sonora,2026,Calidad Ambiental
696,"SERVICIOS ESTRELLA AZUL DE OCCIDENTE, S.A. DE C.V. (PLANTA TLAXCALA)",Tlaxcala,2026,Calidad Ambiental
697,"CALIDRA DE OCCIDENTE, S.A. DE C.V. (PLANTA 3, SANTA CRUZ)",Jalisco,2026,Industria Limpia
698,"ALCOM ELECTRÓNICOS DE MÉXICO, S.A. DE C.V. (PLANTA 2)",Tamaulipas,2026,Industria Limpia
699,"ALCOM ELECTRÓNICOS DE MÉXICO, S.A. DE C.V. (PLANTA 1)",Tamaulipas,2026,Industria Limpia
700,"AEROPUERTO DEL BAJÍO, S.A. DE C.V.",Guanajuato,2026,Calidad Ambiental
701,"ECCACIV, S.A. DE C.V.",Morelos,2026,Calidad Ambiental
702,"CFE GENERACIÓN VI EPS, (CENTRAL HIDROELÉCTRICA TUXPANGO)",Veracruz,2026,Industria Limpia
703,"CFE DISTRIBUCIÓN, GERENCIA BAJA CALIFORNIA, ZONA TIJUANA, SUBESTACIÓN LA MESA",Baja California,2026,Calidad Ambiental
704,"CFE DISTRIBUCIÓN, GERENCIA BAJA CALIFORNIA, ZONA TIJUANA, SUBESTACIÓN PACÍFICO.",Baja California,2026,Calidad Ambiental
705,"CFE DISTRIBUCIÓN, GERENCIA BAJA CALIFORNIA, ZONA TIJUANA, SUBESTACIÓN LAGO.",Baja California,2026,Calidad Ambiental
706,"CFE GENERACIÓN VI EPS, (CENTRAL HIDROELÉCTRICA IXTACZOQUITLÁN)",Veracruz,2026,Industria Limpia
707,"CFE DISTRIBUCIÓN, GERENCIA CENTRO OCCIDENTE, ZONA MANZANILLO, SUBESTACIONES COLOMOS, FONDEPORT, MINATITLÁN, MIRAMAR, SALAHUA Y TAPEIXTLES",Colima,2026,Calidad Ambiental
708,"CENTAURO AUTOMOTRIZ, S.A. DE C.V. (MATRIZ)",Chihuahua,2026,Calidad Ambiental
709,"ALIGNTECH DE MÉXICO, S. DE R.L. DE C.V. (PLANTA 1)",Chihuahua,2026,Industria Limpia
710,"CFE DISTRIBUCIÓN, GERENCIA BAJA CALIFORNIA, ZONA TIJUANA, SUBESTACIÓN PANAMERICANA.",Baja California,2026,Calidad Ambiental
711,"CFE DISTRIBUCIÓN, GERENCIA BAJA CALIFORNIA, ZONA TIJUANA, SUBESTACIÓN TECOLOTE.",Baja California,2026,Calidad Ambiental
712,"BONAFONT, S.A. DE C.V. (PLANTA CULIACÁN)",Sinaloa,2026,Industria Limpia
713,"CFE DISTRIBUCIÓN, GERENCIA BAJA CALIFORNIA, ZONA TIJUANA, SUBESTACIÓN EL BAJÍO",Baja California,2026,Calidad Ambiental
714,"CFE DISTRIBUCIÓN, GERENCIA BAJA CALIFORNIA, ZONA TIJUANA, SUBESTACIÓN EL FLORIDO",Baja California,2026,Calidad Ambiental
715,"BIOSEA, S.A. DE C.V. (SUCURSAL LA PAZ)",Baja California Sur,2026,Calidad Ambiental
716,"CFE DISTRIBUCIÓN, GERENCIA SURESTE, ZONA TAPACHULA, SUBESTACIONES ARRIAGA, PUERTO CHIAPAS, RÍO COATÁN, TAPACHULA ORIENTE, TONALÁ, ACACOYAGUA, CIUDAD HIDALGO, HUIXTLA, MOTOZINTLA Y TAPACHULA AEROPUERTO",Chiapas,2026,Calidad Ambiental
717,"CFE DISTRIBUCIÓN, GERENCIA SURESTE, ZONA CHONTALPA, SUBESTACIÓN PEĄITAS II",Chiapas,2026,Calidad Ambiental
718,"CFE DISTRIBUCIÓN, GERENCIA CENTRO SUR, ZONA MORELOS, SUBESTACIÓN TLALTIZAPAN",Morelos,2026,Calidad Ambiental
719,"CFE DISTRIBUCIÓN, GERENCIA CENTRO SUR, ZONA MORELOS, SUBESTACIÓN CENTENARIO",Morelos,2026,Calidad Ambiental
720,"SISTEMAS ENERGÉTICOS SISA, S.A. DE C.V.",Veracruz,2026,Industria Limpia
721,"CFE DISTRIBUCIÓN, GERENCIA CENTRO SUR, ZONA ALTAMIRANO, SUBESTACIÓN EL CARACOL",Guerrero,2026,Calidad Ambiental
722,"CONDUMEX, S.A. DE C.V.",Cd. de México / Zmvm,2026,Industria Limpia
723,"PREMIER DE ORIENTE, S. DE R.L. DE C.V. (TOYOTA GUASAVE)",Sinaloa,2026,Calidad Ambiental
724,"ALIGNTECH DE MÉXICO, S. DE R. L. DE C. V. (PLANTA 3)",Chihuahua,2026,Calidad Ambiental
725,"TRITURADORA Y PROCESADORA DE MATERIALES SANTA ANITA, S.A DE C.V (PLANTA PROGRESO)",Yucatán,2026,Calidad Ambiental
726,"COMPAĄIA CERVECERA DE COAHUILA, S. DE R.L. DE C.V.",Coahuila,2026,Industria Limpia
727,"ADVANCED COMPOSITES MEXICANA, S.A. DE C.V.",Aguascalientes,2026,Industria Limpia
728,"INDUSTRIA ENVASADORA DE QUERÉTARO, S.A. DE C.V.",Queretaro,2026,Industria Limpia
729,"BIO PAPPEL, S.A. DE C.V. (PLANTA TEPATITLÁN)",Jalisco,2026,Industria Limpia
730,"SERVICIOS DE TURBINAS SOLAR, S. DE R.L. DE C.V.",Veracruz,2026,Calidad Ambiental
731,"SCHÜTZ ELSA, S.A. DE C.V. (PLANTA TULTITLÁN II)",Cd. de México / Zmvm,2026,Industria Limpia
732,COMISIÓN FEDERAL DE ELECTRICIDAD (RESIDENCIA LAS TRES VIRGENES),Baja California Sur,2026,Industria Limpia
733,"AUSTIN BACIS, S.A. DE C.V.",Durango,2026,Industria Limpia
734,"ADMINISTRACIÓN DEL SISTEMA PORTUARIO NACIONAL MAZATLÁN, S.A. DE C.V.",Sinaloa,2026,Calidad Ambiental Turistica
735,"MITSUBISHI ELECTRIC DE MÉXICO, S.A. DE C.V. (PLANTA I)",Queretaro,2026,Industria Limpia
736,"ALTYA, S.A. DE C.V. (TALLER Y OFICINA DE CULIACÁN)",Sinaloa,2026,Calidad Ambiental
737,"EMPAQUES MODERNOS SAN PABLO, S. DE R.L. DE C.V.",Cd. de México / Zmvm,2026,Industria Limpia
738,"ALAMBRADOS Y CIRCUITOS ELÉCTRICOS, S. DE R.L. DE C.V. (PLANTA XVI)",Durango,2026,Industria Limpia
739,"ALAMBRADOS Y CIRCUITOS ELÉCTRICOS, S. DE R.L. DE C.V. (PLANTA XVIII)",Durango,2026,Industria Limpia
740,"MOTORES LA PAZ, S.A.P.I. DE C.V.",Baja California Sur,2026,Calidad Ambiental
741,"CFE DISTRIBUCIÓN, GERENCIA NOROESTE, ZONA HERMOSILLO, SUBESTACIONES ACUÍCOLA, LADRILLERAS, VILLA DEL PITIC, TASTIOTA, HERMOSILLO NUEVE, TECNOLÓGICO, SELECTA, CARDONAL Y SAN NICOLÁS",Sonora,2026,Calidad Ambiental
742,"CFE DISTRIBUCIÓN, GERENCIA NOROESTE, ZONA CABORCA, SUBESTACIONES ALTAR, CERRO CAĄEDO Y SIEMPRE VIVA",Sonora,2026,Calidad Ambiental
743,"VISIÓN AUTOMOTRIZ DE SINALOA, S.A. DE C.V. (HONDA LOS MOCHIS)",Sinaloa,2026,Calidad Ambiental
744,"CFE DISTRIBUCIÓN, GERENCIA NOROESTE, ZONA LOS MOCHIS, SUBESTACIONES HORNILLOS Y MOCHIS UNO.",Sinaloa,2026,Calidad Ambiental
745,"CFE DISTRIBUCIÓN, GERENCIA CENTRO SUR, ZONA CUERNAVACA, SUBESTACIÓN TEMIXCO",Morelos,2026,Calidad Ambiental
746,"PROMOTORA AMBIENTAL DE LA LAGUNA, S.A. DE C.V. (CARP)",Sinaloa,2026,Calidad Ambiental
747,"PROBEMEX, S.A. DE C.V.",Cd. de México / Zmvm,2026,Industria Limpia
748,"CFE DISTRIBUCIÓN, GERENCIA CENTRO SUR, ZONA DE CUERNAVACA, SUBESTACIÓN TABACHINES",Morelos,2026,Calidad Ambiental
749,"CFE DISTRIBUCIÓN, GERENCIA CENTRO SUR, ZONA CUERNAVACA, SUBESTACIÓN CUERNAVACA",Morelos,2026,Calidad Ambiental
750,"MEXICALI DIRECTO AL CLIENTE, S. DE R. L. DE C. V.",Baja California,2026,Industria Limpia
751,"AUTOS PREMIER DE ORIENTE, S.A. DE C.V. (HYUNDAI MAZATLÁN)",Sinaloa,2026,Calidad Ambiental
752,"PREMIER BRITANICA, S.A DE C.V. (JAGUAR LAND ROVER CULIACÁN)",Sinaloa,2026,Calidad Ambiental
753,"SEKISUI S-LEC MÉXICO, S.A. DE C.V.",Morelos,2026,Industria Limpia
754,"SCHNEIDER INDUSTRIAL TLAXCALA, S.A. DE C.V.",Tlaxcala,2026,Industria Limpia
755,"PROCTER & GAMBLE MANUFACTURING MÉXICO, S. DE R.L. DE C.V. PLANTA MILENIO",Guanajuato,2026,Industria Limpia
756,"TROQUELADORA BATESVILLE DE MÉXICO, S. DE R.L. DE C.V.",Queretaro,2026,Industria Limpia
757,"INDUSTRIAS H-24, S.A. DE C.V.",Cd. de México / Zmvm,2026,Industria Limpia
758,"TELEVISA, S. DE R.L. DE C.V. (CENTRO DE ACOPIO) (COMPUESTO POR GRUPO TELEVISA, S.A.B., ALTAVISTA SUR INMOBILIARIA, S.A. DE C.V., TELEVISA PRODUCCIONES, S.A. DE C.V., ECOPRODUCCIONES, S.A. DE C.V., PRODUCCIONES DEPORTIVAS TUDN, S.A. DE C.V., CORPORATIVO TELEVISA, S.A. DE C.V., DESARROLLO VISTAHERMOSA)",Cd. de México / Zmvm,2026,Calidad Ambiental
759,MARITIME PROCUREMENT SERVICES S.A.P.I. DE C.V. (MANZANILLO),Colima,2026,Calidad Ambiental
760,"PRAXAIR MÉXICO, S. DE R.L. DE C.V., (PLANTA CO2 MORELOS)",Veracruz,2026,Industria Limpia
761,"TERMINALES MEXICANAS DE CARGA Y ALMACENAJE, S.A. DE C.V.",Colima,2026,Calidad Ambiental
762,"MANTENIMIENTO INTEGRAL FINSA, S.A. DE C.V. (PARQUE INDUSTRIAL FINSA MATAMOROS ORIENTE)",Tamaulipas,2026,Calidad Ambiental
763,"MANTENIMIENTO INTEGRAL FINSA, S.A. DE C.V. (PARQUE INDUSTRIAL FINSA MAQUILPARK)",Tamaulipas,2026,Calidad Ambiental
764,"PESCA AZTECA, S.A. DE C.V.",Sinaloa,2026,Calidad Ambiental
765,"PRODUCTOS CHATA,S.A.DE C.V.(PLANTA CULIACÁN)",Sinaloa,2026,Industria Limpia
766,"INDUSTRIAL PAPELERA MEXICANA, S.A. DE C.V.",Michoacan,2026,Industria Limpia
767,"AEROPUERTO DE TAMPICO, S.A. DE C.V.",Tamaulipas,2026,Calidad Ambiental
768,"DICOM FRESNILLO, S.A. DE C.V.",Zacatecas,2026,Industria Limpia
769,"CFE TRANSMISIÓN, GERENCIA ORIENTE, ZONA XALAPA, SUBESTACIONES JALACINGO Y EL CASTILLO",Veracruz,2026,Calidad Ambiental
770,"CFE DISTRIBUCIÓN, GERENCIA CENTRO SUR, ZONA MORELOS, SUBESTACIÓN TEZOYUCA",Morelos,2026,Calidad Ambiental
771,"MANTENIMIENTO INTEGRAL FINSA, S.A. DE C.V. (PARQUE INDUSTRIAL FINSA MATAMOROS DEL NORTE).",Tamaulipas,2026,Calidad Ambiental
772,"BARCEL, S.A. DE C.V. PLANTA LERMA",México,2026,Industria Limpia
773,"CFE DISTRIBUCIÓN, GERENCIA VALLE DE MÉXICO SUR, ZONA TOLUCA, SUBESTACIÓN SAN FRANCISCO",México,2026,Calidad Ambiental
774,"EFFEM MÉXICO INC. Y COMPAĄÍA, S. EN N.C. DE C.V. (MARS MÉXICO PLANTA GUADALAJARA)",Jalisco,2026,Industria Limpia
775,"SSA LÁZARO CÁRDENAS, S.A. DE C.V.",Michoacan,2026,Calidad Ambiental
776,"CERVECERÍA DEL PACÍFICO, S. DE R.L. DE C.V.",Sinaloa,2026,Industria Limpia
777,"PREMIER DE ORIENTE, S. DE R.L. DE C.V. (TOYOTA CULIACÁN)",Sinaloa,2026,Calidad Ambiental
778,"PREMIER AUTOCOUNTRY, S.A. DE C.V.",Sinaloa,2026,Calidad Ambiental
779,PROPIMEX S. DE R.L DE C.V. (DISTRIBUIDORA MEGA OAXACA),Oaxaca,2026,Calidad Ambiental
780,"CFE DISTRIBUCIÓN, GERENCIA NOROESTE, ZONA OBREGÓN, SUBESTACIONES PROGRESO, NAINARI, TOBARITO, CAJEME, PROVIDENCIA Y TETABIATE",Sonora,2026,Calidad Ambiental
781,"CFE DISTRIBUCIÓN, GERENCIA NOROESTE, ZONA NAVOJOA, SUBESTACIONES HUATABAMPO, NAVOJOA NORTE Y NAVOJOA ORIENTE",Sonora,2026,Calidad Ambiental
782,"CFE DISTRIBUCIÓN, GERENCIA ORIENTE, ZONA POZA RICA, SUBESTACIONES ENTABLADERO, PALMAS Y TIHUATLÁN II.",Veracruz,2026,Calidad Ambiental
783,"CFE DISTRIBUCIÓN, GERENCIA NOROESTE, ZONA CABORCA, SUBESTACIONES CABORCA Y EL DESEO",Sonora,2026,Calidad Ambiental
784,"CFE DISTRIBUCIÓN, GERENCIA ORIENTE, ZONA COATZACOALCOS, SUBESTACIONES AGUA DULCE II Y MINATITLÁN I.",Veracruz,2026,Calidad Ambiental
785,"CFE DISTRIBUCIÓN, GERENCIA NOROESTE, ZONA OBREGÓN, SUBESTACIÓN VILLA GUADALUPE",Sonora,2026,Calidad Ambiental
786,"CFE DISTRIBUCIÓN, GERENCIA NOROESTE, ZONA CULIACÁN, SUBESTACIONES BACHIGUALATO, CULIACÁN UNO Y CULIACÁN CUATRO",Sinaloa,2026,Calidad Ambiental
787,"CFE DISTRIBUCIÓN, GERENCIA SURESTE, ZONA VILLAHERMOSA, SUBESTACIÓN GAVIOTAS",Tabasco,2026,Calidad Ambiental
788,"CAMIONES PREMIER DEL NOROESTE, S.A. DE C.V.",Sinaloa,2026,Calidad Ambiental
789,"CFE DISTRIBUCIÓN, GERENCIA CENTRO ORIENTE, ZONA PUEBLA ORIENTE, SUBESTACIÓN ORIENTE",Puebla,2026,Calidad Ambiental
790,"CFE DISTRIBUCIÓN, GERENCIA CENTRO ORIENTE, ZONA PUEBLA ORIENTE, SUBESTACIÓN GUADALUPE ANALCO",Puebla,2026,Calidad Ambiental
791,"CFE DISTRIBUCIÓN, GERENCIA CENTRO ORIENTE, ZONA PUEBLA PONIENTE, SUBESTACIÓN PONIENTE",Puebla,2026,Calidad Ambiental
792,"CFE DISTRIBUCIÓN, GERENCIA CENTRO ORIENTE, ZONA PUEBLA PONIENTE, SUBESTACIÓN SAN LORENZO",Puebla,2026,Calidad Ambiental
793,"CFE DISTRIBUCIÓN, GERENCIA CENTRO ORIENTE, ZONA PUEBLA PONIENTE, SUBESTACIÓN TONANZINTLA",Puebla,2026,Calidad Ambiental
794,"CFE DISTRIBUCIÓN, GERENCIA CENTRO OCCIDENTE, ZONA MORELIA, SUBESTACIONES AZUFRES, CAMPESTRE, INDEPENDENCIA, MORELIA DOS, SANTA MARÍA, SANTIAGO UNDAMEO, SANTIAGUITO, TRES MARÍAS, VILLA MADERO, ZINAPÉCUARO.",Michoacan,2026,Calidad Ambiental
795,"CFE DISTRIBUCIÓN GERENCIA CENTRO OCCIDENTE, ZONA LA PIEDAD, SUBESTACIONES ZINAPARO Y TANHUATO",Michoacan,2026,Calidad Ambiental
796,"CFE DISTRIBUCIÓN, GERENCIA CENTRO OCCIDENTE, ZONA LA PIEDAD, SUBESTACIONES AGAVE, YURECUARO",Jalisco,2026,Calidad Ambiental
797,"INTERNATIONAL PAPER MÉXICO COMPANY, S. DE R.L. DE C.V. (XALAPA RECYCLING)",Veracruz,2026,Calidad Ambiental
798,"AMEQ DE MÉXICO, S.A. DE C.V.",Coahuila,2026,Industria Limpia
799,"ENVASES ELOPAK, S.A. DE C.V.",Durango,2026,Industria Limpia
800,"CFE TRANSMISIÓN, GERENCIA NORTE, ZONA DURANGO, SUBESTACIONES DURANGO DOS, LA TRINIDAD, JERÓNIMO ORTIZ MARTÍNEZ Y CANATLÁN DOS POTENCIA",Durango,2026,Calidad Ambiental
801,"CFE DISTRIBUCIÓN, GERENCIA CENTRO OCCIDENTE, ZONA ZITÁCUARO, SUBESTACIONES CIUDAD HIDALGO, MONARCA, SAN JUAN ZITÁCURO, TUXPAN, ZITÁCUARO DOS, ZITÁCUARO UNO",Michoacan,2026,Calidad Ambiental
802,"CFE DISTRIBUCIÓN, GERENCIA CENTRO OCCIDENTE, ZONA COLIMA, SUBESTACIÓN LA ESTRELLA",Jalisco,2026,Calidad Ambiental
803,"CFE DISTRIBUCIÓN, GERENCIA CENTRO ORIENTE, ZONA MATAMOROS, SUBESTACIÓN ACATLÁN",Puebla,2026,Calidad Ambiental
804,"CFE DISTRIBUCIÓN, GERENCIA CENTRO ORIENTE, ZONA TEHUACÁN, SUBESTACIÓN TEHUACÁN",Puebla,2026,Calidad Ambiental
805,"CFE DISTRIBUCIÓN, GERENCIA CENTRO ORIENTE, ZONA TECAMACHALCO, SUBESTACIÓN TECAMACHALCO",Puebla,2026,Calidad Ambiental
806,"CFE DISTRIBUCIÓN, GERENCIA CENTRO ORIENTE, ZONA TECAMACHALCO, SUBESTACIÓN ESPERANZA",Puebla,2026,Calidad Ambiental
807,"CFE DISTRIBUCIÓN, GERENCIA CENTRO SUR, ZONA MORELOS, SUBESTACIÓN PUENTE DE IXTLA",Morelos,2026,Calidad Ambiental
808,"FISHER DYNAMICS MÉXICO, S. DE R.L. DE C.V.",Tamaulipas,2026,Industria Limpia
809,"SERVICIOS REFRESQUEROS DEL GOLFO Y BAJÍO, S. DE R.L. DE C.V. PLANTA APIZACO",Tlaxcala,2027,Industria Limpia
810,"MÉXICO SONAVOX ELECTRONICS CO, S. DE R.L. DE C.V.",Tlaxcala,2027,Industria Limpia
811,"METALÚRGICA ARTESANAL, S.A. DE C.V.",Tlaxcala,2027,Industria Limpia
812,"CFE DISTRIBUCIÓN, GERENCIA CENTRO ORIENTE, ZONA PUEBLA PONIENTE, SUBESTACIÓN NORTE",Puebla,2027,Calidad Ambiental
813,"AUTOMOTIVE VERITAS DE MÉXICO, S.A. DE C.V.",Puebla,2027,Industria Limpia
814,"CEMENTOS Y CONCRETOS NACIONALES, S.A. DE C.V.",Aguascalientes,2027,Industria Limpia
815,"EOLICA LOS ALTOS, S.A.P.I. DE C.V., (PARQUE EOLICO LOS ALTOS)",Jalisco,2027,Industria Limpia
816,"INGENIO SANTA CLARA, S.A. DE C.V.",Michoacan,2027,Industria Limpia
817,AUTOLIV MÉXICO S.A. DE C.V. (PLANTA LERMA),México,2027,Industria Limpia
818,"PLÁSTICOS BANDREX, S.A. DE C.V.",Jalisco,2027,Industria Limpia
819,"CFE DISTRIBUCIÓN, GERENCIA JALISCO, ZONA CHAPALA, SUBESTACIÓN CATARINA",Jalisco,2027,Calidad Ambiental
820,"CFE DISTRIBUCIÓN, GERENCIA JALISCO, ZONA MINAS, SUBESTACIÓN TEQUILA",Jalisco,2027,Calidad Ambiental
821,"CFE DISTRIBUCIÓN, GERENCIA JALISCO, ZONA MINAS, SUBESTACIÓN LA VEGA",Jalisco,2027,Calidad Ambiental
822,"CFE DISTRIBUCIÓN, GERENCIA JALISCO, ZONA MINAS, SUBESTACIÓN ESTANCITA",Jalisco,2027,Calidad Ambiental
823,"CFE DISTRIBUCIÓN, GERENCIA JALISCO, ZONA ZAPOTLÁN SUBESTACIÓN TAMAZULA",Jalisco,2027,Calidad Ambiental
824,"CFE DISTRIBUCIÓN, GERENCIA JALISCO, ZONA ZAPOTLÁN SUBESTACIÓN JUAN JOSÉ ARREOLA",Jalisco,2027,Calidad Ambiental
825,"CFE DISTRIBUCIÓN, GERENCIA JALISCO, ZONA MINAS, SUBESTACIÓN SERVICIOS LA YESCA",Jalisco,2027,Calidad Ambiental
826,"CFE DISTRIBUCIÓN, GERENCIA CENTRO SUR, ZONA ATLACOMULCO, SUBESTACIÓN SAN MATEO",México,2027,Calidad Ambiental
827,"CFE DISTRIBUCIÓN, GERENCIA CENTRO SUR, ZONA ATLACOMULCO, SUBESTACIÓN SAN SEBASTIÁN",México,2027,Calidad Ambiental
828,"CFE DISTRIBUCIÓN, GERENCIA VALLE DE MÉXICO SUR, ZONA TENANGO, SUBESTACIÓN TENANGO DEL VALLE",México,2027,Calidad Ambiental
829,"SYPRIS TECHNOLOGIES MÉXICO, S. DE R.L. DE C.V.",México,2027,Industria Limpia
830,"PRODUCTOS FARMACEUTICOS, S.A. DE C.V. (PLANTA AGUASCALIENTES)",Aguascalientes,2027,Industria Limpia
831,MUNICIPIO DE QUERÉTARO (MANEJO INTEGRAL DE RESIDUOS),Queretaro,2027,Calidad Ambiental
832,"CFE DISTRIBUCIÓN GERENCIA CENTRO OCCIDENTE, ZONA LA PIEDAD, SUBESTACIONES CHURINTZIO, LA PIEDAD PONIENTE, EL SOL, LA PIEDAD Y VISTA HERMOSA",Michoacan,2027,Calidad Ambiental
833,"TEXAS INSTRUMENTS DE MÉXICO, S. DE R.L. DE C.V.",Aguascalientes,2027,Industria Limpia
834,"CFE DISTRIBUCIÓN, GERENCIA JALISCO, ZONA CIÉNEGA, SUBESTACIÓN CUITZEO",Jalisco,2027,Calidad Ambiental
835,"CFE DISTRIBUCIÓN, GERENCIA JALISCO, ZONA CIÉNEGA, SUBESTACIÓN SAN ANDRÉS",Jalisco,2027,Calidad Ambiental
836,"CFE DISTRIBUCIÓN, GERENCIA JALISCO, ZONA CHAPALA, SUBESTACIÓN CENTRO LOGÍSTICO JALISCO",Jalisco,2027,Calidad Ambiental
837,"CFE DISTRIBUCIÓN, GERENCIA JALISCO, ZONA METROPOLITANA JUÁREZ, SUBESTACIÓN SAN AGUSTÍN",Jalisco,2027,Calidad Ambiental
838,"CFE DISTRIBUCIÓN, GERENCIA JALISCO, ZONA METROPOLITANA JUÁREZ, SUBESTACIÓN HIGUERILLAS",Jalisco,2027,Calidad Ambiental
839,"CFE DISTRIBUCIÓN, GERENCIA JALISCO, ZONA METROPOLITANA JUÁREZ, SUBESTACIÓN FRESNO",Jalisco,2027,Calidad Ambiental
840,"CFE DISTRIBUCIÓN, GERENCIA CENTRO OCCIDENTE, ZONA LA PIEDAD, SUBESTACIONES ARANDAS, ATOTONILCO, AYOTLÁN, JESÚS MARÍA",Jalisco,2027,Calidad Ambiental
841,"CFE DISTRIBUCIÓN, GERENCIA JALISCO, ZONA CHAPALA, SUBESTACIÓN CASTILLO",Jalisco,2027,Calidad Ambiental
842,"CFE DISTRIBUCIÓN, GERENCIA JALISCO, ZONA CHAPALA, SUBESTACIÓN SANTA CRUZ",Jalisco,2027,Calidad Ambiental
843,"CFE DISTRIBUCIÓN, GERENCIA JALISCO, ZONA CHAPALA, SUBESTACIÓN JOCOTEPEC",Jalisco,2027,Calidad Ambiental
844,"CFE DISTRIBUCIÓN, GERENCIA JALISCO, ZONA CIÉNEGA, SUBESTACIÓN PONCITLÁN",Jalisco,2027,Calidad Ambiental
845,"CFE DISTRIBUCIÓN, GERENCIA JALISCO, ZONA ALTOS, SUBESTACIÓN TEPATITLÁN",Jalisco,2027,Calidad Ambiental
846,"CFE DISTRIBUCIÓN, GERENCIA CENTRO OCCIDENTE, ZONA LA PIEDAD, SUBESTACIÓN YERBABUENA",Jalisco,2027,Calidad Ambiental
847,"CHEMICAL & SCHUTZ HIGH PERFORMANCE LUBRICANTS, S.A. DE C.V.",Aguascalientes,2027,Industria Limpia
848,"TRUPER, S.A. DE C.V.",México,2026,Industria Limpia
849,"CFE DISTRIBUCIÓN, GERENCIA CENTRO ORIENTE, ZONA TULA, SUBESTACIÓN JUANDHO",Hidalgo,2027,Calidad Ambiental
850,"CFE DISTRIBUCIÓN, GERENCIA CENTRO ORIENTE, ZONA TULA, SUBESTACIÓN VITO",Hidalgo,2027,Calidad Ambiental
851,"INFRAESTRUCTURA PORTUARIA DEL GOLFO, S.A. DE C.V.",Michoacan,2027,Calidad Ambiental
852,"APTIV CONTRACT SERVICES NORESTE, S. DE R.L. DE C.V. (PLANTA VICTORIA II)",Tamaulipas,2027,Industria Limpia
853,"CFE DISTRIBUCIÓN, GERENCIA JALISCO, ZONA SANTIAGO, SUBESTACIÓN PEĄITAS",Nayarit,2027,Calidad Ambiental
854,"CFE DISTRIBUCIÓN, GERENCIA CENTRO SUR, ZONA VALLE DE BRAVO, SUBESTACIÓN VILLA GUERRERO",México,2027,Calidad Ambiental
855,"LA CANTERA DESARROLLOS MINEROS, S.A. DE C.V. UNIDAD SAUCITO",Zacatecas,2027,Industria Limpia
856,"CHETUMAL AUTOMOTORES, S.A. DE C.V.",Quintana Roo,2027,Calidad Ambiental
857,"AGROINDUSTRIAL UUMBAL, S.A.P.I. DE C.V. (PLANTA DE BENEFICIO)",Chiapas,2027,Industria Limpia
858,"AEROPUERTO DE MINATITLÁN, S.A. DE C.V.",Veracruz,2027,Calidad Ambiental
859,"MATERIAS PRIMAS MINERALES DE AHUAZOTEPEC, S. DE R.L. DE C.V.",Puebla,2027,Industria Limpia
860,"MELTER, S.A. DE C.V.",Nuevo León,2027,Industria Limpia
861,"CFE GENERACIÓN VI EPS, (CENTRAL GEOTERMOELÉCTRICA HUMEROS)",Puebla,2027,Industria Limpia
862,"FÁBRICA DE JABÓN LA CORONA, S.A. DE C.V. (PLANTA DE JABONES Y DETERGENTES)",Cd. de México / Zmvm,2027,Industria Limpia
863,"FÁBRICA DE JABÓN LA CORONA, S.A. DE C.V. (PLANTA DE ACEITES COMESTIBLES)",Cd. de México / Zmvm,2027,Industria Limpia
864,"CYCNA DE ORIENTE, S.A. DE C.V.",Puebla,2027,Industria Limpia
865,"MITSUBISHI ELECTRIC DE MÉXICO, S.A. DE C.V. (PLANTA II)",Queretaro,2027,Industria Limpia
866,"GRUPO AUTOMOTRIZ IRAGORRI, S.A. DE C.V. (SUCURSAL NAGOYA)",Morelos,2027,Calidad Ambiental
867,"CFE TRANSMISIÓN, (PLANTA REGENERADORA DE ACEITE MINERAL)",Durango,2027,Industria Limpia
868,"COTEMAR, S.A. DE C.V. INSTALACIONES DE ALMACEN Y MUELLE DE ABASTECIMIENTO Y OFICINAS ADMINISTRATIVAS",Campeche,2027,Calidad Ambiental
869,"CFE DISTRIBUCIÓN, GERENCIA BAJA CALIFORNIA, ZONA TIJUANA, SUBESTACIÓN RÍO.",Baja California,2027,Calidad Ambiental
870,NETZAHUALCÓYOTL PRECIADO TORRES (LABORATORIOS PRECIADO MONTES CLÍNICA GAP),Colima,2027,Calidad Ambiental
871,NETZAHUALCÓYOTL PRECIADO TORRES (LABORATORIOS PRECIADO MONTES CLÍNICA GUADALUPANA),Colima,2027,Calidad Ambiental
872,NETZAHUALCÓYOTL PRECIADO TORRES (LABORATORIOS PRECIADO MONTES MATRIZ),Colima,2027,Calidad Ambiental
873,NETZAHUALCÓYOTL PRECIADO TORRES (LABORATORIOS PRECIADO MONTES TECOMÁN),Colima,2027,Calidad Ambiental
874,NETZAHUALCÓYOTL PRECIADO TORRES (LABORATORIOS PRECIADO MONTES UNIMED),Colima,2027,Calidad Ambiental
875,"ENVASES DE PAPEL AVENTIS, S.A. DE C.V.",Cd. de México / Zmvm,2027,Industria Limpia
876,"AEROPUERTO DE CIUDAD JUÁREZ, S.A. DE C.V.",Chihuahua,2027,Calidad Ambiental
877,"TERMINAL TRANSOCEÁNICA DE TOPOLOBAMPO, S.A DE C.V.",Sinaloa,2027,Calidad Ambiental
878,"CFE DISTRIBUCIÓN, GERENCIA SURESTE, ZONA HUATULCO, SUBESTACIONES HUATULCO, CONEJOS, POCHUTLA, PUERTO ESCONDIDO Y PINOTEPA",Oaxaca,2027,Calidad Ambiental
879,"CFE DISTRIBUCIÓN, GERENCIA SURESTE, ZONA OAXACA, SUBESTACIONES IXTLÁN, ETLA, MITLA, EJUTLA, MIAHUATLÁN, SAN PABLO HUIXTEPEC, TLACOLULA, SAN FELIPE OAXACA, EL TULE, REYES MANTECÓN, OAXACA I, OAXACA II, OAXACA PONIENTE Y SAN JACINTO TLACOTEPEC",Oaxaca,2027,Calidad Ambiental
880,"CONSORCIO INDUSTRIAL MEXICANO DE AUTOPARTES, S. DE R.L. DE C.V., PLANTA SALTILLO",Coahuila,2027,Industria Limpia
881,"LEAR ELECTRICAL SYSTEMS DE MÉXICO, S. DE R.L. DE C.V., PLANTA MONARCA",Chihuahua,2027,Industria Limpia
882,"CFE DISTRIBUCIÓN, GERENCIA SURESTE, ZONA HUAJUAPAN, SUBESTACIONES ITUNDUJIA Y TECOMAXTLAHUACA",Oaxaca,2027,Calidad Ambiental
883,"CFE DISTRIBUCIÓN, GERENCIA BAJA CALIFORNIA, ZONA SAN LUIS, SUBESTACIONES LA CHOLLA, ORIENTE, PUERTO PEĄASCO Y VALLE",Sonora,2027,Calidad Ambiental
884,"CLOROX DE MÉXICO, S. DE R.L. DE C.V.",Cd. de México / Zmvm,2027,Industria Limpia
885,"PROPIMEX, S. DE R.L. DE C.V. (MEGA DISTRIBUIDORA TUXTLA GUTIÉRREZ)",Chiapas,2027,Calidad Ambiental
886,"BL DISEĄO Y MANTENIMIENTO EMPRESARIAL, S.A. DE C.V.",Sinaloa,2027,Calidad Ambiental
887,"TELÉFONOS DE MÉXICO, S.A.B. DE C.V., OFICINAS ADMINISTRATIVAS PARQUE VÍA 190",Cd. de México / Zmvm,2027,Calidad Ambiental
888,"ASOFARMA DE MÉXICO, S.A. DE C.V. (PLANTA ADIUM MÉXICO)",Cd. de México / Zmvm,2027,Industria Limpia
889,"LII UNITED PRODUCTS, S. DE R.L. DE C.V., PLANTA 2",Coahuila,2027,Industria Limpia
890,"CFE DISTRIBUCIÓN, GERENCIA VALLE DE MÉXICO CENTRO, ZONA TACUBA, SUBESTACIÓN TACUBA",Cd. de México / Zmvm,2027,Calidad Ambiental
891,"PANEL REY, S.A. PLANTA SAN LUIS POTOSÍ",San Luis Potosi,2027,Industria Limpia
892,"CFE DISTRIBUCIÓN, GERENCIA JALISCO, ZONA COSTA, SUBESTACIÓN TECOLOTLÁN",Jalisco,2027,Calidad Ambiental
893,"CFE DISTRIBUCIÓN, GERENCIA JALISCO, ZONA COSTA, SUBESTACIÓN SAN CLEMENTE",Jalisco,2027,Calidad Ambiental
894,"CFE DISTRIBUCIÓN, GERENCIA JALISCO, ZONA SANTIAGO, SUBESTACIÓN ACAPONETA",Nayarit,2027,Calidad Ambiental
895,"CFE DISTRIBUCIÓN, GERENCIA JALISCO, ZONA VALLARTA, SUBESTACIÓN JARRETADERAS",Nayarit,2027,Calidad Ambiental
896,"CFE DISTRIBUCIÓN, GERENCIA JALISCO, ZONA VALLARTA, SUBESTACIÓN DESTILADERAS",Nayarit,2027,Calidad Ambiental
897,"CFE DISTRIBUCIÓN, GERENCIA ORIENTE, ZONA PAPALOAPAN, SUBESTACIONES COSOLAPA Y TUXTEPEC III",Oaxaca,2027,Calidad Ambiental
898,"CFE DISTRIBUCIÓN, GERENCIA ORIENTE, ZONA PAPALOAPAN, SUBESTACIONES JALAPA DE DÍAZ Y LOMA BONITA II",Oaxaca,2027,Calidad Ambiental
899,"CFE DISTRIBUCIÓN, GERENCIA BAJA CALIFORNIA, ZONA TIJUANA, SUBESTACIÓN TECATE DOS.",Baja California,2027,Calidad Ambiental
900,"EÓLICA EL RETIRO, S.A.P.I. DE C.V., (PARQUE EÓLICO EL RETIRO)",Oaxaca,2027,Industria Limpia
901,"CFE DISTRIBUCIÓN, GERENCIA SURESTE, ZONA TEHUANTEPEC, SUBESTACIÓN TAPANATEPEC",Oaxaca,2027,Calidad Ambiental
902,"CFE DISTRIBUCIÓN, GERENCIA SURESTE, ZONA HUATULCO, SUBESTACIÓN SANTA ROSA.",Oaxaca,2027,Calidad Ambiental
903,"CFE DISTRIBUCIÓN, GERENCIA SURESTE, ZONA LOS RIOS, SUBESTACIÓN EMILIANO ZAPATA PONIENTE",Tabasco,2027,Calidad Ambiental
904,"CFE DISTRIBUCIÓN, GERENCIA BAJA CALIFORNIA, ZONA SAN LUIS, SUBESTACIÓN LA BOLSA",Sonora,2027,Calidad Ambiental
905,"CFE DISTRIBUCIÓN, GERENCIA BAJA CALIFORNIA, ZONA SAN LUIS, SUBESTACIÓN CALLE TRECE",Sonora,2027,Calidad Ambiental
906,"SERVICIOS ECOLÓGICOS Y RECICLADOS, S. DE. R.L.M.I. (SUCURSAL AGUA PRIETA)",Sonora,2027,Calidad Ambiental
907,"CFE DISTRIBUCIÓN, GERENCIA VALLE DE MÉXICO CENTRO, ZONA ZÓCALO, SUBESTACIÓN INDIANILLA",Cd. de México / Zmvm,2027,Calidad Ambiental
908,"CFE DISTRIBUCIÓN, GERENCIA CENTRO ORIENTE, ZONA MATAMOROS, SUBESTACIÓN ATENCINGO II",Puebla,2027,Calidad Ambiental
909,"CFE DISTRIBUCIÓN, GERENCIA CENTRO ORIENTE, ZONA MATAMOROS, SUBESTACIÓN METEPEC",Puebla,2027,Calidad Ambiental
910,"CFE DISTRIBUCIÓN, GERENCIA CENTRO ORIENTE, ZONA TECAMACHALCO, SUBESTACIÓN TEPEXI",Puebla,2027,Calidad Ambiental
911,"CFE DISTRIBUCIÓN, GERENCIA CENTRO ORIENTE, ZONA TECAMACHALCO, SUBESTACIÓN ACATZINGO",Puebla,2027,Calidad Ambiental
912,"CFE DISTRIBUCIÓN, GERENCIA CENTRO ORIENTE, ZONA TEHUACÁN, SUBESTACIÓN ZINACATEPEC",Puebla,2027,Calidad Ambiental
913,"CFE DISTRIBUCIÓN, GERENCIA CENTRO ORIENTE, ZONA MATAMOROS, SUBESTACIÓN MATAMOROS",Puebla,2027,Calidad Ambiental
914,"GRUPO AUTOMOTRIZ IRAGORRI, S.A. DE C.V. (SUCURSAL KWANTO)",Morelos,2027,Calidad Ambiental
915,"CFE DISTRIBUCIÓN, GERENCIA JALISCO, ZONA VALLARTA, SUBESTACIÓN LAS VARAS",Nayarit,2027,Calidad Ambiental
916,"CFE DISTRIBUCIÓN, GERENCIA JALISCO, ZONA VALLARTA, SUBESTACIÓN SAN VICENTE",Nayarit,2027,Calidad Ambiental
917,"CFE DISTRIBUCIÓN, GERENCIA DIVISIONAL DE DISTRIBUCIÓN JALISCO, ZONA METROPOLITANA JUÁREZ, SUBESTACIÓN ELÉCTRICA LAS PINTAS",Jalisco,2027,Calidad Ambiental
918,"CFE DISTRIBUCIÓN, GERENCIA JALISCO, ZONA SANTIAGO, SUBESTACIÓN 5 DE MAYO",Nayarit,2027,Calidad Ambiental
919,"CFE DISTRIBUCIÓN, GERENCIA JALISCO, ZONA VALLARTA, SUBESTACIÓN PITILLAL",Jalisco,2027,Calidad Ambiental
920,"CFE DISTRIBUCIÓN, GERENCIA SURESTE, ZONA HUAJUAPAN, SUBESTACIONES HUAJUAPAN, HUAUTLA, NOCHIXTLÁN Y TLAXIACO",Oaxaca,2027,Calidad Ambiental
921,"CFE DISTRIBUCIÓN, GERENCIA SURESTE, ZONA TEHUANTEPEC, SUBESTACIONES MATÍAS ROMERO Y TEHUANTEPEC",Oaxaca,2027,Calidad Ambiental
922,"CFE DISTRIBUCIÓN, GERENCIA DE DISTRIBUCIÓN PENINSULAR, ZONA CANCÚN, SUBESTACIONES KABAH Y KUKULCÁN",Quintana Roo,2027,Calidad Ambiental
923,"CFE DISTRIBUCIÓN, GERENCIA DE DISTRIBUCIÓN PENINSULAR, ZONA RIVIERA MAYA, SUBESTACIONES COZUMEL Y CHANKANAB II",Quintana Roo,2027,Calidad Ambiental
924,"ESJ RENOVABLE II, S. DE R.L. DE C.V",Sonora,2027,Industria Limpia
925,"CFE DISTRIBUCIÓN, GERENCIA SURESTE, ZONA LOS RÍOS, SUBESTACIÓN ZAPATA II",Chiapas,2027,Calidad Ambiental
926,"CFE DISTRIBUCIÓN, GERENCIA ORIENTE, ZONA PAPALOAPAN, SUBESTACIÓN TUXTEPEC II.",Oaxaca,2027,Calidad Ambiental
927,"CFE DISTRIBUCIÓN, GERENCIA NOROESTE, ZONA NAVOJOA, SUBESTACIONES NAVOJOA Y VALLE DEL MAYO.",Sonora,2027,Calidad Ambiental
928,"OP ECOLOGÍA, S.A.P.I. DE C.V. (CENTRO DE RESGUARDO DE VEHÍCULOS DE RECOLECCIÓN DE RESIDUOS SÓLIDOS)",Sinaloa,2027,Calidad Ambiental
929,"CFE TRANSMISIÓN, ZONA DE TRANSMISIÓN CAMARGO, SUBESTACIÓN ELÉCTRICA, HÉRCULES POTENCIA",Coahuila,2027,Calidad Ambiental
930,"CFE DISTRIBUCIÓN, GERENCIA CENTRO SUR, ZONA ATLACOMULCO, SUBESTACIÓN ACULCO NUEVA",México,2027,Calidad Ambiental
931,"HELVEX, S.A. DE C.V. (PLANTA MÉXICO)",Cd. de México / Zmvm,2027,Industria Limpia
932,"INNOVACIÓN CORPORATIVA DE TABASCO, S.A. DE C.V. (INCOTAB)",Tabasco,2027,Industria Limpia
933,"FR TERMINALES, S.A. DE C.V. TIZAYUCA",Hidalgo,2027,Calidad Ambiental
934,"FRIGORIFICO DE MANZANILLO, S.A. DE C.V.",Colima,2027,Calidad Ambiental
935,"BIMBO, S.A. DE C.V. PLANTA SAN LUIS POTOSÍ",San Luis Potosi,2027,Industria Limpia
936,APTIV CONTRACT SERVICES TAMAULIPAS S. DE R.L. DE C.V. OPERACIONES REYNOSA,Tamaulipas,2027,Industria Limpia
937,"ENERGÍA RENOVABLE DEL ISTMO II, S.A. DE C.V. (PARQUE EÓLICO EL CORTIJO Y LÍNEA DE TRANSMISIÓN)",Tamaulipas,2027,Industria Limpia
938,CFE GENERACIÓN VI EPS (CASA DE MÁQUINAS Y OFICINAS DE LA CENTRAL HIDROELÉCTRICA MAZATEPEC),Puebla,2027,Industria Limpia
939,"CFE TRANSMISIÓN, GERENCIA REGIONAL DE TRANSMISIÓN PENINSULAR, ZONA DE TRANSMISIÓN CANCÚN, SUBESTACIÓN CANCÚN",Quintana Roo,2027,Calidad Ambiental
940,"CFE TRANSMISIÓN, GERENCIA REGIONAL DE TRANSMISIÓN PENINSULAR, ZONA DE TRANSMISIÓN CHETUMAL, SUBESTACIÓN XUL-HÁ 115",Quintana Roo,2027,Calidad Ambiental
941,"CFE TRANSMISIÓN, GERENCIA NOROESTE, ZONA SONORA SUR, SUBESTACIÓN MANIOBRAS CERVECERA OBREGÓN",Sonora,2027,Calidad Ambiental
942,"CFE DISTRIBUCIÓN, GERENCIA SURESTE, ZONA TUXTLA, SUBESTACIÓN BOCHIL",Chiapas,2027,Calidad Ambiental
943,"CFE DISTRIBUCIÓN, GERENCIA CENTRO SUR, ZONA IGUALA, SUBESTACIONES: TAXCO, IGUALA Y BALSAS",Guerrero,2027,Calidad Ambiental
944,"PREMIER AUTOCOUNTRY, S.A. DE C.V. (MERCEDES BENZ CULIACÁN)",Sinaloa,2027,Calidad Ambiental
945,"ALEN DEL NORTE, S.A. DE C.V. (PLANTA I)",Puebla,2027,Industria Limpia
946,"REFACCIONARIA ROCA, S.A. DE C.V. (CENTRO DE SERVICIO JESUS MARIA)",Aguascalientes,2027,Calidad Ambiental
947,"ELÉCTRICA DEL VALLE DE MÉXICO, S. DE R.L. DE C.V. (PARQUE EÓLICO LA MATA LA VENTOSA)",Oaxaca,2027,Industria Limpia
948,"AUTOMAYA, S.A. DE C.V. (SUC. VALLADOLID)",Yucatán,2027,Calidad Ambiental
949,CFE GENERACIÓN VI CENTRAL FELIPE CARRILLO PUERTO,Yucatán,2027,Industria Limpia
950,"CFE GENERACIÓN III EPS, (CENTRAL TURBO GAS CABORCA)",Sonora,2027,Industria Limpia
951,"IBERDROLA ENERGÍA TAMAZUNCHALE, S.A. DE C.V.",San Luis Potosi,2027,Industria Limpia
952,CFE. GENERACIÓN VI CENTRAL TURBO GAS CARMEN,Campeche,2027,Industria Limpia
953,"PROPIMEX, S. DE R.L. DE C.V. (DISTRIBUIDORA ESCUINTLA)",Chiapas,2027,Calidad Ambiental
954,"PROPIMEX, S. DE R.L. DE C.V. (DISTRIBUIDORA VILLAFLORES)",Chiapas,2027,Calidad Ambiental
955,"TELÉFONOS DE MÉXICO, S.A.B. DE C.V., CENTRAL TELEFÓNICA CONDESA",Cd. de México / Zmvm,2027,Calidad Ambiental
956,"TELÉFONOS DE MÉXICO, S.A.B. DE C.V., CENTRAL TELEFÓNICA IZTACALCO",Cd. de México / Zmvm,2027,Calidad Ambiental
957,"TELÉFONOS DE MÉXICO, S.A.B. DE C.V., CENTRAL TELEFÓNICA BOSQUES",Cd. de México / Zmvm,2027,Calidad Ambiental
958,"TELÉFONOS DE MÉXICO, S.A.B. DE C.V., CENTRO OPERATIVO NEXTENGO",Cd. de México / Zmvm,2027,Calidad Ambiental
959,"TELÉFONOS DE MÉXICO, S.A.B. DE C.V., CENTRAL TELEFÓNICA IZTACCÍHUATL",Cd. de México / Zmvm,2027,Calidad Ambiental
960,"TELÉFONOS DE MÉXICO, S.A.B. DE C.V., CENTRAL TELEFÓNICA ROMA",Cd. de México / Zmvm,2027,Calidad Ambiental
961,"TELÉFONOS DE MÉXICO, S.A.B. DE C.V., CENTRAL TELEFÓNICA TACUBAYA",Cd. de México / Zmvm,2027,Calidad Ambiental
962,"TELÉFONOS DE MÉXICO, S.A.B. DE C.V., CENTRAL TELEFÓNICA MORALES",Cd. de México / Zmvm,2027,Calidad Ambiental
963,"TELÉFONOS DE MÉXICO, S.A.B. DE C.V., CENTRAL TELEFÓNICA POPOCATEPETL II",Cd. de México / Zmvm,2027,Calidad Ambiental
964,"TELÉFONOS DE MÉXICO, S.A.B. DE C.V. CENTRAL TELEFÓNICA ESTRELLA",Cd. de México / Zmvm,2027,Calidad Ambiental
965,"CFE DISTRIBUCIÓN, GERENCIA NOROESTE, ZONA CABORCA, SUBESTACIONES ARROYO SECO Y BIZANI",Sonora,2027,Calidad Ambiental
966,"INDUSTRIAS JOHN DEERE, S. DE R.L. DE C.V. (PLANTA LOADERS)",Coahuila,2027,Industria Limpia
967,"COMERCIALIZADORA DE LÁCTEOS Y DERIVADOS, S.A. DE C.V. (PLANTA LALA GUADALAJARA)",Jalisco,2027,Industria Limpia
968,"PLASTIREY, S.A. DE C.V.",Nuevo León,2027,Industria Limpia
969,"CFE DISTRIBUCIÓN, GERENCIA BAJÍO, ZONA SAN JUAN DEL RÍO, SUBESTACIÓN VIZARRÓN",Queretaro,2027,Calidad Ambiental
970,"MANANTIALES PEĄAFIEL, S.A. DE C.V. (PLANTA TECAMAC)",Cd. de México / Zmvm,2027,Industria Limpia
971,"ADMINISTRACIÓN DEL SISTEMA PORTUARIO NACIONAL ENSENADA, S.A. DE C.V.",Baja California,2027,Calidad Ambiental
972,"CFE DISTRIBUCIÓN, GERENCIA BAJÍO, ZONA SAN JUAN DEL RIO, SUBESTACIONES LA MANSIÓN, SAN JUAN DEL RIO ORIENTE Y TEQUISQUIAPAN II",Queretaro,2027,Calidad Ambiental
973,"CFE DISTRIBUCIÓN, GERENCIA DE DISTRIBUCIÓN PENINSULAR, ZONA MÉRIDA, SUBESTACIÓN UCU",Yucatán,2027,Calidad Ambiental
974,"CFE DISTRIBUCIÓN, GERENCIA DE DISTRIBUCIÓN PENINSULAR, ZONA MOTUL, SUBESTACIÓN KOPTE",Yucatán,2027,Calidad Ambiental
975,"CFE DISTRIBUCIÓN, GERENCIA de distribución PENINSULAR, ZONA MÉRIDA, SUBESTACIÓN MÉRIDA ORIENTE",Yucatán,2027,Calidad Ambiental
976,"CFE DISTRIBUCIÓN, GERENCIA DE DISTRIBUCIÓN PENINSULAR, ZONA MÉRIDA, SUBESTACIÓN SUR",Yucatán,2027,Calidad Ambiental
977,"CFE DISTRIBUCIÓN, GERENCIA DE DISTRIBUCIÓN PENINSULAR, ZONA TICUL, SUBESTACIÓN TICUL I",Yucatán,2027,Calidad Ambiental
978,"CFE DISTRIBUCIÓN, GERENCIA DE DISTRIBUCIÓN PENINSULAR, ZONA TIZIMIN, SUBESTACIÓN VALLADOLID",Yucatán,2027,Calidad Ambiental
979,"CFE DISTRIBUCIÓN, GERENCIA DE DISTRIBUCIÓN PENINSULAR, ZONA TICUL, SUBESTACIÓN MAXCANÚ",Yucatán,2027,Calidad Ambiental
980,"CFE DISTRIBUCIÓN, GERENCIA DE DISTRIBUCIÓN PENINSULAR, ZONA MOTUL, SUBESTACIÓN IZAMAL II",Yucatán,2027,Calidad Ambiental
981,"CFE DISTRIBUCIÓN, GERENCIA PENINSULAR, ZONA MÉRIDA, SUBESTACIÓN KANASIN POTENCIA",Yucatán,2027,Calidad Ambiental
982,"ALEN DEL NORTE, S.A. DE C.V. (PLANTA II)",Puebla,2027,Industria Limpia
983,"GRUPO EMPRESARIAL SALAVERRY, S.A. DE C.V.",Tlaxcala,2027,Industria Limpia
984,"TRUCK AND WHEEL MÉXICO, S. DE R.L. DE C.V.",Puebla,2027,Industria Limpia
985,"POLYNT COMPOSITES MÉXICO, S.A. DE C.V.",México,2027,Industria Limpia
986,"CFE DISTRIBUCIÓN, GERENCIA CENTRO ORIENTE, ZONA PACHUCA, SUBESTACIÓN ACTOPAN",Hidalgo,2027,Calidad Ambiental
987,"CFE DISTRIBUCIÓN, GERENCIA CENTRO ORIENTE, ZONA PACHUCA (SUBESTACIÓN PACHUCA)",Hidalgo,2027,Calidad Ambiental
988,"SERVISAN, S.A. DE C.V. (NAUCALPAN)",Cd. de México / Zmvm,2027,Calidad Ambiental
989,"MAQUILAS TETA KAWI, S.A. DE C.V. DEPARTAMENTO TE CONNECTIVITY CORPORATION PLANTA 5",Sonora,2027,Industria Limpia
990,CERVECERÍA CUAUHTÉMOC MOCTEZUMA S.A. DE C.V. (PLANTA NAVOJOA),Sonora,2027,Industria Limpia
991,BANCO DE MÉXICO (COMPLEJO LEGARIA),Cd. de México / Zmvm,2027,Industria Limpia
992,"MAVI FARMACÉUTICA, S.A. DE C.V. PLANTA PANTITLÁN",Cd. de México / Zmvm,2027,Industria Limpia
993,"AUTOCIRC, S.A. DE C.V. (SUCURSAL HONDA MORELOS)",Morelos,2027,Calidad Ambiental
994,"ALUPRINT, S. DE R.L. DE C.V.",San Luis Potosi,2027,Industria Limpia
995,"DAIMLER VEHÍCULOS COMERCIALES MÉXICO, S. DE R.L. DE C.V., CENTRO INTERNACIONAL DE DISTRIBUCIÓN DE PARTES (CIDP)",San Luis Potosi,2027,Calidad Ambiental
996,"INDUSTRIAS DERIVADAS DEL ETILENO, S.A. DE C.V., (UNIDAD INDUSTRIAL COATZACOALCOS)",Veracruz,2027,Industria Limpia
997,"CFE DISTRIBUCIÓN, GERENCIA SURESTE, ZONA TEHUANTEPEC, SUBESTACIONES JUCHITÁN I, IXTEPEC, TECNOLÓGICO, SARABIA Y SALINA CRUZ I",Oaxaca,2027,Calidad Ambiental
998,"SCIENTIFIC ATLANTA DE MÉXICO, S. DE R.L. DE C.V.",Chihuahua,2027,Industria Limpia
999,"CFE GENERACIÓN IV EPS, (CENTRAL HIDROELÉCTRICA LA AMISTAD)",Coahuila,2027,Industria Limpia
1000,"CFE DISTRIBUCIÓN, GERENCIA CENTRO ORIENTE, ZONA TULANCINGO, SUBESTACIÓN TULANCINGO",Hidalgo,2027,Calidad Ambiental
1001,"CFE DISTRIBUCIÓN, GERENCIA CENTRO ORIENTE, ZONA PACHUCA, SUBESTACIÓN PARQUE INDUSTRIAL REFORMA",Hidalgo,2027,Calidad Ambiental
1002,"CFE DISTRIBUCIÓN, GERENCIA CENTRO ORIENTE, ZONA TULANCINGO, SUBESTACIÓN VALLE TULANCINGO",Hidalgo,2027,Calidad Ambiental
1003,CFE GENERACIÓN III EPS (CENTRAL CICLO COMBINADO EMPALME I Y II),Sonora,2027,Industria Limpia
1004,"CFE DISTRIBUCIÓN, GERENCIA SURESTE, ZONA TUXTLA, SUBESTACIONES: GRIJALVA, INDEPENDENCIA, LA GARZA, OCOZOCOAUTLA, REAL DEL BOSQUE, TUXTLA SUR, VILLAFLORES DOS, CINTALAPA, SOYALÓ Y TUXTLA NORTE",Chiapas,2027,Calidad Ambiental
1005,"CFE DISTRIBUCIÓN, GERENCIA VALLE DE MÉXICO SUR, ZONA VOLCANES, SUBESTACIÓN AGUA VIVA",México,2027,Calidad Ambiental
1006,"MERCEDES-BENZ MÉXICO, S. DE R. L. DE C. V. (EDIFICIO CORPORATIVO)",Cd. de México / Zmvm,2027,Calidad Ambiental
1007,"DHL METROPOLITAN LOGISTICS SC MÉXICO, S.A. DE C.V. (SAN LUIS POTOSÍ)",San Luis Potosi,2027,Calidad Ambiental
1008,"AUTOWELT, S.A. DE C.V. (BMW CULIACÁN)",Sinaloa,2027,Calidad Ambiental
1009,"PREMIER CHEVROLET, S.A.DE C.V.",Sinaloa,2027,Calidad Ambiental
1010,"GILL INDUSTRIES OF MÉXICO, S. DE R.L. DE C.V. PLANTA QUERÉTARO",Queretaro,2027,Industria Limpia
1011,"TELÉFONOS DE MÉXICO, S.A.B. DE C.V., TRIARA.COM",Queretaro,2027,Calidad Ambiental
1012,TRIBUNAL ELECTORAL DEL PODER JUDICIAL DE LA FEDERACIÓN (SALA REGIONAL DE LA CIUDAD DE MÉXICO),Cd. de México / Zmvm,2027,Calidad Ambiental
1013,"MAGNEKON, S.A. DE C.V. (PLANTA 2)",Nuevo León,2027,Industria Limpia
1014,"MANTENIMIENTO INTEGRAL FINSA, S.A. DE C.V. (PARQUE INDUSTRIAL FINSA MONTERREY)",Nuevo León,2027,Calidad Ambiental
1015,"RECUBRIMIENTOS INTERCERAMIC, S.A. DE C.V., PLANTA 4",Chihuahua,2027,Industria Limpia
1016,"OPERACIÓN Y MANUFACTURA INTERCERAMIC, S.A. DE C.V. PLANTA 5 Y 7",Chihuahua,2027,Industria Limpia
1017,"OPERACIÓN Y MANUFACTURA INTERCERAMIC, S.A. DE C.V. PLANTA 8 Y 9",Chihuahua,2027,Industria Limpia
1018,"CLUB NAUTICO DE TOPOLOBAMPO, A.C.",Sinaloa,2027,Calidad Ambiental Turistica
1019,"CFE TRANSMISIÓN, GERENCIA ORIENTE, ZONA CÓRDOBA, SUBESTACIONES OJO DE AGUA Y AMATLÁN DOS.",Veracruz,2027,Calidad Ambiental
1020,"GRUPO POSADAS, S.A.B. DE C.V. (HOTEL GRAND FIESTA AMERICANA CHAPULTEPEC)",Cd. de México / Zmvm,2027,Calidad Ambiental Turistica
1021,"CFE DISTRIBUCIÓN, GERENCIA CENTRO ORIENTE, ZONA PACHUCA (SUBESTACIÓN ATOTONILCO)",Hidalgo,2027,Calidad Ambiental
1022,"CFE DISTRIBUCIÓN, GERENCIA NOROESTE, ZONA MAZATLÁN, SUBESTACIONES VILLA UNIÓN, ROSARIO Y PIAXTLA",Sinaloa,2027,Calidad Ambiental
1023,"CFE DISTRIBUCIÓN, GERENCIA CENTRO SUR, ZONA ZIHUATANEJO, SUBESTACIÓN SAN LUIS SAN PEDRO.",Guerrero,2027,Calidad Ambiental
1024,"CFE TRANSMISIÓN GERENCIA REGIONAL DE TRANSMISIÓN VALLE DE MÉXICO, ZONA DE TRANSMISIÓN VALLE DE MÉXICO SUR, SUBESTACIÓN CULHUACÁN",Cd. de México / Zmvm,2027,Calidad Ambiental
1025,"CFE TRANSMISIÓN GERENCIA REGIONAL DE TRANSMISIÓN VALLE DE MÉXICO, ZONA DE TRANSMISIÓN VALLE DE MÉXICO SUR, SUBESTACIÓN NARVARTE",Cd. de México / Zmvm,2027,Calidad Ambiental
1026,"BEBIDAS MUNDIALES, S. DE R.L. DE C.V. PLANTA CIEL",Coahuila,2027,Industria Limpia
1027,"CFE TRANSMISIÓN, GERENCIA REGIONAL DE TRANSMISIÓN VALLE DE MÉXICO, ZONA DE TRANSMISIÓN VALLE DE MÉXICO CENTRO, SUBESTACIÓN MORALES",Cd. de México / Zmvm,2027,Calidad Ambiental
1028,"CFE DISTRIBUCIÓN, DIVISIÓN CENTRO SUR, ZONA ZIHUATANEJO, SUBESTACIONES: ZIHUATANEJO II Y TÉCPAN",Guerrero,2027,Calidad Ambiental
1029,"GORA CORPORATIVO EMPRESARIAL, S.A. DE C.V.",Tlaxcala,2027,Calidad Ambiental
1030,"LUBRICANTES FUCHS DE MÉXICO, S.A. DE C.V.",Queretaro,2027,Industria Limpia
1031,"CFE DISTRIBUCIÓN, GERENCIA CENTRO OCCIDENTE, ZONA ZAMORA, SUBESTACIONES LINDA VISTA Y PUERTA GRANDE",Michoacan,2027,Calidad Ambiental
1032,"PANOVO ALIMENTARIA, S. DE R.L. DE C.V.",Jalisco,2027,Industria Limpia
1033,"INDUSTRIAS FRIGUS THERME, S.A. DE C.V.",Queretaro,2027,Industria Limpia
1034,"POSEIDON SHIP S SUPPLIER, S.A. DE C.V.",Michoacan,2027,Calidad Ambiental
1035,"CFE TRANSMISIÓN, ZONA DE TRANSMISIÓN LAGUNA (SUBESTACIONES ELÉCTRICAS NAZAS, GOMEZ PALACIO Y LERDO)",Durango,2027,Calidad Ambiental
1036,"ELECTRÓNICA REYNOSA, S. DE R.L. DE C.V.",Tamaulipas,2027,Industria Limpia
1037,"CFE DISTRIBUCIÓN, GERENCIA NOROESTE, ZONA MAZATLÁN, SUBESTACIONES ESCUINAPA, AEROPUERTO, TECNOLÓGICO, MARINA, MAZATLÁN CENTRO Y DEL MAR",Sinaloa,2027,Calidad Ambiental
1038,"CFE TRANSMISIÓN, ZONA DE TRANSMISIÓN LAGUNA (SUBESTACIONES TORREÓN SUR Y ANDALUCÍA)",Coahuila,2027,Calidad Ambiental
1039,"PROPIMEX, S. DE R.L. DE C.V. (CENTRO DE DISTRIBUCIÓN IGUALA)",Guerrero,2027,Calidad Ambiental
1040,"COMISIÓN FEDERAL DE ELECTRICIDAD, SUBDIRECCIÓN DE GENERACIÓN, CRP NOROESTE, CENTRAL HIDROELÉCTRICA 27 DE SEPTIEMBRE (EL FUERTE)",Sinaloa,2027,Industria Limpia
1041,"UNIVERSIDAD LA SALLE, A.C. UNIDAD I CONDESA, UNIDAD II CONDESA, FACULTAD MEXICANA DE MEDICINA",Cd. de México / Zmvm,2027,Calidad Ambiental
1042,"FÁBRICA NACIONAL DE LIJA, S.A. DE C.V. PLANTA II",Cd. de México / Zmvm,2027,Industria Limpia
1043,"EFFEM MÉXICO INC. Y COMPAĄÍA, S. EN N.C. DE C.V. (MARS MÉXICO PLANTA QUERÉTARO)",Queretaro,2027,Industria Limpia
1044,"CFE DISTRIBUCIÓN, GERENCIA CENTRO OCCIDENTE, ZONA MORELIA, SUBESTACIÓN QUINCEO",Michoacan,2027,Calidad Ambiental
1045,INSTITUTO NACIONAL DE ESTADÍSTICA Y GEOGRAFÍA (COMPLEJO SEDE DEL INEGI),Aguascalientes,2027,Calidad Ambiental
1046,"PROTEÍNA ANIMAL, S.A. DE C.V. (CEPRO CENTRO DE PROCESAMIENTO)",Jalisco,2027,Industria Limpia
1047,"MANTENIMIENTO INTEGRAL FINSA, S.A. DE C.V. (PARQUE INDUSTRIAL FINSA AGUASCALIENTES)",Aguascalientes,2027,Calidad Ambiental
1048,"CFE DISTRIBUCIÓN, GERENCIA CENTRO SUR, ZONA ATLACOMULCO, SUBESTACIÓN SAN FRANCISCO DE LOS REYES",Michoacan,2027,Calidad Ambiental
1049,"CFE DISTRIBUCIÓN, GERENCIA BAJÍO, ZONA SAN JUAN DEL RÍO, SUBESTACIÓN CORONEO",Guanajuato,2027,Calidad Ambiental
1050,"CFE DISTRIBUCIÓN, GERENCIA CENTRO ORIENTE, ZONA TULA, SUBESTACIÓN PARQUE INDUSTRIAL TEPEJI",Hidalgo,2027,Calidad Ambiental
1051,"CFE DISTRIBUCIÓN, GERENCIA CENTRO ORIENTE, ZONA TULA, SUBESTACIÓN SANTIAGO TLAUTLA",Hidalgo,2027,Calidad Ambiental
1052,"CFE DISTRIBUCIÓN, GERENCIA CENTRO ORIENTE, ZONA PACHUCA, SUBESTACIÓN HIDALGO",Hidalgo,2027,Calidad Ambiental
1053,"CFE DISTRIBUCIÓN, GERENCIA PENINSULAR, ZONA TIZIMIN, SUBESTACIÓN HOLBOX",Quintana Roo,2027,Calidad Ambiental
1054,"LEONI CABLE, S.A. DE C.V.",Chihuahua,2027,Industria Limpia
1055,"CONVERTORS DE MÉXICO, S. DE R.L. DE C.V. (PLANTA I)",Chihuahua,2027,Industria Limpia
1056,"M&G POLÍMEROS MÉXICO, S.A. DE C.V.",Tamaulipas,2027,Industria Limpia
1057,"INGENIO SAN FRANCISCO AMECA, S.A. DE C.V.",Jalisco,2027,Industria Limpia
1058,"LEAR MEXICAN TRIM OPERATIONS, S. DE R.L DE C.V., PLANTA ASCENSION",Chihuahua,2027,Industria Limpia
1059,"CFE DISTRIBUCIÓN, GERENCIA GOLFO CENTRO, ZONA HUEJUTLA, SUBESTACIONES CRUZ DE ATAQUE Y MOLANGO",Hidalgo,2027,Calidad Ambiental
1060,"CFE DISTRIBUCIÓN, GERENCIA NORTE, ZONA PARRAL, SUBESTACIONES: VILLA LÓPEZ, BOLÍVAR Y SANTIAGO UNO",Chihuahua,2027,Calidad Ambiental
1061,"CFE DISTRIBUCIÓN, GERENCIA NORTE, ZONA DURANGO SUBESTACIONES: CANATLÁN DOS, GUADALUPE VICTORIA UNO Y SANTIAGO PAPASQUIARO",Durango,2027,Calidad Ambiental
1062,"CFE DISTRIBUCIÓN, GERENCIA NORTE, ZONA CHIHUAHUA, SUBESTACIÓN OJINAGA.",Chihuahua,2027,Calidad Ambiental
1063,"FORD MOTOR COMPANY, S.A. DE C.V., PLANTA DE ENSAMBLE DE BATERIAS",Cd. de México / Zmvm,2027,Industria Limpia
1064,"CFE DISTRIBUCIÓN, GERENCIA NORTE, ZONA CUAUHTÉMOC, SUBESTACIÓN NICOLÁS BRAVO",Chihuahua,2027,Calidad Ambiental
1065,"CFE DISTRIBUCIÓN, GERENCIA GOLFO CENTRO, ZONA HUEJUTLA, SUBESTACIÓN HUEJUTLA II.",Hidalgo,2027,Calidad Ambiental
1066,"CFE DISTRIBUCIÓN, GERENCIA GOLFO CENTRO, ZONA TAMPICO, SUBESTACIONES OZULUAMA, NARANJOS, PANUCO Y LINDA VISTA II",Veracruz,2027,Calidad Ambiental
1067,"CFE DISTRIBUCIÓN, GERENCIA NORTE, ZONA DURANGO, SUBESTACIÓN QUINCE DE OCTUBRE",Durango,2027,Calidad Ambiental
1068,"CFE DISTRIBUCIÓN, GERENCIA NORTE, ZONA CHIHUAHUA, SUBESTACIONES: CONCORDIA, TABALAOPA, ALDAMA, CAROLINAS, COMPLEJO INDUSTRIAL, FUENTES MARES, HACIENDAS, OCAMPO, PALOMAR, CHIHUAHUA PLANTA, CHIHUAHUA PONIENTE, NUEVA HOLANDA, OASIS, ROBINSON, TRES HERMANOS Y EL TRÉBOL",Chihuahua,2027,Calidad Ambiental
1069,"MOLINO HARINERO SAN BLAS, S.A. DE C.V.",Puebla,2027,Industria Limpia
1070,"GALLETERA ITALIANA, S.A. DE C.V.",Puebla,2027,Industria Limpia
1071,"USG MÉXICO, S.A. DE C.V., PLANTA PUEBLA",Puebla,2027,Industria Limpia
1072,"RASSINI FRENOS, S.A. DE C.V.",Puebla,2027,Industria Limpia
1073,"AUTOLIV STEERING WHEELS MÉXICO, S. DE R.L. DE C.V. (PLANTA AQW)",Queretaro,2027,Industria Limpia
1074,"MÁS LIMPIO, S.A. DE C.V.",Jalisco,2027,Calidad Ambiental
1075,"LEAR MEXICAN TRIM OPERATIONS, S. DE R.L DE C.V., PLANTA SAN FELIPE",Guanajuato,2027,Industria Limpia
1076,"ALEN DEL NORTE, S.A. DE C.V. (PLANTA QUERÉTARO)",Queretaro,2027,Industria Limpia
1077,"NESTLÉ MÉXICO, S.A. DE C.V. (PLANTA QUERÉTARO)",Queretaro,2027,Industria Limpia
1078,"CFE DISTRIBUCIÓN, GERENCIA BAJÍO, ZONA SALVATIERRA, SUBESTACIONES ACÁMBARO, OJO SECO, URIANGATO, GUARAPO, JARAL DEL PROGRESO, SALVATIERRA Y TARANDACUAO.",Guanajuato,2027,Calidad Ambiental
1079,"ECOFIBRAS PONDEROSA, S.A. DE C.V. (CENTRO DE ACOPIO SAN NICOLAS TEQUISQUIAPAN)",Queretaro,2027,Calidad Ambiental
1080,"OMNILIFE MANUFACTURA, S.A. DE C.V.",Jalisco,2027,Industria Limpia
1081,"CFE GENERACIÓN VI EPS, CENTRAL HIDROELÉCTRICA (ÁNGEL ALBINO CORZO (PEĄITAS))",Chiapas,2027,Industria Limpia
1082,"PETRÓLEOS MEXICANOS (CLÍNICA DE PRIMER NIVEL, CIUDAD DEL CARMEN)",Campeche,2027,Calidad Ambiental
1083,"LEAR ELECTRICAL SYSTEMS DE MÉXICO, S. DE R.L. DE C.V., PLANTA TRIUNFO",Chihuahua,2027,Industria Limpia
1084,"YOLI DE ACAPULCO, S. DE R.L. DE C.V. (PLANTA CAYACO)",Guerrero,2027,Industria Limpia
1085,"SCHWABE MÉXICO, S.A. DE C.V. (PLANTA XOCHITEPEC)",Morelos,2027,Industria Limpia
1086,"CFE DISTRIBUCIÓN, GERENCIA VALLE DE MÉXICO SUR ZONA UNIVERSIDAD SUBESTACIÓN SAN ANDRÉS",Cd. de México / Zmvm,2027,Calidad Ambiental
1087,"HARMAN DE MÉXICO, S. DE R.L. DE C.V. (PLANTA II)",Chihuahua,2027,Industria Limpia
1088,"COMERCIALIZADORA DE LÁCTEOS Y DERIVADOS, S.A. DE C.V. (PLANTA MÉXICO)",Cd. de México / Zmvm,2027,Industria Limpia
1089,"CFE TRANSMISIÓN, GERENCIA ORIENTE, ZONA XALAPA, SUBESTACIÓN CUYOACO MANIOBRAS",Puebla,2027,Calidad Ambiental
1090,"ENVASES UNIVERSALES DE MÉXICO, S.A.P.I. DE C.V. PLANTA MORELIA",Michoacan,2027,Industria Limpia
1091,"PRAXAIR MÉXICO, S. DE R.L. DE C.V. (PLANTA TOLUCA).",México,2027,Industria Limpia
1092,"CERVECERÍA CUAUHTÉMOC MOCTEZUMA, S.A. DE C.V. GUADALAJARA",Jalisco,2027,Industria Limpia
1093,"PROTEÍNA ANIMAL, S.A. DE C.V. (MOLDEADORA)",Jalisco,2027,Industria Limpia
1094,"PROTEÍNA ANIMAL, S.A. DE C.V. (CORRUGADOS)",Jalisco,2027,Industria Limpia
1095,"CFE DISTRIBUCIÓN, GERENCIA BAJÍO, ZONA CELAYA, SUBESTACIONES AMISTAD BAJÍO, APASEO ORIENTE, CELAYA SUR, CORTÁZAR, HACIENDA, APASEO, CELAYA UNO, CELAYA PONIENTE, CHIPILO, DOLORES HIDALGO, FIPE SAN MIGUEL, LA CALIFORNIA, SAN FELIPE, SAN MIGUEL DE ALLENDE Y EMPALME ESCOBEDO",Guanajuato,2027,Calidad Ambiental
1096,"CFE GENERACIÓN II EPS, CENTRAL HIDROELÉCTRICA AGUAMILPA - SOLIDARIDAD",Nayarit,2027,Industria Limpia
1097,"SCHÜTZ ELSA, S.A. DE C.V. (PLANTA TULTITLÁN I)",Cd. de México / Zmvm,2027,Industria Limpia
1098,"CFE GENERACIÓN II EPS, CENTRAL HIDROELÉCTRICA JUMATÁN",Nayarit,2027,Industria Limpia
1099,CFE GENERACIÓN I EPS (CENTRAL HIDROELÉCTRICA COLOTLIPA),Guerrero,2027,Industria Limpia
1100,"CFE DISTRIBUCIÓN, GERENCIA NOROESTE, ZONA CULIACÁN, SUBESTACIONES CULIACÁN CENTRO, JAIME SEVILLA POYASTRO, TRES RIOS, CULIACÁN ORIENTE, MILENIUM Y CULIACÁN NORTE",Sinaloa,2027,Calidad Ambiental
1101,"CFE DISTRIBUCIÓN, GERENCIA SURESTE, ZONA SAN CRISTÓBAL, SUBESTACIÓN FRONTERA COMALAPA",Chiapas,2027,Calidad Ambiental
1102,"CFE DISTRIBUCIÓN, GERENCIA SURESTE, ZONA TAPACHULA, SUBESTACIONES BELISARIO DOMÍNGUEZ Y TAPACHULA",Chiapas,2027,Calidad Ambiental
1103,"CFE DISTRIBUCIÓN, GERENCIA SURESTE, ZONA LOS RÍOS, SUBESTACIÓN PALENQUE",Chiapas,2027,Calidad Ambiental
1104,"CFE TRANSMISIÓN, GERENCIA ORIENTE, ZONA XALAPA, SUBESTACIÓN MAZATEPEC",Puebla,2027,Calidad Ambiental
1105,"CFE GENERACIÓN I EPS, CENTRAL HIDROELÉCTRICA GRAL. AMBROSIO FIGUEROA ""LA VENTA""",Guerrero,2027,Industria Limpia
1106,"CFE DISTRIBUCIÓN, GERENCIA NORTE, ZONA CASAS GRANDES, SUBESTACIONES LA SALADA, MONTEVERDE Y VADO SANTA MARÍA",Chihuahua,2027,Calidad Ambiental
1107,"CFE DISTRIBUCIÓN, GERENCIA NORTE, ZONA DELICIAS, SUBESTACIÓN KILÓMETRO OCHENTA Y OCHO",Chihuahua,2027,Calidad Ambiental
1108,"CFE DISTRIBUCIÓN, GERENCIA NORTE, ZONA CUAUHTÉMOC, SUBESTACIÓN RUÍZ CORTINES",Chihuahua,2027,Calidad Ambiental
1109,"CFE DISTRIBUCIÓN, GERENCIA NOROESTE, ZONA GUASAVE, SUBESTACIONES GUASAVE, BAMOA Y SALVADOR ALVARADO",Sinaloa,2027,Calidad Ambiental
1110,"CFE DISTRIBUCIÓN GERENCIA NOROESTE, ZONA MAZATLAN, SUBESTACIONES MAZATLAN NORTE Y VENADILLO",Sinaloa,2027,Calidad Ambiental
1111,"HBPO MÉXICO, S.A. DE C.V., PLANTA PUEBLA",Puebla,2027,Industria Limpia
1112,"PROTEÍNA ANIMAL, S.A. DE C.V. (TERMOFORMADOS)",Jalisco,2027,Industria Limpia
1113,"PROTEÍNA ANIMAL, S.A. DE C.V. (PLANTA DE ALIMENTOS)",Jalisco,2027,Industria Limpia
1114,"PROTEÍNA ANIMAL, S.A. DE C.V. (ADMINISTRACIÓN AMBIENTAL)",Jalisco,2027,Calidad Ambiental
1115,"MULTIPAK, S.A. DE C.V., PLANTA SAN LUIS",San Luis Potosi,2027,Industria Limpia
1116,"BIMBO, S.A. DE C.V. PLANTA MARINELA MÉXICO",Cd. de México / Zmvm,2027,Industria Limpia
1117,"CFE DISTRIBUCIÓN, GERENCIA NOROESTE, ZONA GUASAVE, SUBESTACIONES HERNANDO VILLAFAĄE Y LEYVA SOLANO",Sinaloa,2027,Calidad Ambiental
1118,"CFE DISTRIBUCIÓN, GERENCIA NOROESTE, ZONA GUAYMAS, SUBESTACIONES FÁTIMA, EMPALME, MORELOS Y SAN CARLOS",Sonora,2027,Calidad Ambiental
1119,"CFE DISTRIBUCIÓN, GERENCIA NOROESTE, ZONA OBREGÓN, SUBESTACIONES OBREGÓN UNO Y CIUDAD OBREGÓN DOS",Sonora,2027,Calidad Ambiental
1120,"CONSORCIO INDUSTRIAL MEXICANO DE AUTOPARTES, S. DE R.L. DE C.V., PLANTA RAMOS ARIZPE II",Coahuila,2027,Industria Limpia
1121,"CFE DISTRIBUCIÓN, GERENCIA NOROESTE, ZONA OBREGÓN SUBESTACIONES VALLE DEL YAQUI, VALLE DEL YAQUI DOS, VICAM Y BANDERAS",Sonora,2027,Calidad Ambiental
1122,"CFE DISTRIBUCIÓN, GERENCIA NOROESTE, ZONA GUAYMAS, SUBESTACIÓN CENTINELA",Sonora,2027,Calidad Ambiental
1123,"CFE DISTRIBUCIÓN, GERENCIA NOROESTE, ZONA CABORCA, SUBESTACIONES ANTIMONIO, SAHUARO Y LLANO BLANCO",Sonora,2027,Calidad Ambiental
1124,"CFE DISTRIBUCIÓN, GERENCIA NOROESTE, ZONA NOGALES, SUBESTACIONES AGUA PRIETA Y NOGALES",Sonora,2027,Calidad Ambiental
1125,"CFE DISTRIBUCIÓN, GERENCIA DE DISTRIBUCIÓN PENINSULAR, ZONA CAMPECHE, SUBESTACIÓN CANDELARIA II",Campeche,2027,Calidad Ambiental
1126,"MULTIPAK, S.A. DE C.V., PLANTA TLAXCALA",Tlaxcala,2027,Industria Limpia
1127,"VIBRACOUSTIC DE MÉXICO, S.A. DE C.V. (PLANTA QUERÉTARO)",Queretaro,2027,Industria Limpia
1128,"COSMETIC COLORS, S.A. DE C.V.",México,2027,Industria Limpia
1129,"AEROPUERTO DE MÉRIDA, S.A. DE C.V.",Yucatán,2027,Calidad Ambiental
1130,"AEROPUERTO DE VILLAHERMOSA, S.A. DE C.V.",Tabasco,2027,Calidad Ambiental
1131,"ALAMBRADOS Y CIRCUITOS ELÉCTRICOS, S. DE R.L. DE C.V. (PLANTA VI)",Chihuahua,2027,Industria Limpia
1132,"ALEN DEL NORTE, S.A. DE C.V. PLANTA VILLAHERMOSA",Tabasco,2027,Industria Limpia
1133,"CFE DISTRIBUCIÓN, GERENCIA NOROESTE, ZONA NOGALES, SUBESTACIONES INDUSTRIAL SAN CARLOS Y LUIS DONALDO COLOSIO",Sonora,2027,Calidad Ambiental
1134,"CFE DISTRIBUCIÓN, GERENCIA NOROESTE, ZONA HERMOSILLO, SUBESTACIONES BAGOTES, HERMOSILLO MISIÓN, HERMOSILLO CERESO, DYNATECH, ROLANDO GARCÍA URREA, HERMOSILLO DOS, HERMOSILLO SEIS, HERMOSILLO SIETE, HERMOSILLO OCHO Y RÍO SONORA",Sonora,2027,Calidad Ambiental
1135,"CFE DISTRIBUCIÓN, GERENCIA NOROESTE, ZONA HERMOSILLO, SUBESTACIONES HERMOSILLO UNO, OASIS, PARQUE INDUSTRIAL HERMOSILLO NORTE, SUBESTACIÓN SIETE, SUBESTACIÓN DIEZ, COLINAS, SUBESTACIÓN DOS, SANTA INES, SUBESTACIÓN CUATRO Y VIĄEDOS",Sonora,2027,Calidad Ambiental
1136,"CFE DISTRIBUCIÓN, GERENCIA GOLFO CENTRO, ZONA MANTE, SUBESTACIONES AZTECAS, LIBRAMIENTO Y XICOTÉNCATL II",Tamaulipas,2027,Calidad Ambiental
1137,"CFE DISTRIBUCIÓN, GERENCIA GOLFO CENTRO, ZONA VICTORIA, SUBESTACIONES BARRETAL, JIMENEZ, NUEVO SANTANDER Y SOTO LA MARINA",Tamaulipas,2027,Calidad Ambiental
1138,"CFE DISTRIBUCIÓN, GERENCIA GOLFO CENTRO, ZONA VICTORIA, SUBESTACIONES TIERRA NUEVA, VICTORIA Y ESTRELLA",Tamaulipas,2027,Calidad Ambiental
1139,"CFE DISTRIBUCIÓN, GERENCIA NOROESTE, ZONA HERMOSILLO, SUBESTACIONES PUEBLITOS, PORTALES, QUIROGA, SUBESTACIÓN OCHO, SUBESTACIÓN UNO, BAHÍA KINO, SUBESTACIÓN TRES, SUBESTACIÓN CINCO, SUBESTACIÓN SEIS Y SUBESTACIÓN NUEVE.",Sonora,2027,Calidad Ambiental
1140,"CFE DISTRIBUCIÓN, GERENCIA NOROESTE, ZONA NOGALES, SUBESTACIÓN NOGALES NORTE.",Sonora,2027,Calidad Ambiental
1141,"MANTENIMIENTO INTEGRAL FINSA, S.A. DE C.V. (PARQUE INDUSTRIAL FINSA PUEBLA i)",Puebla,2027,Calidad Ambiental
1142,"CFE DISTRIBUCIÓN, GERENCIA CENTRO OCCIDENTE, ZONA JIQUILPAN, SUBESTACIONES JIQUILPAN, SAHUAYO, SAN JOSÉ DE GRACIA, VENUSTIANO CARRANZA.",Michoacan,2027,Calidad Ambiental
1143,"KIRCHHOFF AUTOMOTIVE MÉXICO, S.A. DE C.V.",Queretaro,2027,Industria Limpia
1144,"AS MAQUILA MÉXICO, S. DE R.L. DE C.V. (PLANTA AGUASCALIENTES)",Aguascalientes,2027,Industria Limpia
1145,"CFE DISTRIBUCIÓN, GERENCIA CENTRO OCCIDENTE, ZONA ZACAPU SUBESTACIONES ANGAMACUTIRO DOS, PURÚANDIRO, VILLA JIMÉNEZ Y ZACAPU",Michoacan,2027,Calidad Ambiental
1146,TRIBUNAL ELECTORAL DEL PODER JUDICIAL DE LA FEDERACIÓN (SALA REGIONAL GUADALAJARA),Jalisco,2027,Calidad Ambiental
1147,"GEN INDUSTRIAL S.A. DE C.V., CARP AGUASCALIENTES",Aguascalientes,2027,Calidad Ambiental
1148,"OPERADORA DE HOSPITALES ÁNGELES, S.A. DE C.V., SUCURSAL LOMAS",Cd. de México / Zmvm,2027,Calidad Ambiental
1149,"ELECTRICIDAD SOL DE TUXPAN, S. DE R.L. DE C.V. CENTRAL DE CICLO COMBINADO TUXPAN V, (EST)",Veracruz,2027,Industria Limpia
1150,"IBERDROLA RENOVABLES NOROESTE, S.A. DE C.V.",Sonora,2027,Industria Limpia
1151,"AMIGOS DEL DESIERTO DE COAHUILA, A.C.",Coahuila,2027,Calidad Ambiental Turistica
1152,"SERVICIO NACIONAL DE SANIDAD, INOCUIDAD Y CALIDAD AGROALIMENTARIA ""PLANTA CRÍA ESTERILIZACIÓN DE MOSCAS DE LA FRUTA Y PARASITOIDES (MOSCAFRUT)",Chiapas,2027,Industria Limpia
1153,"NOVA PACK, S.A. DE C.V.",Morelos,2027,Industria Limpia
1154,CFE GENERACIÓN I EPS SISTEMA HIDROELÉCTRICO MIGUEL ALEMAN C.H. SANTA BÁRBARA/C.H.TINGAMBATO,México,2027,Industria Limpia
1155,"FOL-MEX, S.A. DE C.V.",Cd. de México / Zmvm,2027,Industria Limpia
1156,"MANTENIMIENTO INTEGRAL FINSA, S.A. DE C.V. (PARQUE INDUSTRIAL FINSA NUEVO LAREDO)",Tamaulipas,2027,Calidad Ambiental
1157,"CONSORCIO INDUSTRIAL MEXICANO DE AUTOPARTES, S. DE R.L. DE C.V., PLANTA HERMOSILLO",Sonora,2027,Industria Limpia
1158,"TECNOLOGÍA DE MOCIÓN CONTROLADA, S. DE R.L. DE C.V.",Chihuahua,2027,Industria Limpia
1159,"CFE DISTRIBUCIÓN, GERENCIA CENTRO OCCIDENTE, ZONA APATZINGÁN, SUBESTACIONES ANTÚNEZ, APATZINGÁN, INGUARÁN, LA HUACANA, LOMBARDIA, NUEVA ITALIA, PRADERA, TEPALCATEPEC, VALLE VERDE.",Michoacan,2027,Calidad Ambiental
1160,"FRITOS TOTIS, S.A. DE C.V. (PLANTA UNO)",Hidalgo,2027,Industria Limpia
1161,"CFE DISTRIBUCIÓN, GERENCIA CENTRO OCCIDENTE, ZONA URUAPAN, SUBESTACIONES CHARAPÁN, CONDEMBARO, LA ESPERANZA, MIRADOR, PARACHO DOS, TARETÁN, URUAPAN TRES.",Michoacan,2027,Calidad Ambiental
1162,"AEROPUERTO DE MAZATLÁN, S.A. DE C.V.",Sinaloa,2027,Calidad Ambiental
1163,"COMERCIALIZADORA LA JUNTA, S.A. DE C.V.",Colima,2027,Calidad Ambiental
1164,"CFE DISTRIBUCIÓN, GERENCIA CENTRO OCCIDENTE, ZONA APATZINGÁN, SUBESTACIONES COALCOMÁN, CRUCERO, DESCANSADERO, PINZÁNDARO.",Michoacan,2027,Calidad Ambiental
1165,ABB ELECTRICAL CONTROL SYSTEMS S. DE R.L. DE C.V. PLANTA NOGALES,Sonora,2027,Industria Limpia
1166,"CERVECERÍA YUCATECA, S. DE R.L. DE C.V.",Yucatán,2027,Industria Limpia
1167,"MANTENIMIENTO INTEGRAL FINSA, S.A. DE C.V. (PARQUE INDUSTRIAL FINSA PUEBLA II)",Puebla,2027,Calidad Ambiental
1168,"IBERDROLA COGENERACIÓN ALTAMIRA, S.A. DE C.V.",Tamaulipas,2027,Industria Limpia
1169,"CFE DISTRIBUCIÓN, GERENCIA NOROESTE, ZONA CULIACÁN, SUBESTACIONES CULIACÁN LIBRAMIENTO, NAVOLATO, QUILA Y SANALONA",Sinaloa,2027,Calidad Ambiental
1170,VITALMEX COMERCIAL S.A. DE C.V.,Morelos,2027,Industria Limpia
1171,"GRUPO AVIMARCA, S.A. DE C.V. (DIVISIÓN PLANTA PROCESADORA DE AVES)",Chiapas,2027,Industria Limpia
1172,"ALAMBRADOS Y CIRCUITOS ELÉCTRICOS, S. DE R.L. DE C.V. (PLANTA XVII)",Sinaloa,2027,Industria Limpia
1173,"COMERCIALIZADORA DE LÁCTEOS Y DERIVADOS, S.A. DE C.V. (PLANTA TIZAYUCA)",Hidalgo,2027,Industria Limpia
1174,"DON DIEGO SOLAR, S.A.P.I. DE C.V.",Sonora,2027,Industria Limpia
1175,"PARQUES ECOLÓGICOS DE MÉXICO, S.A. DE C.V.",Oaxaca,2027,Industria Limpia
1176,"CFE TRANSMISIÓN GERENCIA REGIONAL DE TRANSMISIÓN VALLE DE MÉXICO ZONA DE TRANSMISIÓN VALLE DE MÉXICO CENTRO, SUBESTACIÓN OTUMBA",México,2027,Calidad Ambiental
1177,"MECHANICS & TOOLS, S.A..DE C.V.",Morelos,2027,Industria Limpia
1178,"CAPSUGEL DE MÉXICO, S. DE R.L. DE C.V.",Puebla,2027,Industria Limpia
1179,"ALTECSA, S.A. DE C.V.",Tlaxcala,2027,Industria Limpia
1180,"FÁBRICAS MONTERREY, S.A. DE C.V. PLANTA TOLUCA",México,2027,Industria Limpia
1181,"ASOCIACIÓN ESTRATÉGICA AMBIENTAL Y LABORAL, S.A. DE C.V. (OSCAR CONSULTORES)",Jalisco,2027,Calidad Ambiental
1182,"RESINAS SINTÉTICAS, S.A. DE C.V.",Michoacan,2027,Industria Limpia
1183,"THOR QUIMICOS DE MÉXICO, S.A. DE C.V.",Queretaro,2027,Industria Limpia
1184,"AEROPUERTO DE MORELIA, S.A. DE C.V.",Michoacan,2027,Calidad Ambiental
1185,"OPERADORA TURÍSTICA VICTORIA, S.A. DE C.V. (GRAND FIESTA AMERICANA QUERÉTARO)",Queretaro,2027,Calidad Ambiental Turistica
1186,"COOPER-STANDARD AUTOMOTIVE SERVICES, S. DE R.L. DE C.V. (PLANTA AGUASCALIENTES)",Aguascalientes,2027,Industria Limpia
1187,"CORPORACIÓN DEL BALSAS, S.A. DE C.V. (MUELLE DE METALES Y MINERALES)",Michoacan,2027,Calidad Ambiental
1188,"GILL INDUSTRIES OF MÉXICO, S. DE R.L. DE C.V. PLANTA NAUCALPAN",Cd. de México / Zmvm,2027,Industria Limpia
1189,"PROCTER & GAMBLE MANUFACTURING MÉXICO, S. DE R.L. DE C.V. - PLANTA ALCE BLANCO",Cd. de México / Zmvm,2027,Industria Limpia
1190,"EÓLICA DOS ARBOLITOS, S.A. DE C.V.",Oaxaca,2027,Industria Limpia
1191,"AEROPUERTO DE HUATULCO, S.A. DE C.V.",Oaxaca,2027,Calidad Ambiental
1192,"AEROPUERTO DE COZUMEL, S.A. DE C.V.",Quintana Roo,2027,Calidad Ambiental
1193,"CFE GENERACIÓN II EPS, PRESA REGULADORA SAN RAFAEL",Nayarit,2027,Calidad Ambiental
1194,"FÁBRICA DE HARINAS ELIZONDO, S.A. DE C.V., PLANTA POLANCO",Cd. de México / Zmvm,2027,Industria Limpia
1195,"PALETAS MARA, S.A. DE C.V.",Zacatecas,2027,Industria Limpia
1196,"MULTISUR, S.A. DE C.V. (TERMINAL GRANELERA)",Yucatán,2027,Calidad Ambiental
1197,"AEROPUERTO DE ZIHUATANEJO, S.A. DE C.V.",Guerrero,2027,Calidad Ambiental
1198,"BONAFONT, S.A. DE C.V. (PLANTA VILLAHERMOSA)",Tabasco,2027,Industria Limpia
1199,"EMBOTELLADORA MEXICANA DE BEBIDAS REFRESCANTES, S. DE R.L. DE C.V. PLANTA SABINO",Cd. de México / Zmvm,2027,Industria Limpia
1200,"CFE TRANSMISIÓN, GERENCIA NOROESTE, ZONA MAZATLÁN, SUBESTACIONES MAZATLÁN DOS Y HABAL",Sinaloa,2027,Calidad Ambiental
1201,"COMISIÓN FEDERAL DE ELECTRICIDAD, SUBDIRECCIÓN DE DISTRIBUCIÓN, GERENCIA GOLFO NORTE, ZONA SALTILLO, SUBESTACIÓN CAPELLANÍA",Coahuila,2027,Calidad Ambiental
1202,"COMISIÓN FEDERAL DE ELECTRICIDAD, SUBDIRECCIÓN DE DISTRIBUCIÓN, GERENCIA GOLFO NORTE, ZONA SABINAS, SUBESTACIÓN BAJÍO",Coahuila,2027,Calidad Ambiental
1203,"COMISIÓN FEDERAL DE ELECTRICIDAD, SUBDIRECCIÓN DE DISTRIBUCIÓN, GERENCIA GOLFO NORTE, ZONA SABINAS, SUBESTACIÓN MINERA",Coahuila,2027,Calidad Ambiental
1204,"COMISIÓN FEDERAL DE ELECTRICIDAD, SUBDIRECCIÓN DE DISTRIBUCIÓN, GERENCIA GOLFO NORTE, ZONA SABINAS, SUBESTACIÓN SABINAS",Coahuila,2027,Calidad Ambiental
1205,"COMISIÓN FEDERAL DE ELECTRICIDAD, SUBDIRECCIÓN DE DISTRIBUCIÓN, GERENCIA GOLFO NORTE, ZONA NUEVO LAREDO, SUBESTACIÓN FALCÓN",Tamaulipas,2027,Calidad Ambiental
1206,"ESPAMEX DISTRIBUCIONES Y REPRESENTACIONES, S.A. DE C.V. (CEDINAL), CENTRO DE DISTRIBUCIÓN NACIONAL",Tlaxcala,2027,Calidad Ambiental
1207,"CONSORCIO INDUSTRIAL MEXICANO DE AUTOPARTES, S. DE R.L. DE C.V., PLANTA PANZACOLA",Tlaxcala,2027,Industria Limpia
1208,"CFE DISTRIBUCIÓN, GERENCIA CENTRO OCCIDENTE, ZONA MORELIA, SUBESTACIONES TARIMBARO, CUITZEO, MORELOS, MORELIA NORTE, AEROPUERTO, ABASTOS, MORELIA INDUSTRIAL, PEDREGAL, CUITZILLOS Y TRIGUILLOS",Michoacan,2027,Calidad Ambiental
1209,"INTIMARK, S. DE R.L DE C.V",México,2027,Industria Limpia
1210,"CFE DISTRIBUCION, GERENCIA BAJIO, ZONA QUERÉTARO, SUBESTACIONES SAN JOSÉ ITURBIDE Y LA SOLEDAD",Guanajuato,2027,Calidad Ambiental
1211,"CFE DISTRIBUCIÓN, GERENCIA CENTRO OCCIDENTE, ZONA ZAMORA, SUBESTACIONES ARBOLEDAS, GUASCUARO, IXTLÁN, JACONA, PERIBÁN, PURÉPERO, ZAMORA",Michoacan,2027,Calidad Ambiental
1212,"CFE DISTRIBUCION, GERENCIA BAJIO, ZONA QUERÉTARO, SUBESTACIONES LA GRIEGA, QUERÉTARO INDUSTRIAL, QUERÉTARO MANIOBRAS, QUERÉTARO SUR, SAN ILDEFONSO, SATÉLITE, TEPEYAC, CIMATARIO, AEROESPACIAL, MICRO PARQUE, BUENAVISTA NORTE Y MARQUÉS ORIENTE",Queretaro,2027,Calidad Ambiental
1213,CFE GENERACIÓN VI CENTRAL HIDROELÉCTRICA BELISARIO DOMÍNGUEZ (ANGOSTURA),Chiapas,2027,Industria Limpia
1214,"COMPAĄÍA MINERA PITALLA, S.A. DE C.V. (UNIDAD LA COLORADA)",Sonora,2027,Industria Limpia
1215,"BIMBO, S.A. DE C.V. PLANTA SANTA MARÍA",Cd. de México / Zmvm,2027,Industria Limpia
1216,"CELULOSA Y CORRUGADOS DE SONORA, S.A. DE C.V. (PLANTA NAVOJOA)",Sonora,2027,Industria Limpia
1217,"COMISIÓN FEDERAL DE ELECTRICIDAD, SUBDIRECCIÓN DE GENERACIÓN, CRP SURESTE, CENTRAL TURBOGAS NIZUC",Quintana Roo,2027,Industria Limpia
1218,"FÁBRICA DE PAPEL SAN FRANCISCO, S.A. DE C.V. (PLANTA CONVERSIÓN MEXICALI)",Baja California,2027,Industria Limpia
1219,"COMISIÓN FEDERAL DE ELECTRICIDAD, SUBDIRECCIÓN DE GENERACIÓN, CRP SURESTE, CENTRAL TURBOGAS CHANKANAAB",Quintana Roo,2027,Industria Limpia
1220,"BEBIDAS MUNDIALES, S. DE R.L. DE C.V. PLANTA LA FAVORITA",Jalisco,2027,Industria Limpia
1221,"CFE TRANSMISIÓN, ZONA DE TRANSMISIÓN CAMARGO (SUBESTACIONES ELÉCTRICAS, FRANCISCO VILLA, CAMARGO DOS, MESTEĄAS Y SANTIAGO DOS)",Chihuahua,2027,Calidad Ambiental
1222,CFE. GENERACIÓN VI CENTRAL HIDROELÉCTRICA BOMBANÁ,Chiapas,2027,Industria Limpia
1223,"COMISIÓN FEDERAL DE ELECTRICIDAD, SUBDIRECCIÓN DE TRANSMISIÓN, GERENCIA NOROESTE, ZONA CULIACÁN, SUBESTACIONES CULIACÁN TRES, CULIACÁN POTENCIA, LA HIGUERA, GUAMÚCHIL DOS Y CULIACÁN PONIENTE",Sinaloa,2027,Calidad Ambiental
1224,"CFE DISTRIBUCIÓN, GERENCIA BAJÍO, ZONA SAN JUAN DEL RÍO, SUBESTACIÓN SAN JUAN MANIOBRAS",Queretaro,2027,Calidad Ambiental
1225,"CFE DISTRIBUCIÓN, GERENCIA BAJÍO, ZONA SAN JUAN DEL RÍO, SUBESTACIÓN EZEQUIEL MONTES",Queretaro,2027,Calidad Ambiental
1226,"MOTORES HERMÉTICOS DEL SUR, S. DE R.L. DE C.V.",Tamaulipas,2027,Industria Limpia
1227,"CFE GENERACIÓN I EPS, CENTRAL HIDROELÉCTRICA INFIERNILLO",Michoacan,2027,Industria Limpia
1228,"COMISIÓN FEDERAL DE ELECTRICIDAD, SUBDIRECCIÓN DE DISTRIBUCIÓN, GERENCIA GOLFO NORTE, ZONA PIEDRAS NEGRAS, SUBESTACIÓN ALLENDE DOS",Coahuila,2027,Calidad Ambiental
1229,"COMISIÓN FEDERAL DE ELECTRICIDAD, SUBDIRECCIÓN DE DISTRIBUCIÓN, GERENCIA GOLFO NORTE, ZONA PIEDRAS NEGRAS, SUBESTACIÓN PARQUE INDUSTRIAL ACUĄA",Coahuila,2027,Calidad Ambiental
1230,"COMISIÓN FEDERAL DE ELECTRICIDAD, SUBDIRECCIÓN DE DISTRIBUCIÓN, GERENCIA GOLFO NORTE, ZONA PIEDRAS NEGRAS, SUBESTACIÓN PUENTE INTERNACIONAL",Coahuila,2027,Industria Limpia
1231,"COMISIÓN FEDERAL DE ELECTRICIDAD, SUBDIRECCIÓN DE DISTRIBUCIÓN, GERENCIA GOLFO NORTE, ZONA MONCLOVA, SUBESTACIÓN ALTAMIRANO",Coahuila,2027,Calidad Ambiental
1232,"COMISIÓN FEDERAL DE ELECTRICIDAD, SUBDIRECCIÓN DE DISTRIBUCIÓN, GERENCIA GOLFO NORTE, ZONA MONCLOVA, SUBESTACIÓN REGIDORES",Coahuila,2027,Calidad Ambiental
1233,"CFE DISTRIBUCIÓN, GERENCIA DE DISTRIBUCIÓN PENINSULAR, ZONA CANCÚN, SUBESTACIÓN POKTAPOK",Quintana Roo,2027,Calidad Ambiental
1234,"CFE DISTRIBUCIÓN, GERENCIA DE DISTRIBUCIÓN PENINSULAR, ZONA CANCÚN, SUBESTACIÓN CANEK",Quintana Roo,2027,Calidad Ambiental
1235,"CFE DISTRIBUCIÓN, GERENCIA DE DISTRIBUCIÓN PENINSULAR, ZONA CANCÚN, SUBESTACIÓN CHAAC",Quintana Roo,2027,Calidad Ambiental
1236,"CFE DISTRIBUCIÓN, GERENCIA DE DISTRIBUCIÓN PENINSULAR, ZONA CANCÚN, SUBESTACIÓN HUNABKU",Quintana Roo,2027,Calidad Ambiental
1237,"CFE DISTRIBUCIÓN, GERENCIA DE DISTRIBUCIÓN PENINSULAR, ZONA CANCÚN, SUBESTACIÓN IXCHEL",Quintana Roo,2027,Calidad Ambiental
1238,"CFE DISTRIBUCIÓN, GERENCIA CENTRO SUR, ZONA CHILPANCINGO, SUBESTACIONES: TLAPA NUEVA, OLINALÁ Y LA VENTA",Guerrero,2027,Calidad Ambiental
1239,"CFE DISTRIBUCIÓN, GERENCIA CENTRO SUR, ZONA CHILPANCINGO, SUBESTACIONES: AYUTLA, TIXTLA, MALINALTEPEC Y HUAMUXTITLÁN",Guerrero,2027,Calidad Ambiental
1240,"CFE DISTRIBUCIÓN, DIVISIÓN CENTRO SUR, ZONA ACAPULCO, SUBESTACIÓN POZO RANNEY",Guerrero,2027,Calidad Ambiental
1241,"COMISIÓN FEDERAL DE ELECTRICIDAD, SUBDIRECCIÓN DE DISTRIBUCIÓN, GERENCIA GOLFO NORTE, ZONA NUEVO LAREDO, SUBESTACIÓN CAMPESTRE",Tamaulipas,2027,Calidad Ambiental
1242,"COMISIÓN FEDERAL DE ELECTRICIDAD, SUBDIRECCIÓN DE DISTRIBUCIÓN, GERENCIA GOLFO NORTE, ZONA NUEVO LAREDO, SUBESTACIÓN NUEVO LAREDO",Tamaulipas,2027,Calidad Ambiental
1243,"COMISIÓN FEDERAL DE ELECTRICIDAD, SUBDIRECCIÓN DE DISTRIBUCIÓN, GERENCIA GOLFO NORTE, ZONA NUEVO LAREDO, SUBESTACIÓN LAREDO PONIENTE",Tamaulipas,2027,Calidad Ambiental
1244,"COMISIÓN FEDERAL DE ELECTRICIDAD, SUBDIRECCIÓN DE DISTRIBUCIÓN, GERENCIA GOLFO NORTE, ZONA PIEDRAS NEGRAS, SUBESTACIÓN MICARE",Coahuila,2027,Calidad Ambiental
1245,"CFE DISTRIBUCIÓN, GERENCIA NOROESTE, ZONA MAZATLÁN SUBESTACIONES MAZATLÁN ORIENTE Y MAZATLÁN UNO",Sinaloa,2027,Calidad Ambiental
